timestamp,location_name,location_lat,location_lon,co,no2,o3,pm10,pm25,so2,aqi,aqi_category,hour,day,month,year,day_of_week,is_weekend
2019-01-01 00:00:00,Delhi,28.7041,77.1025,0.5980891802439249,24.94365524301736,18.0815070529734,108.2818324003468,75.1961476712714,4.378213484678169,221.62966967848283,Poor,0,1,1,2019,1,0
2019-01-01 00:00:00,Faridabad,28.4089,77.3178,1.093697802935388,5.69982079205866,53.68613435543248,56.26006918456834,42.70928353072605,6.4936859317703695,137.18095347709394,Moderate,0,1,1,2019,1,0
2019-01-01 00:00:00,Ghaziabad,28.6692,77.4538,0.4207697342822589,19.419562951655905,34.96734011165356,82.84293401348911,59.29544932210001,4.4232599053389325,205.05946824092527,Poor,0,1,1,2019,1,0
2019-01-01 00:00:00,Gurgaon,28.4595,77.0266,0.7068154475523865,30.58500926594734,35.87484733181425,117.01528158883536,75.43555344652817,7.511786675127016,221.8791556969083,Poor,0,1,1,2019,1,0
2019-01-01 00:00:00,Noida,28.5355,77.391,0.5421181694784022,23.62627065830784,39.401077549370655,116.20883641502476,68.84363589181751,6.828320000262478,215.00968371884142,Poor,0,1,1,2019,1,0
2019-01-01 01:00:00,Delhi,28.7041,77.1025,1.040468209089457,21.877823579170744,55.54746777643031,110.22672196546463,65.45183609298093,5.780109917386304,211.47507129689592,Poor,1,1,1,2019,1,0
2019-01-01 01:00:00,Faridabad,28.4089,77.3178,0.5026390912406324,34.907142337275346,52.47334197166655,122.9005071760418,75.91563284225839,3.857022101282584,222.37944896193244,Poor,1,1,1,2019,1,0
2019-01-01 01:00:00,Ghaziabad,28.6692,77.4538,1.0898365737924762,24.3947711774821,45.162662698669095,83.24077645101863,46.89560922558279,7.097479827673099,157.9032656666348,Moderate,1,1,1,2019,1,0
2019-01-01 01:00:00,Gurgaon,28.4595,77.0266,0.1858328806110964,14.238962468446534,55.3438945872141,84.26131736679471,59.8946688760275,6.14605648567093,205.68391809186025,Poor,1,1,1,2019,1,0
2019-01-01 01:00:00,Noida,28.5355,77.391,0.8740495120062907,17.281890117674152,35.15117487727945,137.21327261777594,88.61195962173713,8.803485397352967,235.61035792159976,Poor,1,1,1,2019,1,0
2019-01-01 02:00:00,Delhi,28.7041,77.1025,0.435430713737114,24.01498281381036,19.36456983054504,44.680994732366855,24.225843486598123,4.823612178284281,76.60112524971402,Satisfactory,2,1,1,2019,1,0
2019-01-01 02:00:00,Faridabad,28.4089,77.3178,1.2331971951306315,34.85773646636636,50.212088732846574,94.53601438661664,58.17541324464457,4.115659270533924,203.89227274968223,Poor,2,1,1,2019,1,0
2019-01-01 02:00:00,Ghaziabad,28.6692,77.4538,0.1598833966612735,18.777694169160792,47.66618262658418,146.54602236480727,82.973857881857,0.0,229.734862424251,Poor,2,1,1,2019,1,0
2019-01-01 02:00:00,Gurgaon,28.4595,77.0266,0.7710876761858534,32.89996384180603,49.30584446812546,125.91832879480503,68.49114732991804,7.099303334749616,214.642353533283,Poor,2,1,1,2019,1,0
2019-01-01 02:00:00,Noida,28.5355,77.391,0.7602258184189661,21.11351639502053,37.12758680361414,85.12023622651363,49.100857346382696,6.062124468421379,168.81924386459434,Moderate,2,1,1,2019,1,0
2019-01-01 03:00:00,Delhi,28.7041,77.1025,0.6414051265233288,46.650005852459664,49.05248822182654,106.66173429296832,65.05699726999539,6.407424823000056,211.06360768136364,Poor,3,1,1,2019,1,0
2019-01-01 03:00:00,Faridabad,28.4089,77.3178,0.5193527430652188,29.16537871732798,60.90855732941409,108.59320472422289,74.74964141940995,4.241707187746215,221.1643631633851,Poor,3,1,1,2019,1,0
2019-01-01 03:00:00,Ghaziabad,28.6692,77.4538,0.7985728230603221,40.65715974026736,62.41162111967551,76.02628416478353,47.14112506482946,6.677272066231652,159.11856907090583,Moderate,3,1,1,2019,1,0
2019-01-01 03:00:00,Gurgaon,28.4595,77.0266,0.2076199953646769,41.73092781055644,35.602488579263664,102.8399574868034,56.58258455616245,2.2692821820425784,202.23237759010613,Poor,3,1,1,2019,1,0
2019-01-01 03:00:00,Noida,28.5355,77.391,0.7424492943829271,25.20699326295233,59.05654314996813,131.15537833641605,95.64357011941928,6.06853241851453,242.93803622971063,Poor,3,1,1,2019,1,0
2019-01-01 04:00:00,Delhi,28.7041,77.1025,0.6342658065429015,45.78218414877944,47.74192800211476,113.30456686890972,70.50670103619929,9.329313459194402,216.7427726587761,Poor,4,1,1,2019,1,0
2019-01-01 04:00:00,Faridabad,28.4089,77.3178,0.746967475863861,30.12592702320902,68.8602746017109,110.266831026065,82.57423659111521,7.044746238922782,229.318414973899,Poor,4,1,1,2019,1,0
2019-01-01 04:00:00,Ghaziabad,28.6692,77.4538,1.0893310478848148,42.33168880697104,70.0074617268534,65.88059609181065,51.91575836428081,5.672276574183634,182.75300390319,Moderate,4,1,1,2019,1,0
2019-01-01 04:00:00,Gurgaon,28.4595,77.0266,1.0062031913265876,33.34005440319547,44.68281804846089,75.68428940558256,66.35386746025486,4.417539536970411,212.4150829322656,Poor,4,1,1,2019,1,0
2019-01-01 04:00:00,Noida,28.5355,77.391,1.0419503410636723,34.37225315426635,40.90403113778709,119.03469846344376,72.15790848623556,6.406905027353599,218.46350463302443,Poor,4,1,1,2019,1,0
2019-01-01 05:00:00,Delhi,28.7041,77.1025,0.816862899183609,41.1972015969667,62.70255939176637,140.55897809900978,86.09571512694914,6.883921118043162,232.9881662901891,Poor,5,1,1,2019,1,0
2019-01-01 05:00:00,Faridabad,28.4089,77.3178,0.5087922432713545,45.34393962234709,55.46950622767006,116.67626787160115,68.61497698411804,5.051387081306423,214.77139706765985,Poor,5,1,1,2019,1,0
2019-01-01 05:00:00,Ghaziabad,28.6692,77.4538,1.060704026453251,39.56365176262916,65.14138065597663,86.87611973882811,68.69168546613652,1.3265644374265966,214.85133538050016,Poor,5,1,1,2019,1,0
2019-01-01 05:00:00,Gurgaon,28.4595,77.0266,1.0809270230095889,37.620512500622034,51.43938450686915,95.93282260391184,56.44974157643099,8.327766819754865,202.0939412217544,Poor,5,1,1,2019,1,0
2019-01-01 05:00:00,Noida,28.5355,77.391,1.171927596319357,35.46768532339692,67.54049479125476,92.19373280694002,56.59420805061714,4.241535578730264,202.24449049485366,Poor,5,1,1,2019,1,0
2019-01-01 06:00:00,Delhi,28.7041,77.1025,0.9293400146863574,34.55091565644845,51.39683566431789,99.01474050662392,66.60632631605682,8.540331722211938,212.67817163462763,Poor,6,1,1,2019,1,0
2019-01-01 06:00:00,Faridabad,28.4089,77.3178,0.954856437726732,35.82924684404599,60.96043619331371,119.2252471785551,74.08047016474123,5.714643612452027,220.46701627694085,Poor,6,1,1,2019,1,0
2019-01-01 06:00:00,Ghaziabad,28.6692,77.4538,0.4578954276924558,38.37716325753291,77.02917849495458,109.8148288819685,68.02639174044577,5.60380321629462,214.15802928741192,Poor,6,1,1,2019,1,0
2019-01-01 06:00:00,Gurgaon,28.4595,77.0266,0.6346321381709259,33.3106952681356,60.045797528848425,127.82765419224948,77.13307625420289,4.383911709110508,223.6481531491167,Poor,6,1,1,2019,1,0
2019-01-01 06:00:00,Noida,28.5355,77.391,0.6634895316625963,48.99432532917638,66.02885354443895,67.97655308022837,48.08446121530581,5.290387303291749,163.78808301576376,Moderate,6,1,1,2019,1,0
2019-01-01 07:00:00,Delhi,28.7041,77.1025,1.0522510604941189,33.84307600925078,52.311431539040846,112.6334366690446,89.07449426460049,2.942878276758463,236.0923677073205,Poor,7,1,1,2019,1,0
2019-01-01 07:00:00,Faridabad,28.4089,77.3178,0.8809248687096728,50.21835356176955,75.00111915145801,84.55138604427614,73.76821100909663,4.7884197482498685,220.14160936737437,Poor,7,1,1,2019,1,0
2019-01-01 07:00:00,Ghaziabad,28.6692,77.4538,0.9482131209540182,28.156640070677945,36.63120925495418,105.7851147920829,66.93891241895042,3.2368087924598705,213.02476136290625,Poor,7,1,1,2019,1,0
2019-01-01 07:00:00,Gurgaon,28.4595,77.0266,0.6654613639035809,42.5436888193771,46.575442481030265,82.0427549163219,54.94932238874329,2.9265415587839807,197.7691458242793,Moderate,7,1,1,2019,1,0
2019-01-01 07:00:00,Noida,28.5355,77.391,0.7713114481259375,19.685088742268032,21.977986110110592,59.10513580545698,43.18725152886807,5.692115752915679,139.54689506789694,Moderate,7,1,1,2019,1,0
2019-01-01 08:00:00,Delhi,28.7041,77.1025,0.6093871686020533,30.49306762662388,41.55403262132481,151.4154649564769,100.62472417075816,2.679026923800254,248.12892308321113,Poor,8,1,1,2019,1,0
2019-01-01 08:00:00,Faridabad,28.4089,77.3178,0.7832436074335329,24.2016567926924,55.174925484971546,67.66287783079818,42.3604157387788,6.466359549695256,135.45405790695506,Moderate,8,1,1,2019,1,0
2019-01-01 08:00:00,Ghaziabad,28.6692,77.4538,0.6693071490875163,43.72141948002336,49.28948300466136,120.73286088082084,79.3866095614,11.128833578414577,225.99657206924843,Poor,8,1,1,2019,1,0
2019-01-01 08:00:00,Gurgaon,28.4595,77.0266,1.240097074418048,42.48533083105431,80.35292260983324,58.67801306670651,40.00893040166659,9.41606900869801,123.81420548824963,Moderate,8,1,1,2019,1,0
2019-01-01 08:00:00,Noida,28.5355,77.391,0.2901004200891793,39.90001719665777,52.42303009917796,140.41638528367545,88.10741860862849,8.42940588014706,235.08457307636021,Poor,8,1,1,2019,1,0
2019-01-01 09:00:00,Delhi,28.7041,77.1025,0.4966335037745302,38.36183617745052,34.76202173625768,78.78960638647845,56.91682911348145,4.3394479848348055,202.58069560247014,Poor,9,1,1,2019,1,0
2019-01-01 09:00:00,Faridabad,28.4089,77.3178,1.0384038012906434,32.62400558112859,66.48346971950377,107.3891187882172,74.69812638455552,5.445175479753921,221.11067907443154,Poor,9,1,1,2019,1,0
2019-01-01 09:00:00,Ghaziabad,28.6692,77.4538,0.6915833181826652,34.70222531717462,46.17384077633113,74.81336880056783,45.09165226128248,4.19846189051836,148.9736786933483,Moderate,9,1,1,2019,1,0
2019-01-01 09:00:00,Gurgaon,28.4595,77.0266,0.4801808890990774,28.173208837136706,38.45890548430828,119.1492426326179,70.35219125166066,7.861920446592861,216.581757199099,Poor,9,1,1,2019,1,0
2019-01-01 09:00:00,Noida,28.5355,77.391,1.0827425918742923,18.98962295536064,40.69753653896987,94.0841500210033,57.61212001881496,8.346082899103761,203.30526191434402,Poor,9,1,1,2019,1,0
2019-01-01 10:00:00,Delhi,28.7041,77.1025,0.5773364235315626,25.96304601580926,48.05896292327394,95.9048138316622,68.61600064689293,2.712229693945564,214.77246383202527,Poor,10,1,1,2019,1,0
2019-01-01 10:00:00,Faridabad,28.4089,77.3178,0.7950496602177183,52.02561656893872,47.95509618055173,81.24027406262539,53.99002986094293,7.39030727637934,193.02064781166752,Moderate,10,1,1,2019,1,0
2019-01-01 10:00:00,Ghaziabad,28.6692,77.4538,0.5663009169451871,15.661265933130451,55.40518871294088,33.96459956397362,23.96253492033103,2.370221311760282,76.0497526109496,Satisfactory,10,1,1,2019,1,0
2019-01-01 10:00:00,Gurgaon,28.4595,77.0266,0.8117769584848685,24.300479207900896,56.3893854452926,94.06628231325752,60.49433875264806,6.13386674411348,206.30883722644379,Poor,10,1,1,2019,1,0
2019-01-01 10:00:00,Noida,28.5355,77.391,0.6937278391512822,33.92287683780327,36.57252712130499,69.74629629649431,51.30894985280812,9.70696845543854,179.7493017714002,Moderate,10,1,1,2019,1,0
2019-01-01 11:00:00,Delhi,28.7041,77.1025,0.3839996419786536,19.041983553117525,29.93396467699933,61.83547287963856,35.97728358685442,7.9108002833504,103.85755375492938,Moderate,11,1,1,2019,1,0
2019-01-01 11:00:00,Faridabad,28.4089,77.3178,0.6746995274885399,39.3052327570538,31.683572411462883,92.04674706191211,56.081352176020594,5.655360287854217,201.71004068869516,Poor,11,1,1,2019,1,0
2019-01-01 11:00:00,Ghaziabad,28.6692,77.4538,0.2790724671139853,35.864322002666114,55.65299053981039,51.4579713668629,50.39463715694311,3.56598272875342,175.22345392686842,Moderate,11,1,1,2019,1,0
2019-01-01 11:00:00,Gurgaon,28.4595,77.0266,0.1886233295248954,26.36201282104989,47.51078392557924,81.789451043208,66.21224421855185,8.125662131273016,212.2674966067014,Poor,11,1,1,2019,1,0
2019-01-01 11:00:00,Noida,28.5355,77.391,0.7828175943882371,39.99760528284652,57.10329567337434,51.56795799969729,35.906737415451495,6.568059215294928,103.5083502064849,Moderate,11,1,1,2019,1,0
2019-01-01 12:00:00,Delhi,28.7041,77.1025,0.3785674368233027,22.13292002638128,16.812697493054092,124.98920515142277,85.02712001808682,4.682174014258922,231.8745777030589,Poor,12,1,1,2019,1,0
2019-01-01 12:00:00,Faridabad,28.4089,77.3178,0.4740131754695182,42.42152680297413,49.569864111747634,100.9720465720922,59.64496687035365,5.888340154994995,205.42370231752645,Poor,12,1,1,2019,1,0
2019-01-01 12:00:00,Ghaziabad,28.6692,77.4538,0.8745467648726523,21.53287585709387,51.35188524307157,94.6473603101922,75.64352718470482,5.475068772848686,222.09588622406082,Poor,12,1,1,2019,1,0
2019-01-01 12:00:00,Gurgaon,28.4595,77.0266,0.4596087229293006,15.495670098955852,35.337202675207166,91.3036800382552,53.66132559317757,5.049858481907541,191.393561686229,Moderate,12,1,1,2019,1,0
2019-01-01 12:00:00,Noida,28.5355,77.391,0.791177355404136,14.18577038471799,52.00906128808211,96.71267286363975,63.52829694019864,3.852123431051065,209.47054102189122,Poor,12,1,1,2019,1,0
2019-01-01 13:00:00,Delhi,28.7041,77.1025,0.2828086400524562,41.4330676058432,42.91186284052836,104.73158937190225,74.88530389621786,3.664341923939321,221.30573774447967,Poor,13,1,1,2019,1,0
2019-01-01 13:00:00,Faridabad,28.4089,77.3178,0.3263828491203437,34.114044339231306,16.63434569338154,96.6083686776006,55.14112198401242,8.302883739302096,198.7185538208615,Moderate,13,1,1,2019,1,0
2019-01-01 13:00:00,Ghaziabad,28.6692,77.4538,0.3725648755437231,30.209537377882132,21.99427497959937,65.44257326108475,55.635053489932574,5.635103323687363,201.24495047898236,Poor,13,1,1,2019,1,0
2019-01-01 13:00:00,Gurgaon,28.4595,77.0266,0.3079401280924945,19.100098838471684,8.507873724517003,73.79744407052728,41.3244314308792,5.265811927812399,130.32593558285205,Moderate,13,1,1,2019,1,0
2019-01-01 13:00:00,Noida,28.5355,77.391,0.5375966500345654,22.08864457039358,16.36921880016998,86.92647367568469,64.09222820268427,6.318164924425718,210.05821675858675,Poor,13,1,1,2019,1,0
2019-01-01 14:00:00,Delhi,28.7041,77.1025,0.5267951969298879,10.715175194134371,17.02234535948349,95.75408414517864,57.5648449434544,3.19525065088474,203.25599630949458,Poor,14,1,1,2019,1,0
2019-01-01 14:00:00,Faridabad,28.4089,77.3178,0.4749743726167066,3.0981110019036264,48.52257010953872,83.96342806304504,55.70269801513415,4.768070525017189,201.31544319471874,Poor,14,1,1,2019,1,0
2019-01-01 14:00:00,Ghaziabad,28.6692,77.4538,0.6951388282968439,14.058212047766668,13.89013493045427,89.38227285101652,69.51893063102982,5.683337751113855,215.71341192075738,Poor,14,1,1,2019,1,0
2019-01-01 14:00:00,Gurgaon,28.4595,77.0266,0.5471864675578256,15.048678207977542,18.19066239099714,117.8823909401342,79.14560553749432,7.755297249673903,225.7454205074941,Poor,14,1,1,2019,1,0
2019-01-01 14:00:00,Noida,28.5355,77.391,0.4793043731411185,7.533238367693444,15.919220094810385,46.43384804895194,35.68240205903768,6.68805678718966,102.39789019223652,Moderate,14,1,1,2019,1,0
2019-01-01 15:00:00,Delhi,28.7041,77.1025,0.4854940527232994,9.66722959067508,10.560656850636034,91.11567670310995,64.21224074558938,4.498388829735518,210.18328246119316,Poor,15,1,1,2019,1,0
2019-01-01 15:00:00,Faridabad,28.4089,77.3178,0.4431306436132473,19.783818423165695,27.202300306894774,46.4299971872513,20.979525097298243,5.869187234803236,69.80327904989804,Satisfactory,15,1,1,2019,1,0
2019-01-01 15:00:00,Ghaziabad,28.6692,77.4538,0.5068782233738175,0.0,0.0,52.05350382367592,31.153078859768453,5.0977452754879575,91.10687453541257,Satisfactory,15,1,1,2019,1,0
2019-01-01 15:00:00,Gurgaon,28.4595,77.0266,0.6122149806979289,0.0,18.65937942195671,54.69131842638157,40.53162680387194,2.2826435902141378,126.40155267916609,Moderate,15,1,1,2019,1,0
2019-01-01 15:00:00,Noida,28.5355,77.391,0.1992654041872799,13.585018753864055,29.038948666331112,81.11949240922502,48.04609910903622,1.8528417393823975,163.5981905897293,Moderate,15,1,1,2019,1,0
2019-01-01 16:00:00,Delhi,28.7041,77.1025,0.3909450753766,0.0,0.0,67.21232727928943,37.60194521003614,2.986291159277741,111.89962878967891,Moderate,16,1,1,2019,1,0
2019-01-01 16:00:00,Faridabad,28.4089,77.3178,0.0121141241415092,4.707599341100602,27.762891948299917,83.65517491557179,51.185318346349305,7.253027704314411,179.13732581442906,Moderate,16,1,1,2019,1,0
2019-01-01 16:00:00,Ghaziabad,28.6692,77.4538,0.0,15.993904274933351,0.0,102.10412746558002,60.84634327643319,5.330394532947393,206.67566299333564,Poor,16,1,1,2019,1,0
2019-01-01 16:00:00,Gurgaon,28.4595,77.0266,0.5524694845362181,8.003284527036387,19.87266010920055,42.540643336871184,20.77054785508993,4.287494739349834,69.36567713245327,Satisfactory,16,1,1,2019,1,0
2019-01-01 16:00:00,Noida,28.5355,77.391,0.1132814043697481,17.08306420471641,11.948687962056711,37.53934576690138,25.202043390001773,4.330891589704114,78.6453045346191,Satisfactory,16,1,1,2019,1,0
2019-01-01 17:00:00,Delhi,28.7041,77.1025,0.4064275268309701,2.7077505010129848,8.32243860890803,54.83729685334515,48.32968748125348,5.30842496827903,165.0019530322047,Moderate,17,1,1,2019,1,0
2019-01-01 17:00:00,Faridabad,28.4089,77.3178,0.3770591589846613,21.24519573037454,22.59161228923831,13.213218451833232,15.694436948778716,8.957504833120234,58.73621412351098,Satisfactory,17,1,1,2019,1,0
2019-01-01 17:00:00,Ghaziabad,28.6692,77.4538,0.5857796167572628,11.583265215671226,6.277713067788073,70.09376184954859,41.72300880778048,7.321395085711855,132.2988935985134,Moderate,17,1,1,2019,1,0
2019-01-01 17:00:00,Gurgaon,28.4595,77.0266,0.1319461872972648,0.0,20.066863031425356,79.64252171641303,58.00540690490054,2.1796378614926555,203.71510824826478,Poor,17,1,1,2019,1,0
2019-01-01 17:00:00,Noida,28.5355,77.391,0.3832443287498541,12.1363771071787,15.758576285419444,94.86104093917211,57.82782607500036,6.971358602223262,203.53005033078986,Poor,17,1,1,2019,1,0
2019-01-01 18:00:00,Delhi,28.7041,77.1025,0.1991265158266169,2.0646451681871123,17.147537572078768,53.018100241397285,48.51866232617437,5.308502779351299,165.93737851456314,Moderate,18,1,1,2019,1,0
2019-01-01 18:00:00,Faridabad,28.4089,77.3178,0.13363182978865,7.023540268313842,9.192252536832047,87.1857478436947,55.03499870954133,3.0696152035803483,198.1932436122296,Moderate,18,1,1,2019,1,0
2019-01-01 18:00:00,Ghaziabad,28.6692,77.4538,0.0,0.0,18.114733692927825,135.08773544418418,69.51279713516807,7.127677774199489,215.70702017243832,Poor,18,1,1,2019,1,0
2019-01-01 18:00:00,Gurgaon,28.4595,77.0266,0.0,2.199203837955453,13.818082951962026,121.86508016932883,81.0727798716283,6.163803139277943,227.75373902411792,Poor,18,1,1,2019,1,0
2019-01-01 18:00:00,Noida,28.5355,77.391,0.2766171766368114,6.065851064037751,17.099258832721613,60.29197369961,40.70853363102529,9.970135657185768,127.2772414735752,Moderate,18,1,1,2019,1,0
2019-01-01 19:00:00,Delhi,28.7041,77.1025,0.8021776046727438,14.409612376313124,0.0,91.87052813976618,50.62826364919648,2.8131667887806167,176.37990506352259,Moderate,19,1,1,2019,1,0
2019-01-01 19:00:00,Faridabad,28.4089,77.3178,0.5415488004198787,11.442350564772592,23.23911369648789,54.20163955557656,37.044671236244085,4.426520057949681,109.14112261940822,Moderate,19,1,1,2019,1,0
2019-01-01 19:00:00,Ghaziabad,28.6692,77.4538,0.0555050412184878,7.182806065545239,12.839303681102642,115.26517915251112,55.20804510790949,3.59169097764402,199.049823284152,Moderate,19,1,1,2019,1,0
2019-01-01 19:00:00,Gurgaon,28.4595,77.0266,0.0065666505971719,2.0923182726632854,22.405727105734176,87.90349854144256,70.29423399199088,2.6678776616596718,216.52135963375892,Poor,19,1,1,2019,1,0
2019-01-01 19:00:00,Noida,28.5355,77.391,0.5390136337606304,0.0,0.0,42.903083321337576,31.79787762019211,3.0756570330930133,92.45709416194074,Satisfactory,19,1,1,2019,1,0
2019-01-01 20:00:00,Delhi,28.7041,77.1025,0.1156136995354739,0.0,19.90578118687344,91.19739667868087,49.99494611454398,8.281096833237868,173.2449832669927,Moderate,20,1,1,2019,1,0
2019-01-01 20:00:00,Faridabad,28.4089,77.3178,0.1134645192548366,6.123567423919637,0.0,45.62640903949183,42.567425368591465,3.51640904805489,136.47875557452775,Moderate,20,1,1,2019,1,0
2019-01-01 20:00:00,Ghaziabad,28.6692,77.4538,0.3712769993927862,3.9529025326242166,32.541339298638974,61.26440051782561,44.18103821379625,3.1717277241037927,144.46613915829144,Moderate,20,1,1,2019,1,0
2019-01-01 20:00:00,Gurgaon,28.4595,77.0266,0.1553626626732892,6.453381607908119,14.922422990599674,113.87751352190148,72.73674496508626,3.6461467362399222,219.06671317414254,Poor,20,1,1,2019,1,0
2019-01-01 20:00:00,Noida,28.5355,77.391,0.2467553502834599,17.375295609540075,15.155628872025384,67.09686304454752,50.42592470759714,4.271924467301709,175.37832730260584,Moderate,20,1,1,2019,1,0
2019-01-01 21:00:00,Delhi,28.7041,77.1025,0.4021813760505245,7.776247926563702,4.849176602209217,77.04027124485695,50.98613395659314,4.077628528143118,178.15136308513607,Moderate,21,1,1,2019,1,0
2019-01-01 21:00:00,Faridabad,28.4089,77.3178,0.1378437196982496,0.0,13.44874255281175,81.60074094030082,67.28082340250364,5.758913256689152,213.38106859839854,Poor,21,1,1,2019,1,0
2019-01-01 21:00:00,Ghaziabad,28.6692,77.4538,0.2126055774464772,0.5823449208650879,37.727459898885,45.51895432499807,31.007161277390257,8.534152325428353,90.80132062359499,Satisfactory,21,1,1,2019,1,0
2019-01-01 21:00:00,Gurgaon,28.4595,77.0266,0.172487864364279,13.748318966439406,38.012090637366185,50.40633607115481,39.70718997886664,5.500086959887861,122.32059039538986,Moderate,21,1,1,2019,1,0
2019-01-01 21:00:00,Noida,28.5355,77.391,0.1818990561433861,0.0,36.36448023459798,23.356622912074293,23.874437673930064,4.637261338154489,75.86527547105014,Satisfactory,21,1,1,2019,1,0
2019-01-01 22:00:00,Delhi,28.7041,77.1025,0.7553732062822736,14.277493230720856,24.43106166195861,83.60265411489587,55.77803620248821,7.1015301551052055,201.39395351627718,Poor,22,1,1,2019,1,0
2019-01-01 22:00:00,Faridabad,28.4089,77.3178,0.0,25.74267568802718,49.62466519049514,60.4591749722002,43.9963172901788,3.225734786786389,143.5517705863851,Moderate,22,1,1,2019,1,0
2019-01-01 22:00:00,Ghaziabad,28.6692,77.4538,0.2187083631012482,2.024349759897331,27.10745317983678,64.56372059320033,52.298255962621056,8.956136651219957,184.64636701497423,Moderate,22,1,1,2019,1,0
2019-01-01 22:00:00,Gurgaon,28.4595,77.0266,0.1191579249698296,16.93001381241695,19.62144836064681,71.0368753790203,49.45801542638989,1.7798149861694212,170.58717636062997,Moderate,22,1,1,2019,1,0
2019-01-01 22:00:00,Noida,28.5355,77.391,0.5205442871651578,7.712217671543877,18.410057647768124,34.355663949459384,31.500051505969893,7.23876519544232,91.83344118771473,Satisfactory,22,1,1,2019,1,0
2019-01-01 23:00:00,Delhi,28.7041,77.1025,0.2343556666445408,15.317307050749177,18.718412323591185,94.63120753396544,50.58178835353204,6.182905066655465,176.1498523499836,Moderate,23,1,1,2019,1,0
2019-01-01 23:00:00,Faridabad,28.4089,77.3178,0.7837241646533197,28.315613369986387,37.14897140184047,85.39868340235806,59.75403380309962,8.929455695276978,205.5373615421775,Poor,23,1,1,2019,1,0
2019-01-01 23:00:00,Ghaziabad,28.6692,77.4538,0.6049739225592617,9.41000352412853,36.702268101893786,89.2279279067314,47.342938415387465,6.447257840964231,160.11754515616798,Moderate,23,1,1,2019,1,0
2019-01-01 23:00:00,Gurgaon,28.4595,77.0266,0.3364642693387978,12.73919345509476,10.436767098232242,103.16154955347542,60.946318041614965,6.710717742604481,206.77984722231454,Poor,23,1,1,2019,1,0
2019-01-01 23:00:00,Noida,28.5355,77.391,0.5287753374184139,12.774126327397818,22.52331766809382,76.34998293611172,41.16961858012159,6.863321064351157,129.5596119716019,Moderate,23,1,1,2019,1,0
2019-01-02 00:00:00,Delhi,28.7041,77.1025,0.8404072720468887,14.20187273175673,18.1714555462855,100.82221012324948,72.20639364080097,5.016605488595001,218.51403126778206,Poor,0,2,1,2019,2,0
2019-01-02 00:00:00,Faridabad,28.4089,77.3178,0.7934059011761438,12.040312696152816,49.830078109373055,54.33549897027266,36.64337594566374,4.770086010150065,107.15471093103552,Moderate,0,2,1,2019,2,0
2019-01-02 00:00:00,Ghaziabad,28.6692,77.4538,0.4450045620460886,32.52468900535951,18.438952269140533,103.4540755497932,71.78426874208738,2.6136137018284704,218.07413268912262,Poor,0,2,1,2019,2,0
2019-01-02 00:00:00,Gurgaon,28.4595,77.0266,0.4635729987112013,17.75357335482767,28.82055663906469,111.9866103912866,64.56301360796824,8.206628239133074,210.54882470725113,Poor,0,2,1,2019,2,0
2019-01-02 00:00:00,Noida,28.5355,77.391,0.6273043195415132,30.745277478116765,45.388504161537,166.49600947644524,96.68982722343468,4.386962606097193,244.0283462644214,Poor,0,2,1,2019,2,0
2019-01-02 01:00:00,Delhi,28.7041,77.1025,0.9148621304549944,33.70372061453815,52.88181330636416,58.52555666236736,42.51773777758368,6.555451108220499,136.23280199903922,Moderate,1,2,1,2019,2,0
2019-01-02 01:00:00,Faridabad,28.4089,77.3178,0.4980795427881351,23.43232508211932,29.873778542991104,91.18880509564104,71.52914199319652,0.8938736165525036,217.80826376133112,Poor,1,2,1,2019,2,0
2019-01-02 01:00:00,Ghaziabad,28.6692,77.4538,1.00005444772083,18.99547482175625,51.61453921134921,87.19192720220293,72.01114079427276,8.311373706999932,218.31055724876848,Poor,1,2,1,2019,2,0
2019-01-02 01:00:00,Gurgaon,28.4595,77.0266,0.8043675347393072,22.434624029180128,52.95133270574948,129.912344823662,88.42836992755582,6.360822614342383,235.41903813503185,Poor,1,2,1,2019,2,0
2019-01-02 01:00:00,Noida,28.5355,77.391,0.4260387706767762,23.083656141459,42.14779604664441,70.97647712269416,58.17953017875602,6.330565629506179,203.89656302838785,Poor,1,2,1,2019,2,0
2019-01-02 02:00:00,Delhi,28.7041,77.1025,1.0668174088899085,14.360735296509962,51.99178134553966,126.44624485320855,72.80127866634291,6.031865455213477,219.13396408387314,Poor,2,2,1,2019,2,0
2019-01-02 02:00:00,Faridabad,28.4089,77.3178,0.742016607732648,23.3801072096891,40.88454328352719,67.33728805619435,45.6763336424588,4.676401596872256,151.86785153017107,Moderate,2,2,1,2019,2,0
2019-01-02 02:00:00,Ghaziabad,28.6692,77.4538,0.6548078460723284,39.202746417875,57.124878928167256,111.74169343690792,73.04709260875835,4.781304739640958,219.39012808702185,Poor,2,2,1,2019,2,0
2019-01-02 02:00:00,Gurgaon,28.4595,77.0266,1.0416121254020452,13.386319266749023,51.079153039478825,29.47391288563842,30.289702751239243,3.516238364470544,89.29895020558645,Satisfactory,2,2,1,2019,2,0
2019-01-02 02:00:00,Noida,28.5355,77.391,0.7083555417305405,34.64249380995794,54.32705488214707,83.26267851808437,47.21444648102747,8.439698489018133,159.48151008108601,Moderate,2,2,1,2019,2,0
2019-01-02 03:00:00,Delhi,28.7041,77.1025,0.5141587180633604,29.831061033083703,40.39147472190414,97.5843157986944,62.04010913438184,8.045934812908662,207.91969267688214,Poor,3,2,1,2019,2,0
2019-01-02 03:00:00,Faridabad,28.4089,77.3178,1.042997193881792,28.08630886388242,40.08919609456535,145.85454875630003,88.55049845714413,5.298122014455163,235.54630891849757,Poor,3,2,1,2019,2,0
2019-01-02 03:00:00,Ghaziabad,28.6692,77.4538,0.6875037630968368,47.89902947095428,57.37724348724448,113.66665698829848,81.44027602854085,6.313199037487214,228.1367087034268,Poor,3,2,1,2019,2,0
2019-01-02 03:00:00,Gurgaon,28.4595,77.0266,0.8983683489249737,26.35381159743785,63.65175530266869,86.59294643501387,64.42281232109383,7.421962794204134,210.40272020829778,Poor,3,2,1,2019,2,0
2019-01-02 03:00:00,Noida,28.5355,77.391,1.1721527659428506,14.827586032370034,51.85250715335359,54.91961061578825,35.38804680028086,6.778569641892665,99.97496979545993,Satisfactory,3,2,1,2019,2,0
2019-01-02 04:00:00,Delhi,28.7041,77.1025,1.0395354110389436,30.73554635773569,69.69814615446575,104.72665741663104,73.66079248831724,3.7317850252241462,220.02966796150955,Poor,4,2,1,2019,2,0
2019-01-02 04:00:00,Faridabad,28.4089,77.3178,0.8017211519161097,43.95100267301609,60.19288264584509,99.56716416539196,77.37773987807859,2.193203901789455,223.90311839926085,Poor,4,2,1,2019,2,0
2019-01-02 04:00:00,Ghaziabad,28.6692,77.4538,0.6363771247409827,32.176151870597415,39.175573346610136,133.74337369515973,92.75630008428296,1.929734806418144,239.92919692993698,Poor,4,2,1,2019,2,0
2019-01-02 04:00:00,Gurgaon,28.4595,77.0266,1.1098512046368227,35.651955306057594,47.26847831907739,129.86542537054245,75.09728402541533,5.731834877971783,221.52664335280124,Poor,4,2,1,2019,2,0
2019-01-02 04:00:00,Noida,28.5355,77.391,0.2724205636346849,29.222945583268377,63.87971424494916,93.83374771326343,69.23452043635261,7.640162734442496,215.4170265599885,Poor,4,2,1,2019,2,0
2019-01-02 05:00:00,Delhi,28.7041,77.1025,1.2538918544711062,42.93878210811913,55.50682901993496,112.10654039483651,74.00696368261136,5.9527612266756496,220.3904147850371,Poor,5,2,1,2019,2,0
2019-01-02 05:00:00,Faridabad,28.4089,77.3178,0.8718593244456562,45.41041984549422,41.74236247843958,127.0266216081088,76.03797689545483,6.887853033924669,222.5069443436845,Poor,5,2,1,2019,2,0
2019-01-02 05:00:00,Ghaziabad,28.6692,77.4538,1.1203110089241342,52.068135152093376,72.42948406819961,76.76357035068487,44.53033435516723,5.252802984452302,146.19515505807777,Moderate,5,2,1,2019,2,0
2019-01-02 05:00:00,Gurgaon,28.4595,77.0266,0.5866520556327444,39.97872338239407,57.82441472762239,118.03105506319096,68.2652126500704,8.576739950208239,214.4069058142839,Poor,5,2,1,2019,2,0
2019-01-02 05:00:00,Noida,28.5355,77.391,0.9664428596153144,49.79226908031277,35.20664276417759,62.43868912837053,48.66429597107824,6.637753727596076,166.6582650568373,Moderate,5,2,1,2019,2,0
2019-01-02 06:00:00,Delhi,28.7041,77.1025,1.0567297899499086,50.73312544100893,43.27004740313295,155.91131179467305,92.38143811225493,5.356391654912834,239.5385512959288,Poor,6,2,1,2019,2,0
2019-01-02 06:00:00,Faridabad,28.4089,77.3178,1.202963771322238,31.832666917546163,57.38388657983927,45.967614250411145,34.667739311239764,8.847615950905197,98.46663360045935,Satisfactory,6,2,1,2019,2,0
2019-01-02 06:00:00,Ghaziabad,28.6692,77.4538,0.7569033936075007,21.654239532944334,44.29299463514479,100.01578603326011,65.38352825241563,3.7081905683108056,211.40388733672788,Poor,6,2,1,2019,2,0
2019-01-02 06:00:00,Gurgaon,28.4595,77.0266,0.8156402297905144,29.43350932390988,64.59963803248898,172.4908564054462,111.70286174209208,6.432718398238632,259.67350855228545,Poor,6,2,1,2019,2,0
2019-01-02 06:00:00,Noida,28.5355,77.391,0.7995795783020586,43.68174814839605,49.60745923673368,102.56686379867236,74.90242772552669,4.944233697510486,221.3235825771278,Poor,6,2,1,2019,2,0
2019-01-02 07:00:00,Delhi,28.7041,77.1025,0.6015885367371248,43.46699757574822,56.66481252614575,94.20765056818075,63.477628195273226,11.253670886191632,209.41773885612685,Poor,7,2,1,2019,2,0
2019-01-02 07:00:00,Faridabad,28.4089,77.3178,0.655942260879874,35.28307279552514,63.19580964181168,121.69838894687456,85.62530250480506,7.879588544735918,232.49794682079687,Poor,7,2,1,2019,2,0
2019-01-02 07:00:00,Ghaziabad,28.6692,77.4538,0.5585589518584788,26.876966867382507,66.28355362998167,119.24078285079555,71.20169282763156,3.884573252358172,217.4670272624792,Poor,7,2,1,2019,2,0
2019-01-02 07:00:00,Gurgaon,28.4595,77.0266,1.0946020713797604,24.95390811165641,50.33114508714807,85.27254113022214,65.05114357889036,4.930973689638448,211.05750751905416,Poor,7,2,1,2019,2,0
2019-01-02 07:00:00,Noida,28.5355,77.391,0.982031744832866,53.10094262151747,47.86808857113844,101.14672290420982,77.5738805055512,4.671081619719127,224.10751757946915,Poor,7,2,1,2019,2,0
2019-01-02 08:00:00,Delhi,28.7041,77.1025,0.6472495131458371,35.186670096498936,49.70275842799974,100.82717058310728,66.36754229037976,9.07599731418978,212.42933354471154,Poor,8,2,1,2019,2,0
2019-01-02 08:00:00,Faridabad,28.4089,77.3178,0.8693858344028103,35.655454227818964,40.04151966838263,67.47874755536182,46.149270253588185,5.590695300481452,154.20888775526151,Moderate,8,2,1,2019,2,0
2019-01-02 08:00:00,Ghaziabad,28.6692,77.4538,0.7189116291824801,26.59269346228513,62.91572999619719,115.8604581886759,80.45429790114997,4.273400334764798,227.10921570751418,Poor,8,2,1,2019,2,0
2019-01-02 08:00:00,Gurgaon,28.4595,77.0266,0.5099057404944709,24.369168130989515,49.66606664197709,114.95616861020348,81.23352259087471,10.066887699893163,227.92124985785892,Poor,8,2,1,2019,2,0
2019-01-02 08:00:00,Noida,28.5355,77.391,0.724305487278135,47.74086829073424,45.68212438570945,121.49146754012986,76.76647525562862,6.6140719874570015,223.26611631902352,Poor,8,2,1,2019,2,0
2019-01-02 09:00:00,Delhi,28.7041,77.1025,0.5735922071157659,30.80753645962203,48.20223629648696,121.33352093062268,77.83729711333581,10.96663832667363,224.38202541284468,Poor,9,2,1,2019,2,0
2019-01-02 09:00:00,Faridabad,28.4089,77.3178,0.7590623173835424,41.26363808839356,64.36946680957469,106.8331800554568,61.47993921115036,6.880222945380605,207.33593665161985,Poor,9,2,1,2019,2,0
2019-01-02 09:00:00,Ghaziabad,28.6692,77.4538,0.9074054313284547,26.723820503506527,22.57376850549577,108.14781658409296,68.45530945876654,10.993024448834356,214.60500669913566,Poor,9,2,1,2019,2,0
2019-01-02 09:00:00,Gurgaon,28.4595,77.0266,1.1704080785554174,40.86190458410544,46.11553791519962,66.71546594393581,43.8152584781428,5.56051427683169,142.65552946680688,Moderate,9,2,1,2019,2,0
2019-01-02 09:00:00,Noida,28.5355,77.391,1.007298054384313,37.62992009844089,46.94435354082607,105.36592926395146,60.64721043106735,4.383245699759673,206.4681456071123,Poor,9,2,1,2019,2,0
2019-01-02 10:00:00,Delhi,28.7041,77.1025,0.4143878616895752,27.02462460130191,42.83839772206301,95.81956220422694,54.62830663380635,4.552333685404702,196.18011783734147,Moderate,10,2,1,2019,2,0
2019-01-02 10:00:00,Faridabad,28.4089,77.3178,0.6325513219695832,34.6766234592279,44.97682644263376,87.12456691715778,61.151718512445335,8.068287098623529,206.99389613402198,Poor,10,2,1,2019,2,0
2019-01-02 10:00:00,Ghaziabad,28.6692,77.4538,0.6741792615466315,24.54675224624125,38.24656449822061,82.92026301257599,57.14540268374997,5.597656883659743,202.81889332306577,Poor,10,2,1,2019,2,0
2019-01-02 10:00:00,Gurgaon,28.4595,77.0266,0.6312583538569349,44.31724056584559,38.91330620938982,114.09539056747248,76.74086143274688,5.603106318546424,223.23942401938885,Poor,10,2,1,2019,2,0
2019-01-02 10:00:00,Noida,28.5355,77.391,0.5967832049788131,27.683528901110694,66.37005801407528,129.4852708723193,80.58405369404693,6.548072179724733,227.24443490221734,Poor,10,2,1,2019,2,0
2019-01-02 11:00:00,Delhi,28.7041,77.1025,0.6945621127645994,32.87155118272712,27.4541274223779,96.25786175526754,67.45052936342448,4.675496826313195,213.5579200734634,Poor,11,2,1,2019,2,0
2019-01-02 11:00:00,Faridabad,28.4089,77.3178,0.704978657352151,34.02251035585599,34.34933159285334,92.69321259757352,75.40111369061938,5.47685241556994,221.84326584601388,Poor,11,2,1,2019,2,0
2019-01-02 11:00:00,Ghaziabad,28.6692,77.4538,0.5698353504939127,20.40327572697941,27.431142059591085,58.464383153609646,37.10873310924529,6.778076584272447,109.4582288907642,Moderate,11,2,1,2019,2,0
2019-01-02 11:00:00,Gurgaon,28.4595,77.0266,0.8720665473028166,23.65278659092867,49.17373911825332,161.37294100563344,111.77632506510034,5.190072712872723,259.75006506784143,Poor,11,2,1,2019,2,0
2019-01-02 11:00:00,Noida,28.5355,77.391,0.6083985347502844,23.36909627620066,27.227587923639785,83.32295622579288,59.76357132783541,8.532053928754607,205.54730064690216,Poor,11,2,1,2019,2,0
2019-01-02 12:00:00,Delhi,28.7041,77.1025,0.1575476400271599,27.707032078249185,31.427239100335047,44.30355139648348,28.10781279242966,3.458154327119753,84.73003533457492,Satisfactory,12,2,1,2019,2,0
2019-01-02 12:00:00,Faridabad,28.4089,77.3178,0.8981992888070294,23.172716042373708,36.32822388232418,107.93453335675176,78.21470241185854,7.273879827775322,224.7753214607789,Poor,12,2,1,2019,2,0
2019-01-02 12:00:00,Ghaziabad,28.6692,77.4538,0.8351945384823616,29.99230663799509,22.86623530654299,73.40551665395347,55.16862850549335,3.473789741621447,198.85471110219208,Moderate,12,2,1,2019,2,0
2019-01-02 12:00:00,Gurgaon,28.4595,77.0266,0.6027692783176449,29.032842675382746,37.00872159716272,90.30097001961131,63.00252282656481,8.656734432662082,208.9226290508412,Poor,12,2,1,2019,2,0
2019-01-02 12:00:00,Noida,28.5355,77.391,0.900901462042178,23.564711309737955,22.984781439433338,88.2915699243544,66.13706551494728,5.593825969442869,212.1891524839977,Poor,12,2,1,2019,2,0
2019-01-02 13:00:00,Delhi,28.7041,77.1025,0.3317692905097205,5.217805103077745,15.713013122014036,60.62831272433349,38.561576791326274,4.388885074235118,116.64980511706507,Moderate,13,2,1,2019,2,0
2019-01-02 13:00:00,Faridabad,28.4089,77.3178,0.7068270521990263,19.77362354267731,33.66900946702102,80.76801412924597,54.09455748025814,2.6997355239065577,193.5380595272778,Moderate,13,2,1,2019,2,0
2019-01-02 13:00:00,Ghaziabad,28.6692,77.4538,0.2208065911300632,15.894687084632569,44.1204377109277,79.84162694721229,55.03771389257809,4.405855516955449,198.20668376826154,Moderate,13,2,1,2019,2,0
2019-01-02 13:00:00,Gurgaon,28.4595,77.0266,0.3383987580521432,16.792477846791286,36.00388780098496,46.17077374672844,32.48112836641402,4.24315942587648,93.88783290402935,Satisfactory,13,2,1,2019,2,0
2019-01-02 13:00:00,Noida,28.5355,77.391,0.4920093032457135,20.795583008325607,32.49551109936877,50.71306073442768,39.84242427781248,7.487428051592464,122.9900001751718,Moderate,13,2,1,2019,2,0
2019-01-02 14:00:00,Delhi,28.7041,77.1025,0.0330709081660457,21.01894662830982,19.838816458738886,72.6735368398351,44.303434115174944,6.53486485853619,145.07199887011598,Moderate,14,2,1,2019,2,0
2019-01-02 14:00:00,Faridabad,28.4089,77.3178,0.4048732219894571,2.502113091015284,25.298047848058214,92.98482989638414,47.076569825687294,4.152542236313875,158.79902063715213,Moderate,14,2,1,2019,2,0
2019-01-02 14:00:00,Ghaziabad,28.6692,77.4538,0.4820688549741915,12.056227171903004,30.205566323100268,78.14639477893175,51.65059379335258,4.444862479498633,181.44043927709527,Moderate,14,2,1,2019,2,0
2019-01-02 14:00:00,Gurgaon,28.4595,77.0266,0.4713664427179505,2.018879924029645,19.398358153547218,61.59417109502122,54.506222287498574,4.750420436819591,195.57580032311796,Moderate,14,2,1,2019,2,0
2019-01-02 14:00:00,Noida,28.5355,77.391,0.4017784712485448,5.89767850231521,29.538691585674275,37.289337665895104,30.39836507548969,7.551885226256871,89.52649097004252,Satisfactory,14,2,1,2019,2,0
2019-01-02 15:00:00,Delhi,28.7041,77.1025,0.3723442548903624,6.965965298704816,13.984424468686171,78.84459977628724,52.38995134776204,9.437726081956225,185.10025917142212,Moderate,15,2,1,2019,2,0
2019-01-02 15:00:00,Faridabad,28.4089,77.3178,0.3789422557871403,3.3151107654470056,6.335388907362924,63.70015473333155,47.21199526416839,8.873644997938962,159.46937655763352,Moderate,15,2,1,2019,2,0
2019-01-02 15:00:00,Ghaziabad,28.6692,77.4538,0.3974761732599617,19.291614882605064,0.0,69.4562484375571,31.234303330386904,3.4419056604935023,91.2769599653401,Satisfactory,15,2,1,2019,2,0
2019-01-02 15:00:00,Gurgaon,28.4595,77.0266,0.2349548086594855,12.767620855777832,19.568864621297717,98.04353257791225,65.80539590093454,2.7587881648869463,211.84351783360546,Poor,15,2,1,2019,2,0
2019-01-02 15:00:00,Noida,28.5355,77.391,0.3864952971944031,28.92994607065931,23.90471145411449,88.95730541516872,46.1126525024084,2.803542927773992,154.0276298869216,Moderate,15,2,1,2019,2,0
2019-01-02 16:00:00,Delhi,28.7041,77.1025,0.1715794427584027,14.27254305291846,28.19970811142899,66.40265802848664,43.30187914636726,8.414149753592712,140.11430177451797,Moderate,16,2,1,2019,2,0
2019-01-02 16:00:00,Faridabad,28.4089,77.3178,0.7157571095690719,3.627965433766764,4.007339959645168,64.01187766470345,38.84635505433295,6.775163372388121,118.05945751894812,Moderate,16,2,1,2019,2,0
2019-01-02 16:00:00,Ghaziabad,28.6692,77.4538,0.2223796281264228,19.758024202185947,17.53046763469633,35.96221011677655,25.286892231919147,4.179891959828892,78.82297946000163,Satisfactory,16,2,1,2019,2,0
2019-01-02 16:00:00,Gurgaon,28.4595,77.0266,0.3810788275204717,9.024024128949955,29.552312695591556,74.68332259544377,52.79834084612194,5.501862747008185,187.12178718830359,Moderate,16,2,1,2019,2,0
2019-01-02 16:00:00,Noida,28.5355,77.391,0.0,24.508843689882937,13.732080072449428,58.32848371502276,31.17134496961126,5.861185341960938,91.1451240816646,Satisfactory,16,2,1,2019,2,0
2019-01-02 17:00:00,Delhi,28.7041,77.1025,0.2695134407878334,5.0546821339326575,8.695651873288469,35.33062219021386,20.44778158334488,8.081265865144642,68.68979904204697,Satisfactory,17,2,1,2019,2,0
2019-01-02 17:00:00,Faridabad,28.4089,77.3178,0.0811920088916065,10.021790033416298,27.61052529140906,62.12036485977253,30.494452574309072,9.101884121362538,89.72769983509164,Satisfactory,17,2,1,2019,2,0
2019-01-02 17:00:00,Ghaziabad,28.6692,77.4538,0.6595652407847878,12.062538870982154,16.79589323981564,78.39459023942511,59.37412266029276,4.624910040492974,205.14145414072615,Poor,17,2,1,2019,2,0
2019-01-02 17:00:00,Gurgaon,28.4595,77.0266,0.2505541159356313,4.283013800275174,22.68421125505385,22.771309803570045,23.978193031831548,2.424568462888844,76.0825409640917,Satisfactory,17,2,1,2019,2,0
2019-01-02 17:00:00,Noida,28.5355,77.391,0.4682343930146077,20.07220304846783,14.774801574596378,83.84266643807018,46.9764081938402,6.537630649811832,158.303220559509,Moderate,17,2,1,2019,2,0
2019-01-02 18:00:00,Delhi,28.7041,77.1025,0.0,0.0,24.55523383165437,63.32568628883727,46.67234232286471,4.745508580145959,156.79809449818032,Moderate,18,2,1,2019,2,0
2019-01-02 18:00:00,Faridabad,28.4089,77.3178,0.0484650764632769,6.061893354247969,2.348981246518108,70.69598561077335,68.52491227357402,3.9591830234828342,214.67754015877713,Poor,18,2,1,2019,2,0
2019-01-02 18:00:00,Ghaziabad,28.6692,77.4538,0.3397075825017883,5.9201893478992815,20.17334790763411,73.96390033711077,39.45053893764129,4.873768738813932,121.0501677413244,Moderate,18,2,1,2019,2,0
2019-01-02 18:00:00,Gurgaon,28.4595,77.0266,0.0,4.488925481838406,2.399309999660892,72.3761975263538,46.60659374010262,8.335893607418978,156.47263901350797,Moderate,18,2,1,2019,2,0
2019-01-02 18:00:00,Noida,28.5355,77.391,0.0,0.0,33.03234834745238,17.795143510052075,20.74244037213263,2.1879225973055205,69.3068195826709,Satisfactory,18,2,1,2019,2,0
2019-01-02 19:00:00,Delhi,28.7041,77.1025,0.12965118759622,0.0,20.17547733895352,68.86285472697753,49.17011811310466,2.740454573549424,169.16208465986807,Moderate,19,2,1,2019,2,0
2019-01-02 19:00:00,Faridabad,28.4089,77.3178,0.4381338048382927,17.7406529794786,2.455240697295804,38.708487219205104,30.636763763596235,7.4361279932801985,90.02570189812887,Satisfactory,19,2,1,2019,2,0
2019-01-02 19:00:00,Ghaziabad,28.6692,77.4538,0.0,0.0,31.42308082968205,92.33118866516702,61.69524851156976,4.95320810576026,207.56031160679376,Poor,19,2,1,2019,2,0
2019-01-02 19:00:00,Gurgaon,28.4595,77.0266,0.2712735846685175,6.310334496051681,24.301591486919,42.05703043383693,27.18157005702091,8.282306864129339,82.79046721341986,Satisfactory,19,2,1,2019,2,0
2019-01-02 19:00:00,Noida,28.5355,77.391,0.4665975612783587,7.626646011327532,3.001920924025538,95.57938865310834,61.640858124956246,5.56948824555579,207.5036310986386,Poor,19,2,1,2019,2,0
2019-01-02 20:00:00,Delhi,28.7041,77.1025,0.4603167097256598,21.43122573619603,6.136629572614889,58.14567188289479,24.88902183585566,5.524235324356319,77.98983204944135,Satisfactory,20,2,1,2019,2,0
2019-01-02 20:00:00,Faridabad,28.4089,77.3178,0.314603954630286,1.4301659598059668,0.0,39.38050808841444,36.86198176338236,4.381753668877472,108.23680972874268,Moderate,20,2,1,2019,2,0
2019-01-02 20:00:00,Ghaziabad,28.6692,77.4538,0.0,4.449383590609839,17.91506669996129,109.78818808104428,65.39921122375912,6.242791374895111,211.42023064370687,Poor,20,2,1,2019,2,0
2019-01-02 20:00:00,Gurgaon,28.4595,77.0266,0.2716582740465382,13.415473604819647,3.945991258649453,64.91516908899158,44.9944683298422,10.280454351838197,148.49261823271888,Moderate,20,2,1,2019,2,0
2019-01-02 20:00:00,Noida,28.5355,77.391,0.3759317301660507,8.760655848865865,1.721290202118483,61.09501841307578,34.82987322882989,6.811956773314214,98.80614479541302,Satisfactory,20,2,1,2019,2,0
2019-01-02 21:00:00,Delhi,28.7041,77.1025,0.0,0.0,17.291518812306563,53.69143052419629,33.78226213673404,6.40984782317027,96.6124292606824,Satisfactory,21,2,1,2019,2,0
2019-01-02 21:00:00,Faridabad,28.4089,77.3178,0.2670532476612894,20.510691960154013,22.961521838534654,64.19624021654633,37.26165445533093,8.870382019990073,110.2151895538881,Moderate,21,2,1,2019,2,0
2019-01-02 21:00:00,Ghaziabad,28.6692,77.4538,0.5744022445239932,19.27352876491192,4.125151813741613,21.375580049670088,23.33786683912329,7.240682988496509,74.74168697081373,Satisfactory,21,2,1,2019,2,0
2019-01-02 21:00:00,Gurgaon,28.4595,77.0266,0.533635737197647,6.092607548601821,1.2553554707464387,58.708925487081935,31.10554241509817,8.84216729536035,91.0073324076842,Satisfactory,21,2,1,2019,2,0
2019-01-02 21:00:00,Noida,28.5355,77.391,0.1996375355084563,8.863167392178674,19.156902961376318,64.07829445377118,46.06332296780395,6.525273778436659,153.78344869062954,Moderate,21,2,1,2019,2,0
2019-01-02 22:00:00,Delhi,28.7041,77.1025,0.5719376210197118,3.4917142466770565,38.897525676270526,67.88323560802075,37.520209946042776,2.9238849699073315,111.49503923291175,Moderate,22,2,1,2019,2,0
2019-01-02 22:00:00,Faridabad,28.4089,77.3178,0.2422044890319956,20.977262941335717,18.40865536088855,42.27656641993575,34.173935932425806,6.081877390067294,97.4326008841395,Satisfactory,22,2,1,2019,2,0
2019-01-02 22:00:00,Ghaziabad,28.6692,77.4538,0.7072710080640469,17.385441970466438,19.191470536949595,96.46503728926834,64.8198648216221,4.369853922701902,210.8164907088483,Poor,22,2,1,2019,2,0
2019-01-02 22:00:00,Gurgaon,28.4595,77.0266,0.4103053038843189,9.53900564898858,12.773612227821229,94.35247756189489,53.776850347923926,4.208699466388823,191.96540922222346,Moderate,22,2,1,2019,2,0
2019-01-02 22:00:00,Noida,28.5355,77.391,0.5411932907910245,18.04612193191537,28.022650544327583,105.44303910394844,71.18801976853115,5.945516583333261,217.4527784956272,Poor,22,2,1,2019,2,0
2019-01-02 23:00:00,Delhi,28.7041,77.1025,0.6922395725396596,9.356028313133304,23.343148451068437,75.42614459460385,33.95066485065148,0.0,96.96506742230437,Satisfactory,23,2,1,2019,2,0
2019-01-02 23:00:00,Faridabad,28.4089,77.3178,0.499585931737863,25.17556319401378,25.15550589627493,50.04156981867591,42.67175709553906,1.9478219315093808,136.99519762291834,Moderate,23,2,1,2019,2,0
2019-01-02 23:00:00,Ghaziabad,28.6692,77.4538,0.6200727039778556,15.871623679283388,21.19542654828774,96.72296739151876,58.3571152375467,7.328521306771183,204.0816253528118,Poor,23,2,1,2019,2,0
2019-01-02 23:00:00,Gurgaon,28.4595,77.0266,0.3138176921678182,16.669519329900382,16.330843071023683,119.14976791157687,86.62473007198783,4.314303422402994,233.5394555487031,Poor,23,2,1,2019,2,0
2019-01-02 23:00:00,Noida,28.5355,77.391,0.6611028108956369,15.414735700200907,25.259532091434306,73.00232776492034,48.74769413309068,4.860460269252493,167.0710859587989,Moderate,23,2,1,2019,2,0
2019-01-03 00:00:00,Delhi,28.7041,77.1025,0.3970403682887382,13.252828521058792,36.76394063935474,104.51757124647612,65.92162353381431,7.437763846811829,211.96463926155386,Poor,0,3,1,2019,3,0
2019-01-03 00:00:00,Faridabad,28.4089,77.3178,0.6027846598574481,24.247295419182915,38.77851068234626,103.5407425644423,74.08182734779908,5.774419697865416,220.4684306045485,Poor,0,3,1,2019,3,0
2019-01-03 00:00:00,Ghaziabad,28.6692,77.4538,0.3231023926538369,19.243359203907232,41.77499971383168,65.27031278370951,38.97612502446715,3.702041876927802,118.70181887111241,Moderate,0,3,1,2019,3,0
2019-01-03 00:00:00,Gurgaon,28.4595,77.0266,0.751502575139861,5.605405709447985,30.04798442433236,118.667383550269,80.23168862402497,7.112055813610231,226.87723340819446,Poor,0,3,1,2019,3,0
2019-01-03 00:00:00,Noida,28.5355,77.391,0.5518648392656704,25.14431248250052,44.337819470791466,74.65512289546771,44.71590716459339,4.961045001219443,147.11374046473728,Moderate,0,3,1,2019,3,0
2019-01-03 01:00:00,Delhi,28.7041,77.1025,0.4145335543660109,21.69054245649908,38.5181307267883,78.65639322884421,60.00159601737318,2.685473152965625,205.795347428631,Poor,1,3,1,2019,3,0
2019-01-03 01:00:00,Faridabad,28.4089,77.3178,0.7648480624442915,21.62692480560609,43.09511911833898,120.03658075623804,69.82168795585534,6.390369645135007,216.02891692241766,Poor,1,3,1,2019,3,0
2019-01-03 01:00:00,Ghaziabad,28.6692,77.4538,0.8387857665118478,30.37513566085304,17.11743468789378,43.85346813874981,41.58002850172885,2.0225463005281155,131.5911410835578,Moderate,1,3,1,2019,3,0
2019-01-03 01:00:00,Gurgaon,28.4595,77.0266,0.472068039280318,15.586269073343956,20.316414505066525,95.59769890691337,49.61442014900147,9.207039686587962,171.3613797375573,Moderate,1,3,1,2019,3,0
2019-01-03 01:00:00,Noida,28.5355,77.391,0.7544903440830839,20.553030900025128,37.67700836981406,77.11664431446657,65.67330066311271,6.523375071798368,211.70586069103325,Poor,1,3,1,2019,3,0
2019-01-03 02:00:00,Delhi,28.7041,77.1025,0.5965802737466869,31.03601200457537,46.32347404971343,72.29624757896013,51.12433274865862,8.332034140194638,178.83544710586017,Moderate,2,3,1,2019,3,0
2019-01-03 02:00:00,Faridabad,28.4089,77.3178,0.9007477347233928,22.71986801909018,52.45408625931029,106.24765277612384,70.83406233688149,7.974954436174999,217.08391759317124,Poor,2,3,1,2019,3,0
2019-01-03 02:00:00,Ghaziabad,28.6692,77.4538,0.249315496370571,28.97866603323381,26.16388018370028,90.78058860297752,51.99753059769544,3.5154528089771957,183.15777645859242,Moderate,2,3,1,2019,3,0
2019-01-03 02:00:00,Gurgaon,28.4595,77.0266,0.5416207401853751,19.730276832786316,47.89327116710266,85.2115664841304,56.68523303907951,5.523209890938696,202.33934811440918,Poor,2,3,1,2019,3,0
2019-01-03 02:00:00,Noida,28.5355,77.391,0.4712182301683524,31.335698314783357,61.918731885341074,81.57628387252936,63.32163711374988,4.044277875076514,209.25517972906567,Poor,2,3,1,2019,3,0
2019-01-03 03:00:00,Delhi,28.7041,77.1025,0.9367521691471492,42.65902769132153,34.79003637068189,121.4468147961256,71.28079511241853,5.966534311132075,217.54946016978352,Poor,3,3,1,2019,3,0
2019-01-03 03:00:00,Faridabad,28.4089,77.3178,0.43206513325594,36.144031495913126,31.87580162081115,75.24708164189721,57.52727043531757,0.7904770547225312,203.21683971680463,Poor,3,3,1,2019,3,0
2019-01-03 03:00:00,Ghaziabad,28.6692,77.4538,0.8237653657756514,41.84582763061788,41.18005875369518,110.46267541468096,78.17159744501697,0.8028554591904736,224.73040154796504,Poor,3,3,1,2019,3,0
2019-01-03 03:00:00,Gurgaon,28.4595,77.0266,0.929629919658946,42.15836283749957,31.3033564662044,84.81392830113343,49.48819137511331,4.354787528535846,170.7365473068109,Moderate,3,3,1,2019,3,0
2019-01-03 03:00:00,Noida,28.5355,77.391,0.5116136057895235,45.90070470278513,50.7957854905892,123.98422747449698,82.53285363635027,2.1884205904593954,229.27528957893344,Poor,3,3,1,2019,3,0
2019-01-03 04:00:00,Delhi,28.7041,77.1025,0.8472805158171618,35.06754768085971,47.10156590182471,66.40445322531697,45.34709105809948,5.703869977826817,150.23810073759245,Moderate,4,3,1,2019,3,0
2019-01-03 04:00:00,Faridabad,28.4089,77.3178,0.7755256676456168,43.077614262895246,33.71934169927412,129.12678333893075,83.01382901057957,4.521424850442558,229.77651654786712,Poor,4,3,1,2019,3,0
2019-01-03 04:00:00,Ghaziabad,28.6692,77.4538,0.9899521501889084,41.09324029826018,62.30313491128839,79.55192116417341,59.15658148080241,2.818284553601756,204.91475333262568,Poor,4,3,1,2019,3,0
2019-01-03 04:00:00,Gurgaon,28.4595,77.0266,0.9218933573109998,33.795215922074405,55.62083281932486,67.11021394873598,46.07479255572349,6.4820891087275,153.8402231508313,Moderate,4,3,1,2019,3,0
2019-01-03 04:00:00,Noida,28.5355,77.391,0.2199915176202972,42.61028367247325,59.92690886430812,159.9334804468681,91.8380529428454,5.829147000789565,238.9722867509652,Poor,4,3,1,2019,3,0
2019-01-03 05:00:00,Delhi,28.7041,77.1025,0.9669154897886284,48.52613792264536,76.11041117233724,45.252535392636176,35.116515883720915,4.895651621955135,99.40637941462927,Satisfactory,5,3,1,2019,3,0
2019-01-03 05:00:00,Faridabad,28.4089,77.3178,0.6929671698564888,39.62676284841992,56.58528012412807,66.38301424270216,58.25835314930796,7.745985692738915,203.97870486085776,Poor,5,3,1,2019,3,0
2019-01-03 05:00:00,Ghaziabad,28.6692,77.4538,0.8057738494608274,50.41264415087537,47.87259516059578,124.8815495899684,85.13382773374387,5.227468607239109,231.98577837516467,Poor,5,3,1,2019,3,0
2019-01-03 05:00:00,Gurgaon,28.4595,77.0266,0.7576804693208835,42.592004191780894,52.794448190080935,95.42555744307111,65.09870359458274,8.293018636397955,211.10707006172308,Poor,5,3,1,2019,3,0
2019-01-03 05:00:00,Noida,28.5355,77.391,1.135406335220292,37.68101590080407,50.60309064661298,96.51169380204344,61.787788424658935,4.301855294864113,207.65674793727615,Poor,5,3,1,2019,3,0
2019-01-03 06:00:00,Delhi,28.7041,77.1025,1.3141187784914443,32.283188268331955,40.49637868036988,40.50133584510311,34.85064945954527,5.415952906097008,98.84965057768025,Satisfactory,6,3,1,2019,3,0
2019-01-03 06:00:00,Faridabad,28.4089,77.3178,1.0456805103163775,39.62001888462928,60.16332205472615,109.95193985008952,72.17579166823603,2.577451892900865,218.48214079110912,Poor,6,3,1,2019,3,0
2019-01-03 06:00:00,Ghaziabad,28.6692,77.4538,1.268796633247662,31.534216066973556,58.63992504466122,94.19961478542392,73.07140334995337,5.734225769855851,219.41546243837246,Poor,6,3,1,2019,3,0
2019-01-03 06:00:00,Gurgaon,28.4595,77.0266,1.0968905313414403,30.72754170042807,74.64540031317122,67.09941898815352,46.85947600801912,3.727286164673277,157.72440623969464,Moderate,6,3,1,2019,3,0
2019-01-03 06:00:00,Noida,28.5355,77.391,0.9551337767468694,47.5682603142796,45.39683012175758,126.89838381391309,78.59182990948543,5.350872613058315,225.16832801093744,Poor,6,3,1,2019,3,0
2019-01-03 07:00:00,Delhi,28.7041,77.1025,0.7092412823399583,33.762307744960296,74.50198528410114,76.4144713150123,50.08271317236455,8.622530210003552,173.6794302032045,Moderate,7,3,1,2019,3,0
2019-01-03 07:00:00,Faridabad,28.4089,77.3178,0.7086994642407831,19.694085207215537,50.39608744712601,86.31801359700339,61.6138158073579,8.013732566486658,207.47545015714138,Poor,7,3,1,2019,3,0
2019-01-03 07:00:00,Ghaziabad,28.6692,77.4538,1.091706605430236,45.724778387550586,49.291177741408816,60.234700860303256,58.92602955906446,6.958677199533863,204.67449396155138,Poor,7,3,1,2019,3,0
2019-01-03 07:00:00,Gurgaon,28.4595,77.0266,1.2409689823215326,43.74243804283696,52.91871479206107,120.84076346708656,83.60898470954989,5.869130434615481,230.39673143416252,Poor,7,3,1,2019,3,0
2019-01-03 07:00:00,Noida,28.5355,77.391,1.0524152766321964,33.06185573844557,42.65835316561567,126.94076688907668,87.90701413574696,1.178642779906976,234.87573052041,Poor,7,3,1,2019,3,0
2019-01-03 08:00:00,Delhi,28.7041,77.1025,1.016953586545361,37.180699546493145,37.13152169309917,120.17755407620636,73.22200227985897,0.6957342164204324,219.57240237585304,Poor,8,3,1,2019,3,0
2019-01-03 08:00:00,Faridabad,28.4089,77.3178,0.3145396109021398,38.93146960509343,50.360845595195904,127.5371161864386,78.56554170790531,6.653238145852189,225.14093293771185,Poor,8,3,1,2019,3,0
2019-01-03 08:00:00,Ghaziabad,28.6692,77.4538,1.0252319178963043,42.419058964153855,28.112239409292325,112.6521190153596,57.18210953237526,4.3730822378955,202.8571457232121,Poor,8,3,1,2019,3,0
2019-01-03 08:00:00,Gurgaon,28.4595,77.0266,1.1182487514980624,39.268832068649104,56.86981871968269,100.06281575300652,56.39260292316177,3.2944118216873197,202.03439673045278,Poor,8,3,1,2019,3,0
2019-01-03 08:00:00,Noida,28.5355,77.391,0.8913217042458501,44.29187439058174,59.28745302758556,95.78378016783836,60.264201129994206,2.435411856032011,206.06900959862554,Poor,8,3,1,2019,3,0
2019-01-03 09:00:00,Delhi,28.7041,77.1025,0.4593983722421978,35.106588111582674,49.858724769164006,111.59095225431015,78.2486765075117,6.024939634361419,224.8107260446701,Poor,9,3,1,2019,3,0
2019-01-03 09:00:00,Faridabad,28.4089,77.3178,0.5012926454117546,36.18741155659214,34.03261095801808,131.672049808264,77.53396393509169,9.030694404640412,224.0659203113061,Poor,9,3,1,2019,3,0
2019-01-03 09:00:00,Ghaziabad,28.6692,77.4538,0.6610310777312582,25.72938750540332,57.8485785425678,106.8049304142296,65.24282002688639,2.681655494404825,211.25725455433425,Poor,9,3,1,2019,3,0
2019-01-03 09:00:00,Gurgaon,28.4595,77.0266,0.9445865306545352,36.126271192919816,74.04644006304257,88.81659278524765,54.60829171939388,7.089081171763617,196.08104401099973,Moderate,9,3,1,2019,3,0
2019-01-03 09:00:00,Noida,28.5355,77.391,0.8633705431337477,49.0782892371831,43.37275771099396,55.37087804126816,51.81038804542917,5.690643921193011,182.23142082487442,Moderate,9,3,1,2019,3,0
2019-01-03 10:00:00,Delhi,28.7041,77.1025,0.832281731960827,30.892343002143807,56.16339147633892,100.2146996485123,61.6733312659672,10.450243149319752,207.5374715297974,Poor,10,3,1,2019,3,0
2019-01-03 10:00:00,Faridabad,28.4089,77.3178,0.9675933345660974,30.62692974803529,39.209371532113664,102.97085607230942,69.95139606023923,3.6425375383635,216.16408642067037,Poor,10,3,1,2019,3,0
2019-01-03 10:00:00,Ghaziabad,28.6692,77.4538,0.8166748285077358,28.195669039558705,10.752862020050951,113.6517367371516,66.92360716008129,9.242051348120023,213.0088116720847,Poor,10,3,1,2019,3,0
2019-01-03 10:00:00,Gurgaon,28.4595,77.0266,0.5784179453708923,27.512678841201097,45.15589260701496,140.98861396518163,96.56204923436664,5.1483840913972605,243.89518814949787,Poor,10,3,1,2019,3,0
2019-01-03 10:00:00,Noida,28.5355,77.391,0.7397725360220816,35.447194149495466,48.53995143931578,69.87755690176773,50.80193221655875,6.894682894832323,177.23956447196582,Moderate,10,3,1,2019,3,0
2019-01-03 11:00:00,Delhi,28.7041,77.1025,0.1556233158318722,32.51762202181426,47.61758725698312,75.28817496712459,52.42174158982023,6.3657981345185455,185.25762086961015,Moderate,11,3,1,2019,3,0
2019-01-03 11:00:00,Faridabad,28.4089,77.3178,0.6958303752769426,35.63108817208344,42.31629879815648,60.815745971377154,33.008064122701406,2.72787546624076,94.99124538514397,Satisfactory,11,3,1,2019,3,0
2019-01-03 11:00:00,Ghaziabad,28.6692,77.4538,0.491116163376811,23.78957337247196,61.830371774608565,47.84023932067626,39.02092730606866,8.07221063159356,118.92359016503985,Moderate,11,3,1,2019,3,0
2019-01-03 11:00:00,Gurgaon,28.4595,77.0266,0.9916408813923626,7.931557258177485,15.065175601764045,104.51533267831192,63.23973233690835,3.743142842578449,209.16982633004133,Poor,11,3,1,2019,3,0
2019-01-03 11:00:00,Noida,28.5355,77.391,0.2359563655175652,29.307126646388014,48.93608601652463,56.29651574061814,36.67927160826782,3.8303203686433407,107.33239446092571,Moderate,11,3,1,2019,3,0
2019-01-03 12:00:00,Delhi,28.7041,77.1025,0.3402727025032296,20.407919329708665,42.10974190556245,99.99469078986688,56.018387732345424,4.401242674770869,201.64442511054943,Poor,12,3,1,2019,3,0
2019-01-03 12:00:00,Faridabad,28.4089,77.3178,0.4063583922571164,32.76790996527314,41.9083269427697,39.65327279437659,33.223179466093434,5.202882448304874,95.44170059139223,Satisfactory,12,3,1,2019,3,0
2019-01-03 12:00:00,Ghaziabad,28.6692,77.4538,0.479776032693918,6.671138377829979,21.52591554471969,64.40653192625386,51.88372842591101,3.119945131683061,182.5944557082595,Moderate,12,3,1,2019,3,0
2019-01-03 12:00:00,Gurgaon,28.4595,77.0266,0.4575897301937496,21.92535217889785,33.42947838170457,123.46955627060385,80.09717231873351,5.05771918065057,226.73705325846967,Poor,12,3,1,2019,3,0
2019-01-03 12:00:00,Noida,28.5355,77.391,0.4763233782829077,15.911307905428446,29.84786565557774,89.45877235266737,61.36407480467827,5.380319893594572,207.21519374382262,Poor,12,3,1,2019,3,0
2019-01-03 13:00:00,Delhi,28.7041,77.1025,0.0873357232867857,20.73484499836151,23.34700091971002,49.42275226028273,41.06981454011111,5.386224338297716,129.06558197355,Moderate,13,3,1,2019,3,0
2019-01-03 13:00:00,Faridabad,28.4089,77.3178,0.2137218927285124,42.64867061338052,27.71781577965221,95.59443531548472,56.93193456455619,0.6006485782352394,202.5964370725375,Poor,13,3,1,2019,3,0
2019-01-03 13:00:00,Ghaziabad,28.6692,77.4538,0.4497815586110693,27.66054053221709,28.2390077316594,98.30423457180048,67.40750064718199,8.915144836458962,213.5130796218002,Poor,13,3,1,2019,3,0
2019-01-03 13:00:00,Gurgaon,28.4595,77.0266,0.4311599225573158,13.971122177398447,17.367627621210502,44.55173694716871,34.06462476134363,5.048511807034176,97.20370142332641,Satisfactory,13,3,1,2019,3,0
2019-01-03 13:00:00,Noida,28.5355,77.391,0.928664689333741,22.67766903655212,18.759031256709232,83.12105736517125,64.9531173935852,5.72364710938514,210.95535391542037,Poor,13,3,1,2019,3,0
2019-01-03 14:00:00,Delhi,28.7041,77.1025,0.5110865658289498,12.035294462872452,41.384339170377096,71.30557437286147,41.69482554115307,8.191021753437488,132.1593864287077,Moderate,14,3,1,2019,3,0
2019-01-03 14:00:00,Faridabad,28.4089,77.3178,0.6748013404817633,25.55574731803876,21.637026584967646,90.39801179202772,53.82149812374339,6.932577477158422,192.18641571252977,Moderate,14,3,1,2019,3,0
2019-01-03 14:00:00,Ghaziabad,28.6692,77.4538,0.3577423388350275,18.63030321356383,17.07637161353529,80.48909123850184,45.01081067429204,6.690706132354129,148.5735128377456,Moderate,14,3,1,2019,3,0
2019-01-03 14:00:00,Gurgaon,28.4595,77.0266,0.8009360333835837,6.0785702377522846,12.382375496767114,79.49439720161578,68.65475340796111,6.872193444723625,214.81284828829632,Poor,14,3,1,2019,3,0
2019-01-03 14:00:00,Noida,28.5355,77.391,0.7603052574873871,32.48429482257699,33.89878996233661,92.62374574169571,64.4689824367133,2.189256128704188,210.45083432878545,Poor,14,3,1,2019,3,0
2019-01-03 15:00:00,Delhi,28.7041,77.1025,0.4767839802565054,7.00011599748433,7.517754446287465,76.49694379044699,55.93310783784628,6.979323165501318,201.55555448365033,Poor,15,3,1,2019,3,0
2019-01-03 15:00:00,Faridabad,28.4089,77.3178,0.2491826821839955,14.348948653349526,11.219211000756593,85.97953405457655,46.3288978073517,6.765772545544927,155.09804414639092,Moderate,15,3,1,2019,3,0
2019-01-03 15:00:00,Ghaziabad,28.6692,77.4538,0.13878171631806,8.121389382228902,14.566689433223068,112.72476185641688,72.09962567032062,5.91221110553538,218.40276780380782,Poor,15,3,1,2019,3,0
2019-01-03 15:00:00,Gurgaon,28.4595,77.0266,0.2928497707442963,22.53789809451255,14.211881840234502,59.167561143366754,45.31337436727489,5.124451669300151,150.07120311801071,Moderate,15,3,1,2019,3,0
2019-01-03 15:00:00,Noida,28.5355,77.391,0.3182512860155492,16.81896174500266,29.59557910707337,89.92502040766593,66.06279341022169,9.527977062220764,212.11175313275734,Poor,15,3,1,2019,3,0
2019-01-03 16:00:00,Delhi,28.7041,77.1025,0.4911960674730167,6.180050778907246,17.148267940785406,70.97862029442693,41.697038714170006,5.292453575008274,132.17034163514154,Moderate,16,3,1,2019,3,0
2019-01-03 16:00:00,Faridabad,28.4089,77.3178,0.2706830505270825,0.0,18.255482754375496,48.44552898126635,34.551286110622414,10.190605684455702,98.2227786077136,Satisfactory,16,3,1,2019,3,0
2019-01-03 16:00:00,Ghaziabad,28.6692,77.4538,0.2986291495571821,15.924356095221336,14.79766069926679,67.5852358204416,36.69845811434663,5.392257895557902,107.42736766601581,Moderate,16,3,1,2019,3,0
2019-01-03 16:00:00,Gurgaon,28.4595,77.0266,0.5042021529235088,13.411193906615935,21.333517120119364,98.17362901392036,69.83625281204456,4.776472041993692,216.0440950357096,Poor,16,3,1,2019,3,0
2019-01-03 16:00:00,Noida,28.5355,77.391,0.0697610494700034,10.49295998027007,25.94421808736852,47.22715924998057,29.996121742971155,6.989346465889592,88.6841865557943,Satisfactory,16,3,1,2019,3,0
2019-01-03 17:00:00,Delhi,28.7041,77.1025,0.0583397705643628,14.07201162281505,5.970522339467436,74.60480187548742,40.22141352172787,4.66392107124231,124.86599693255296,Moderate,17,3,1,2019,3,0
2019-01-03 17:00:00,Faridabad,28.4089,77.3178,0.0668312372454634,8.065217495937528,26.900758453309287,114.01402170448856,77.15640197953817,2.1214631645410917,223.67246101025557,Poor,17,3,1,2019,3,0
2019-01-03 17:00:00,Ghaziabad,28.6692,77.4538,0.24538018435455,11.287063881284412,20.80141376672693,47.0544582978859,39.903208396789935,7.371454930049319,123.29088156411018,Moderate,17,3,1,2019,3,0
2019-01-03 17:00:00,Gurgaon,28.4595,77.0266,0.1558180603257063,6.446739520822771,17.794879814145325,90.83431121527202,63.77867462059445,4.780098601453043,209.73146092040895,Poor,17,3,1,2019,3,0
2019-01-03 17:00:00,Noida,28.5355,77.391,0.0,5.128070569462369,11.559526304330593,75.5664916811665,50.29252790498624,7.193969537687536,174.71801312968188,Moderate,17,3,1,2019,3,0
2019-01-03 18:00:00,Delhi,28.7041,77.1025,0.0960847427272668,0.0,22.57810847634358,42.18501804433294,34.43828118423287,8.953897473681602,97.98614436014576,Satisfactory,18,3,1,2019,3,0
2019-01-03 18:00:00,Faridabad,28.4089,77.3178,0.4239004162022049,0.0,8.62824402553124,102.83697095485724,78.38113645680822,6.868226008689182,224.94876325498961,Poor,18,3,1,2019,3,0
2019-01-03 18:00:00,Ghaziabad,28.6692,77.4538,0.6829990567723944,2.0435584287277395,0.0,48.84849332235984,32.041454265415844,7.335837143904768,92.96714782074258,Satisfactory,18,3,1,2019,3,0
2019-01-03 18:00:00,Gurgaon,28.4595,77.0266,0.0271227738485909,2.821857406549272,2.7285887320472204,28.3718622050346,19.60853553621401,9.415509099604911,66.93240347326865,Satisfactory,18,3,1,2019,3,0
2019-01-03 18:00:00,Noida,28.5355,77.391,0.0,6.014193625970847,0.0,83.77782750701842,52.13685449663881,5.687474691022855,183.84742975836213,Moderate,18,3,1,2019,3,0
2019-01-03 19:00:00,Delhi,28.7041,77.1025,0.0423389442191168,0.0,12.3776521536769,9.740583565831187,11.488024186373508,7.090636667023095,47.866767443222955,Good,19,3,1,2019,3,0
2019-01-03 19:00:00,Faridabad,28.4089,77.3178,0.0386310029877929,6.357907096231091,16.758185215500756,57.08535775406625,29.36144810793459,3.4617856310858577,87.35516911490576,Satisfactory,19,3,1,2019,3,0
2019-01-03 19:00:00,Ghaziabad,28.6692,77.4538,0.4562118293040594,11.97624080611859,28.974962564247992,68.03651454572693,35.47364410618366,7.247287137250668,101.36453832560913,Moderate,19,3,1,2019,3,0
2019-01-03 19:00:00,Gurgaon,28.4595,77.0266,0.3004109990345229,0.1738814366540171,22.42620345852505,116.62107610724784,63.72359407078168,9.73475846424777,209.67406118955142,Poor,19,3,1,2019,3,0
2019-01-03 19:00:00,Noida,28.5355,77.391,0.0,18.02266530149545,0.9979769475357684,74.47791944628399,30.494072083952275,2.552780177875656,89.7269030817804,Satisfactory,19,3,1,2019,3,0
2019-01-03 20:00:00,Delhi,28.7041,77.1025,0.3705485541559187,0.0,0.0,28.735808555311426,25.882132222236176,8.135649579669243,80.06942217476806,Satisfactory,20,3,1,2019,3,0
2019-01-03 20:00:00,Faridabad,28.4089,77.3178,0.0,26.10775090526585,27.11848020095988,106.0501807220478,64.86112385588602,6.809719466440575,210.85948696560754,Poor,20,3,1,2019,3,0
2019-01-03 20:00:00,Ghaziabad,28.6692,77.4538,0.3442297239966922,13.665919355096223,20.4575581282958,62.39951305671614,32.803172087417444,6.12076041206283,94.56219796083141,Satisfactory,20,3,1,2019,3,0
2019-01-03 20:00:00,Gurgaon,28.4595,77.0266,0.1694566485980437,22.05527385037796,11.183958507082028,119.23976618068131,62.64032621299128,6.877263467513099,208.5451820535383,Poor,20,3,1,2019,3,0
2019-01-03 20:00:00,Noida,28.5355,77.391,0.6271274787171864,0.0,9.905017200743751,84.46923439708596,53.47567225383476,7.045296955719108,190.47457765648207,Moderate,20,3,1,2019,3,0
2019-01-03 21:00:00,Delhi,28.7041,77.1025,0.4150529515902461,0.0,2.618107071751058,17.474598476042217,30.845566325047148,2.781285478948496,90.46293803108163,Satisfactory,21,3,1,2019,3,0
2019-01-03 21:00:00,Faridabad,28.4089,77.3178,0.2281674322485366,5.243965935028549,0.0,87.94114857677782,54.54892100050228,2.021389427229716,195.78715895248632,Moderate,21,3,1,2019,3,0
2019-01-03 21:00:00,Ghaziabad,28.6692,77.4538,0.3878459460577612,16.219420191944508,0.0,65.52213417285998,48.63147853600941,7.17321615515933,166.49581875324657,Moderate,21,3,1,2019,3,0
2019-01-03 21:00:00,Gurgaon,28.4595,77.0266,0.0398611109033875,27.95099419497208,12.746705488546263,73.33593456067867,38.3487219506113,5.0147014850274765,115.59617365552594,Moderate,21,3,1,2019,3,0
2019-01-03 21:00:00,Noida,28.5355,77.391,0.5142760468826293,11.157933272813342,5.9319103231317865,65.91129297962031,38.67225485908512,4.533337614973337,117.19766155247136,Moderate,21,3,1,2019,3,0
2019-01-03 22:00:00,Delhi,28.7041,77.1025,0.4623634938095771,17.270777750479894,14.256492911650357,99.72274149111404,63.92074885033889,8.803037433020595,209.87951722298473,Poor,22,3,1,2019,3,0
2019-01-03 22:00:00,Faridabad,28.4089,77.3178,0.1398128921122771,9.06576561814656,11.24965594666213,54.09355309165001,37.51130510744999,9.937722414198904,111.45096028187747,Moderate,22,3,1,2019,3,0
2019-01-03 22:00:00,Ghaziabad,28.6692,77.4538,0.4515314583671189,17.926453767490617,17.210775976898862,58.84600374601177,40.05098335303396,7.140827635737471,124.02236759751813,Moderate,22,3,1,2019,3,0
2019-01-03 22:00:00,Gurgaon,28.4595,77.0266,0.2061150924199732,0.0,0.4231633284153349,76.36960984318172,58.289214344998165,5.077231677434815,204.0108654753139,Poor,22,3,1,2019,3,0
2019-01-03 22:00:00,Noida,28.5355,77.391,0.6410238593103663,18.74664328676981,23.64121167393304,68.29153553317722,44.183766640208525,6.9202751959738364,144.4796448690322,Moderate,22,3,1,2019,3,0
2019-01-03 23:00:00,Delhi,28.7041,77.1025,0.9414056740443644,16.538130177077814,38.286098604216846,109.45310706905966,76.92578286490878,0.0,223.43213161711546,Poor,23,3,1,2019,3,0
2019-01-03 23:00:00,Faridabad,28.4089,77.3178,0.4647993637060678,11.796169131492896,35.84556656485035,74.09145406074002,45.57106606004975,2.8625179610637987,151.34677699724628,Moderate,23,3,1,2019,3,0
2019-01-03 23:00:00,Ghaziabad,28.6692,77.4538,0.4109297051230146,18.551802112084804,36.18155519263869,104.35012743388292,50.97969142209893,7.121815436387966,178.1194725393897,Moderate,23,3,1,2019,3,0
2019-01-03 23:00:00,Gurgaon,28.4595,77.0266,0.3064991095883309,9.171251406827864,8.646361663224884,35.120352701871845,35.55416993549683,5.892254435695721,101.76314118070931,Moderate,23,3,1,2019,3,0
2019-01-03 23:00:00,Noida,28.5355,77.391,0.4184774360147916,8.011877481885952,6.413327606911506,76.819076829389,39.08007062102843,6.402202550612315,119.21634957409074,Moderate,23,3,1,2019,3,0
2019-01-04 00:00:00,Delhi,28.7041,77.1025,0.7404205425519577,15.6814424873245,44.8058552068628,59.26768290323091,40.33888750944963,6.885972416158406,125.44749317177566,Moderate,0,4,1,2019,4,0
2019-01-04 00:00:00,Faridabad,28.4089,77.3178,0.5047194543168443,34.55415775156067,19.87992821017116,76.61033503828457,55.07026437432969,4.458149373787511,198.36780865293196,Moderate,0,4,1,2019,4,0
2019-01-04 00:00:00,Ghaziabad,28.6692,77.4538,0.7539534330883677,34.8742345997791,26.79766271754488,57.78029478521336,38.99653707927266,2.9228942722364564,118.80285854239969,Moderate,0,4,1,2019,4,0
2019-01-04 00:00:00,Gurgaon,28.4595,77.0266,0.3249233368499399,27.93262052446349,26.267575238994965,79.06100985624325,55.93240235420385,6.549047360661933,201.55481929543348,Poor,0,4,1,2019,4,0
2019-01-04 00:00:00,Noida,28.5355,77.391,0.6095461192162578,1.4531428698604585,46.72179066809115,65.71697409769237,52.072260753811264,7.032672804102708,183.52769073136577,Moderate,0,4,1,2019,4,0
2019-01-04 01:00:00,Delhi,28.7041,77.1025,0.4023109511227558,42.40879028894887,33.034794687787695,117.45480010681024,80.94053403272542,6.994120400689601,227.6159249393665,Poor,1,4,1,2019,4,0
2019-01-04 01:00:00,Faridabad,28.4089,77.3178,0.8837126703954573,36.77337139296605,42.522530908526434,99.22732461086478,69.55337990927657,6.745234552967064,215.74931169493033,Poor,1,4,1,2019,4,0
2019-01-04 01:00:00,Ghaziabad,28.6692,77.4538,0.6365267838570745,31.542317234179382,29.385211168213583,83.5399128461936,65.17911187546093,4.091508941145342,211.1908639544277,Poor,1,4,1,2019,4,0
2019-01-04 01:00:00,Gurgaon,28.4595,77.0266,0.4528474009841487,22.81073091239744,45.45188709077247,91.82734949237812,69.12652040807009,6.898300095136055,215.3044791620941,Poor,1,4,1,2019,4,0
2019-01-04 01:00:00,Noida,28.5355,77.391,0.8312762323653972,31.033181882929764,37.59106427116173,122.60513369031725,84.51403290433937,6.463758517954177,231.33988692136418,Poor,1,4,1,2019,4,0
2019-01-04 02:00:00,Delhi,28.7041,77.1025,1.016200677336278,34.37926951361522,35.30815949804979,98.51747442575405,77.17190166738456,3.240532397244115,223.68861331653758,Poor,2,4,1,2019,4,0
2019-01-04 02:00:00,Faridabad,28.4089,77.3178,0.687100581321277,24.10078317272535,43.59722310867717,144.44881494427676,99.4300951667332,1.331347276375652,246.88399391059565,Poor,2,4,1,2019,4,0
2019-01-04 02:00:00,Ghaziabad,28.6692,77.4538,0.75350198840701,33.5732150082235,34.182955303671164,126.2272800283026,78.78347887167381,5.266610016823264,225.36804640311271,Poor,2,4,1,2019,4,0
2019-01-04 02:00:00,Gurgaon,28.4595,77.0266,0.883531187639583,23.34415760856407,44.93421375876167,62.82948509627504,35.72243667059,4.87708214948139,102.5960615194205,Moderate,2,4,1,2019,4,0
2019-01-04 02:00:00,Noida,28.5355,77.391,0.5421134186608839,22.260174061133,46.47774963069439,109.73922419928888,79.47408417781206,2.46549108947638,226.08772982740413,Poor,2,4,1,2019,4,0
2019-01-04 03:00:00,Delhi,28.7041,77.1025,0.665522072786923,35.62968310469775,46.33536991549573,113.51258228970784,77.12953695794174,5.223593803488572,223.64446482985508,Poor,3,4,1,2019,4,0
2019-01-04 03:00:00,Faridabad,28.4089,77.3178,1.2618395085372471,35.760754710828444,56.38233720745328,81.90150005414554,57.86080637356393,5.219683255533354,203.56441927350346,Poor,3,4,1,2019,4,0
2019-01-04 03:00:00,Ghaziabad,28.6692,77.4538,0.4537313593349767,39.168854107388654,58.19698547475305,76.76035556737196,63.29703742640218,7.1797504481788925,209.22954426540858,Poor,3,4,1,2019,4,0
2019-01-04 03:00:00,Gurgaon,28.4595,77.0266,0.6500841760875552,48.5105984448943,37.61720409487572,98.2285066621959,79.403598658847,4.44669004682274,226.01427649711425,Poor,3,4,1,2019,4,0
2019-01-04 03:00:00,Noida,28.5355,77.391,0.618764734831119,27.501778934961216,53.49478757791688,107.4440251089417,83.15376866473449,1.9864533924061365,229.92234839798647,Poor,3,4,1,2019,4,0
2019-01-04 04:00:00,Delhi,28.7041,77.1025,1.0245863134029851,42.31282723399898,55.07357377442125,76.52794360596134,49.552817094052045,6.587649532338981,171.0564446155576,Moderate,4,4,1,2019,4,0
2019-01-04 04:00:00,Faridabad,28.4089,77.3178,0.8099193976235286,34.66718086825842,59.99694158787778,129.2522814849765,84.98052766325,3.155364334453301,231.82602356486052,Poor,4,4,1,2019,4,0
2019-01-04 04:00:00,Ghaziabad,28.6692,77.4538,1.0645415990611766,38.93191935858749,66.48120944250408,77.73741159729077,51.11915656134491,5.7586549616114535,178.8098249786573,Moderate,4,4,1,2019,4,0
2019-01-04 04:00:00,Gurgaon,28.4595,77.0266,0.7090377149056426,38.52291416959032,65.99733528643857,85.81037149594457,49.91903128716981,2.760140528600028,172.86920487149058,Moderate,4,4,1,2019,4,0
2019-01-04 04:00:00,Noida,28.5355,77.391,0.5672959896052681,44.99915335018554,44.93369990062459,64.79450844036171,44.241590221197534,6.336222670964839,144.7658715949278,Moderate,4,4,1,2019,4,0
2019-01-04 05:00:00,Delhi,28.7041,77.1025,1.3984513405186558,39.41771470155607,65.29159215133595,121.91182394057805,75.36861884628455,6.277713530730755,221.80940279770707,Poor,5,4,1,2019,4,0
2019-01-04 05:00:00,Faridabad,28.4089,77.3178,0.7798004468588136,44.13037163127283,64.9750821565491,76.38450250268562,48.93640106962791,4.542842628512904,168.0051852946582,Moderate,5,4,1,2019,4,0
2019-01-04 05:00:00,Ghaziabad,28.6692,77.4538,0.8873771865008299,31.34485442907502,44.72593697828297,86.02654363469759,55.81904366584217,3.274348148600984,201.4366876096671,Poor,5,4,1,2019,4,0
2019-01-04 05:00:00,Gurgaon,28.4595,77.0266,1.1417767351110186,45.69472897163351,65.18179151247281,87.71570295405965,53.391106996416966,7.785541084417818,190.05597963226398,Moderate,5,4,1,2019,4,0
2019-01-04 05:00:00,Noida,28.5355,77.391,0.8525724637830183,41.73707988982021,63.72232097009925,108.70313604219074,82.16808370396048,6.58606261774393,228.89516091254828,Poor,5,4,1,2019,4,0
2019-01-04 06:00:00,Delhi,28.7041,77.1025,0.6435432998102011,38.88430457368266,50.38756552098011,94.67224433080864,69.68583933638284,5.371245768632538,215.88734836107264,Poor,6,4,1,2019,4,0
2019-01-04 06:00:00,Faridabad,28.4089,77.3178,1.0418579341903578,32.98493370615652,56.19724653962345,155.78457523477388,96.33641689775408,0.3800803099029127,243.6600555039753,Poor,6,4,1,2019,4,0
2019-01-04 06:00:00,Ghaziabad,28.6692,77.4538,0.8482562277095297,26.408155261060205,46.16715560946823,22.32131521086666,22.140390071771225,5.0967464430833465,72.23415015029018,Satisfactory,6,4,1,2019,4,0
2019-01-04 06:00:00,Gurgaon,28.4595,77.0266,1.0933725127668754,36.84837533759518,67.2658708239616,119.01996715675308,64.86831670029623,6.6854187234437,210.8669826666245,Poor,6,4,1,2019,4,0
2019-01-04 06:00:00,Noida,28.5355,77.391,0.916233072823032,55.68237484327952,41.89810723172267,84.89240914806216,61.31150703425077,4.981793157402325,207.16041259358764,Poor,6,4,1,2019,4,0
2019-01-04 07:00:00,Delhi,28.7041,77.1025,1.072266380074173,34.3169490256345,67.09506990606441,117.82342400906089,69.47082843452428,5.424260368329295,215.6632843686095,Poor,7,4,1,2019,4,0
2019-01-04 07:00:00,Faridabad,28.4089,77.3178,1.1327491333341246,46.31478060049293,65.11987867554599,90.98953356776654,60.87864194584341,4.26359411418746,206.70932160672103,Poor,7,4,1,2019,4,0
2019-01-04 07:00:00,Ghaziabad,28.6692,77.4538,0.5898588271630386,36.27081925681585,66.13711154848532,108.62296011604369,81.58084731835848,6.253373888266668,228.28319878439464,Poor,7,4,1,2019,4,0
2019-01-04 07:00:00,Gurgaon,28.4595,77.0266,1.1365895430316684,29.455415001371826,57.82107370761268,99.91430008012352,61.27402991283463,4.81889602314763,207.12135748811187,Poor,7,4,1,2019,4,0
2019-01-04 07:00:00,Noida,28.5355,77.391,0.7404479684624742,33.28209768667381,45.47115616534924,87.10353484681052,55.81565163438009,4.579707350696281,201.43315275582768,Poor,7,4,1,2019,4,0
2019-01-04 08:00:00,Delhi,28.7041,77.1025,1.0616018420984816,44.0902779161552,48.907956013300144,143.55300320008928,80.03727287534004,4.359667983202322,226.6746317332491,Poor,8,4,1,2019,4,0
2019-01-04 08:00:00,Faridabad,28.4089,77.3178,0.5102136677508102,38.2103621005599,45.95323097198228,92.7699818375292,62.015349399022,3.490775307393782,207.89389042634923,Poor,8,4,1,2019,4,0
2019-01-04 08:00:00,Ghaziabad,28.6692,77.4538,0.6487623103918954,47.93775143005119,49.98430700898176,100.44922654044284,65.92547520166575,8.211058330517723,211.96865310489378,Poor,8,4,1,2019,4,0
2019-01-04 08:00:00,Gurgaon,28.4595,77.0266,0.8061021730032579,28.12668039872408,36.36532328676482,91.80847233657624,59.0038593205314,4.402017642601633,204.7556007656064,Poor,8,4,1,2019,4,0
2019-01-04 08:00:00,Noida,28.5355,77.391,0.5134214351278843,29.44599128053172,55.79871721655834,107.75457464904169,74.61644906073718,2.74076285029073,221.0255627053998,Poor,8,4,1,2019,4,0
2019-01-04 09:00:00,Delhi,28.7041,77.1025,0.6244381127945801,25.793345720458177,52.688261013027045,105.51303572713182,69.75572069744707,5.700333692082609,215.96017209523433,Poor,9,4,1,2019,4,0
2019-01-04 09:00:00,Faridabad,28.4089,77.3178,1.107007093329332,31.738596051150868,60.4659789353453,66.60203624774846,43.224002635124855,6.513465438977612,139.72881304386803,Moderate,9,4,1,2019,4,0
2019-01-04 09:00:00,Ghaziabad,28.6692,77.4538,0.7615876498577341,42.34609380150075,59.24580760257966,49.73767577968983,26.045656116753,6.370024604411209,80.41184400516654,Satisfactory,9,4,1,2019,4,0
2019-01-04 09:00:00,Gurgaon,28.4595,77.0266,0.9336671478915612,24.392046557427637,46.31399387665524,64.37445430218614,43.583629516599245,1.0934030264965249,141.50896610716626,Moderate,9,4,1,2019,4,0
2019-01-04 09:00:00,Noida,28.5355,77.391,0.7624392843117301,46.34704308685209,61.612141420317975,106.83623265856264,77.30013299142728,9.492253100278749,223.8222438542242,Poor,9,4,1,2019,4,0
2019-01-04 10:00:00,Delhi,28.7041,77.1025,0.6840997837820318,22.501605124349457,34.580025536135885,78.77882799225806,62.876096045408495,0.2822221338121629,208.7908790367941,Poor,10,4,1,2019,4,0
2019-01-04 10:00:00,Faridabad,28.4089,77.3178,0.9550500563119908,33.35909066448879,36.05201271168768,130.39098312585108,90.9431585999011,7.431017701274799,238.0397126462127,Poor,10,4,1,2019,4,0
2019-01-04 10:00:00,Ghaziabad,28.6692,77.4538,0.9341035944840954,22.48094520899143,61.954611827618926,52.69432113057824,42.84393486006445,5.836788154155317,137.84747755731905,Moderate,10,4,1,2019,4,0
2019-01-04 10:00:00,Gurgaon,28.4595,77.0266,0.5131460688219344,20.96497795242937,57.3798880056202,36.55414515333774,30.557153788674498,3.612398102929385,89.85899724978847,Satisfactory,10,4,1,2019,4,0
2019-01-04 10:00:00,Noida,28.5355,77.391,0.8254776868170554,30.740793840054288,42.12974255424735,77.14361563439252,46.68865654670097,7.881713676147961,156.87884990616982,Moderate,10,4,1,2019,4,0
2019-01-04 11:00:00,Delhi,28.7041,77.1025,0.6528583297494819,39.071089821337445,38.35653332648854,133.49156765913293,84.91360963258055,3.4107480664287486,231.75628793289974,Poor,11,4,1,2019,4,0
2019-01-04 11:00:00,Faridabad,28.4089,77.3178,0.6399624243654123,27.787525424220085,35.80572809569952,90.52706029929352,61.11487376849016,6.241397331149948,206.95550003242658,Poor,11,4,1,2019,4,0
2019-01-04 11:00:00,Ghaziabad,28.6692,77.4538,0.4728766086066049,41.52227915509734,29.61693140737099,105.60304708718748,61.18536315980949,3.5465126398329705,207.02895739811726,Poor,11,4,1,2019,4,0
2019-01-04 11:00:00,Gurgaon,28.4595,77.0266,0.5420748175991692,31.294451441324536,34.860231900434314,83.19636390391959,53.80806815567844,4.0757815415586505,192.11993737060828,Moderate,11,4,1,2019,4,0
2019-01-04 11:00:00,Noida,28.5355,77.391,0.792445029330094,31.566421496597943,31.978403780099693,92.5228404686914,66.10185193493123,5.621075268917572,212.15245622692834,Poor,11,4,1,2019,4,0
2019-01-04 12:00:00,Delhi,28.7041,77.1025,0.4350964910154668,28.09116207355848,52.296243217972425,88.91399199239027,60.96781773528502,6.443285581811067,206.8022521662444,Poor,12,4,1,2019,4,0
2019-01-04 12:00:00,Faridabad,28.4089,77.3178,0.69592183450115,29.60984131477924,39.1348324716187,101.0627704582111,63.19789127961617,4.94987474075619,209.12622354402106,Poor,12,4,1,2019,4,0
2019-01-04 12:00:00,Ghaziabad,28.6692,77.4538,0.4888276546066472,19.574961778183685,41.531527372214015,64.4593253090996,43.13564278373969,5.571951687426916,139.29143177951147,Moderate,12,4,1,2019,4,0
2019-01-04 12:00:00,Gurgaon,28.4595,77.0266,0.3121308706676543,27.672450523867663,27.791543849284352,114.78103840122358,83.08910975619904,5.856844185413568,229.85496700909164,Poor,12,4,1,2019,4,0
2019-01-04 12:00:00,Noida,28.5355,77.391,0.3224293194637722,13.886148770156389,28.96074955370864,80.56221203256068,43.150368505211446,3.3967647146228974,139.36432410079667,Moderate,12,4,1,2019,4,0
2019-01-04 13:00:00,Delhi,28.7041,77.1025,0.7575188843136802,31.83686926872375,25.185908460598156,92.92828109773389,59.82292821759067,5.716240715012442,205.6091567741208,Poor,13,4,1,2019,4,0
2019-01-04 13:00:00,Faridabad,28.4089,77.3178,0.5109159823381986,7.424670718877534,3.9089297600989847,26.933383049344773,24.02508152740924,5.480792900828576,76.18072627534414,Satisfactory,13,4,1,2019,4,0
2019-01-04 13:00:00,Ghaziabad,28.6692,77.4538,0.4856581647706349,26.311228674729485,2.120912147701829,102.34550869696535,77.8292143206459,5.96982482262455,224.3736022920415,Poor,13,4,1,2019,4,0
2019-01-04 13:00:00,Gurgaon,28.4595,77.0266,0.4325153395867128,24.72732571813805,19.55663639370126,81.47596368819578,68.21255580911107,3.988700802766846,214.3520318431789,Poor,13,4,1,2019,4,0
2019-01-04 13:00:00,Noida,28.5355,77.391,0.8525433615730933,10.86961680741821,26.58755791732076,54.71840759916775,35.87837402679777,4.991900532817684,103.36795143264898,Moderate,13,4,1,2019,4,0
2019-01-04 14:00:00,Delhi,28.7041,77.1025,0.6320376685666205,18.67252190195952,13.064258048819768,59.84417387643887,39.018939348833065,3.2635436545420298,118.91374977672368,Moderate,14,4,1,2019,4,0
2019-01-04 14:00:00,Faridabad,28.4089,77.3178,0.4308581809826738,3.939245147283095,30.750785189508523,49.49869899802929,24.932047892260165,6.662233412203265,78.07992934704052,Satisfactory,14,4,1,2019,4,0
2019-01-04 14:00:00,Ghaziabad,28.6692,77.4538,0.7078600424918444,7.652414389433216,14.913222861790146,85.53579381558035,54.403573982167934,3.7408168207527,195.0676912117313,Moderate,14,4,1,2019,4,0
2019-01-04 14:00:00,Gurgaon,28.4595,77.0266,0.1641185061118105,5.576945322157007,25.74858313475738,50.480309743397605,41.35552067142585,3.504549999075581,130.47982732355797,Moderate,14,4,1,2019,4,0
2019-01-04 14:00:00,Noida,28.5355,77.391,0.0,5.031366738470482,17.820269092219327,43.87213699913269,36.45579778628542,5.017717916044738,106.22619904211285,Moderate,14,4,1,2019,4,0
2019-01-04 15:00:00,Delhi,28.7041,77.1025,0.0954580985542694,26.22538094285519,12.327503895990011,51.084391713941706,52.77115565753184,8.436728087131936,186.9872205047826,Moderate,15,4,1,2019,4,0
2019-01-04 15:00:00,Faridabad,28.4089,77.3178,0.2977084996218671,0.1377217158941116,18.86853654281336,83.71929032685777,55.93293203810151,0.5974495311031565,201.55537128181106,Poor,15,4,1,2019,4,0
2019-01-04 15:00:00,Ghaziabad,28.6692,77.4538,0.1339497463705687,5.24301152652998,5.47392276983193,101.70623901419272,65.81605376148148,5.574499530072439,211.85462444617545,Poor,15,4,1,2019,4,0
2019-01-04 15:00:00,Gurgaon,28.4595,77.0266,0.208456450328959,22.21406899954614,13.497598247989696,24.934711282502008,16.253615772000927,6.782827959435355,59.90714413795066,Satisfactory,15,4,1,2019,4,0
2019-01-04 15:00:00,Noida,28.5355,77.391,0.385149026993718,0.0,23.834228023004066,56.71509975489332,41.17692661520638,10.297653384637522,129.5957867452716,Moderate,15,4,1,2019,4,0
2019-01-04 16:00:00,Delhi,28.7041,77.1025,0.8389547264379652,1.7989008353677227,18.78111423066815,56.7708056983568,44.00425038358771,3.3373535603362474,143.59103939875916,Moderate,16,4,1,2019,4,0
2019-01-04 16:00:00,Faridabad,28.4089,77.3178,0.1878004896485476,0.0,27.71950828214637,92.71963093435066,59.80800660300417,4.713162669218043,205.5936068810254,Poor,16,4,1,2019,4,0
2019-01-04 16:00:00,Ghaziabad,28.6692,77.4538,0.1842845712459804,1.337656340833038,6.1146143699568505,90.4724279253835,65.47120694820597,4.458072464851188,211.49525776707782,Poor,16,4,1,2019,4,0
2019-01-04 16:00:00,Gurgaon,28.4595,77.0266,0.0513076813722768,12.429850728216955,0.0,62.16813360702061,32.77974180667069,7.356019977157576,94.51313455243009,Satisfactory,16,4,1,2019,4,0
2019-01-04 16:00:00,Noida,28.5355,77.391,0.2519811801133641,0.0,13.553880718647104,23.61889472603117,23.51613841805728,6.203310153014427,75.11499070447893,Satisfactory,16,4,1,2019,4,0
2019-01-04 17:00:00,Delhi,28.7041,77.1025,0.2843604875752812,22.447398229022383,33.633472069630265,99.61025111954773,57.68106495195182,7.158656389410104,203.377109792034,Poor,17,4,1,2019,4,0
2019-01-04 17:00:00,Faridabad,28.4089,77.3178,0.2054235119100282,1.3577416967241938,4.929589961931745,77.74580810503191,50.66441192095265,5.911799607419315,176.55883900871564,Moderate,17,4,1,2019,4,0
2019-01-04 17:00:00,Ghaziabad,28.6692,77.4538,0.1549184232203722,2.4487518124400265,24.9388969421435,61.88542912301915,35.22597522298179,0.0,99.63558914214136,Satisfactory,17,4,1,2019,4,0
2019-01-04 17:00:00,Gurgaon,28.4595,77.0266,0.5489766065918279,9.57542078163524,12.099088441724763,40.14090578575546,22.05830279454171,3.4300353086252446,72.06225798857025,Satisfactory,17,4,1,2019,4,0
2019-01-04 17:00:00,Noida,28.5355,77.391,0.5675271308616017,0.0,17.93234671097835,82.51951845540084,43.40527064967908,4.04529211644674,140.62608971591146,Moderate,17,4,1,2019,4,0
2019-01-04 18:00:00,Delhi,28.7041,77.1025,0.3426237380672813,0.0,0.0,25.23682819845874,26.550120634828097,5.119477578839192,81.4682013293409,Satisfactory,18,4,1,2019,4,0
2019-01-04 18:00:00,Faridabad,28.4089,77.3178,0.2129243735311296,12.03560493020827,5.512738617839987,77.84981679409773,44.63290031610525,7.320855348938724,146.702856564721,Moderate,18,4,1,2019,4,0
2019-01-04 18:00:00,Ghaziabad,28.6692,77.4538,0.6096804587994891,8.306551497599125,4.2336579377892765,7.45813138303077,16.528062583134457,2.5211652145514467,60.48184045186275,Satisfactory,18,4,1,2019,4,0
2019-01-04 18:00:00,Gurgaon,28.4595,77.0266,0.3201703867173367,11.186322217522566,5.471919013537896,0.0,9.719113251385478,4.669311009127116,40.49630521410616,Good,18,4,1,2019,4,0
2019-01-04 18:00:00,Noida,28.5355,77.391,0.4787454266465597,3.810000815390699,13.701616366611391,87.31491006974842,57.74542978919079,5.4147889461658885,203.44418472768302,Poor,18,4,1,2019,4,0
2019-01-04 19:00:00,Delhi,28.7041,77.1025,0.1648561992637612,2.5851439531033757,2.3718120416342563,48.10813737349728,30.546719999163063,6.189928316329031,89.83714871619617,Satisfactory,19,4,1,2019,4,0
2019-01-04 19:00:00,Faridabad,28.4089,77.3178,0.0,21.53577361779171,23.348157294898144,105.40866142888532,62.80546139297339,0.9447364543791756,208.71727029373017,Poor,19,4,1,2019,4,0
2019-01-04 19:00:00,Ghaziabad,28.6692,77.4538,0.0,6.510863181188423,20.08901644280123,5.2193765433374,12.392788111674031,4.565805363159887,51.822505020172116,Satisfactory,19,4,1,2019,4,0
2019-01-04 19:00:00,Gurgaon,28.4595,77.0266,0.101519329033427,17.362955744297675,5.975494480670262,119.93754857495682,76.67485161492029,5.645149625744845,223.17063484081166,Poor,19,4,1,2019,4,0
2019-01-04 19:00:00,Noida,28.5355,77.391,0.0,13.195358882565207,15.453593521163294,60.49646469948138,47.31337531494409,5.968884169391423,159.97120780897325,Moderate,19,4,1,2019,4,0
2019-01-04 20:00:00,Delhi,28.7041,77.1025,0.0726041973196605,10.304994898450875,33.294738593503354,100.7427905896928,83.77248512161408,12.470434408029524,230.5671160741031,Poor,20,4,1,2019,4,0
2019-01-04 20:00:00,Faridabad,28.4089,77.3178,0.3477782526158362,5.573948250073864,13.951092282609537,101.54419346817602,63.96850482382695,4.517286043561614,209.92928397430387,Poor,20,4,1,2019,4,0
2019-01-04 20:00:00,Ghaziabad,28.6692,77.4538,0.0,10.476120652985884,12.80937609681123,59.0089752541051,29.04744923953869,0.9526083535807198,86.69765011698273,Satisfactory,20,4,1,2019,4,0
2019-01-04 20:00:00,Gurgaon,28.4595,77.0266,0.0,22.830964579639907,23.939246870915685,81.31600140867968,44.52969718716047,6.864416122558578,146.19200107644434,Moderate,20,4,1,2019,4,0
2019-01-04 20:00:00,Noida,28.5355,77.391,0.2678382933569446,15.661448737791067,10.129119176877838,66.89900498101713,53.09776032060105,8.56456477707851,188.60391358697518,Moderate,20,4,1,2019,4,0
2019-01-04 21:00:00,Delhi,28.7041,77.1025,0.0832756998971628,3.891944692146128,4.290652709430101,99.9681290129638,74.3666059407583,5.522366508967322,220.76519987510602,Poor,21,4,1,2019,4,0
2019-01-04 21:00:00,Faridabad,28.4089,77.3178,0.2632181806519676,11.83119626921263,20.16517206529125,34.259853386135966,28.196954290343445,6.113419156925553,84.91669915499268,Satisfactory,21,4,1,2019,4,0
2019-01-04 21:00:00,Ghaziabad,28.6692,77.4538,0.4755396961498112,21.534847749905804,30.01504368997732,86.13543679052928,63.91204239540919,8.210018479156995,209.87044418047904,Poor,21,4,1,2019,4,0
2019-01-04 21:00:00,Gurgaon,28.4595,77.0266,0.3386118324842858,12.364581159051614,19.713223926100632,95.02687859675872,66.56172076505223,4.894061798546155,212.6316879551597,Poor,21,4,1,2019,4,0
2019-01-04 21:00:00,Noida,28.5355,77.391,0.4273361859971424,23.95153548137463,3.499009244661627,46.39330801032867,20.23351375596684,5.04819752136368,68.24111854881946,Satisfactory,21,4,1,2019,4,0
2019-01-04 22:00:00,Delhi,28.7041,77.1025,0.3382335472651429,16.336560984802794,5.417342588855814,93.33805850309568,59.91420403272262,6.490806425566981,205.70427578146885,Poor,22,4,1,2019,4,0
2019-01-04 22:00:00,Faridabad,28.4089,77.3178,0.187545158966249,17.38438630268947,28.111279432232543,75.5216353478013,43.03033358005658,3.7852179387447,138.77015122128006,Moderate,22,4,1,2019,4,0
2019-01-04 22:00:00,Ghaziabad,28.6692,77.4538,0.6834954800087029,12.525547334825786,36.591085796444894,48.95052885308498,22.533692555021197,4.545312684160853,73.05773227333498,Satisfactory,22,4,1,2019,4,0
2019-01-04 22:00:00,Gurgaon,28.4595,77.0266,0.7450587162700953,18.102710616982623,14.161740748740364,95.5309623294067,63.2189079053963,5.480570302940453,209.14812508036036,Poor,22,4,1,2019,4,0
2019-01-04 22:00:00,Noida,28.5355,77.391,0.5360328368844661,4.354781433201438,29.951678511677414,71.13577657727006,52.39012169825087,5.031056039967887,185.10110240634185,Moderate,22,4,1,2019,4,0
2019-01-04 23:00:00,Delhi,28.7041,77.1025,0.3039565459829565,18.083169500766896,15.081482735573587,29.973922232943785,15.739394481629214,5.090032739756158,58.83035596580476,Satisfactory,23,4,1,2019,4,0
2019-01-04 23:00:00,Faridabad,28.4089,77.3178,0.4217793210444211,2.699848689456278,38.73410617943587,102.46029891821256,64.93474687517705,4.342592847615387,210.9362099015003,Poor,23,4,1,2019,4,0
2019-01-04 23:00:00,Ghaziabad,28.6692,77.4538,0.7350089114691826,3.9337556235498647,6.249061504423222,98.46778524081944,63.84187419357925,2.92000025964329,209.79732152804576,Poor,23,4,1,2019,4,0
2019-01-04 23:00:00,Gurgaon,28.4595,77.0266,0.1460571696243593,27.658631234437088,11.914587921964046,114.02052947773342,71.23283404628457,5.934032182250008,217.49947969033866,Poor,23,4,1,2019,4,0
2019-01-04 23:00:00,Noida,28.5355,77.391,0.6751720666987481,5.283216481273005,27.494905928678158,90.77794075959072,52.03172765571183,5.035716779279717,183.3270518957736,Moderate,23,4,1,2019,4,0
2019-01-05 00:00:00,Delhi,28.7041,77.1025,0.2589812896769968,28.026444920190706,33.74920794842925,99.64702622791792,60.73118844952388,5.482309103499713,206.5556595421354,Poor,0,5,1,2019,5,1
2019-01-05 00:00:00,Faridabad,28.4089,77.3178,0.947440430370749,23.18192785786636,52.55488966934563,88.51383049486711,56.76441523290567,1.715285414418522,202.4218642953438,Poor,0,5,1,2019,5,1
2019-01-05 00:00:00,Ghaziabad,28.6692,77.4538,0.4661825405819065,12.38039405196789,33.01601274500643,94.40284388353533,66.4569302173774,6.27257737271208,212.52248517389856,Poor,0,5,1,2019,5,1
2019-01-05 00:00:00,Gurgaon,28.4595,77.0266,0.3188130024930725,13.831358926244038,34.00695332309181,79.38940741787798,67.84001769059597,6.353977351024835,213.9638079091474,Poor,0,5,1,2019,5,1
2019-01-05 00:00:00,Noida,28.5355,77.391,0.3242102501736336,22.13307015633951,30.771479123956347,102.48777608455076,66.56639249625199,6.816438926192972,212.63655639083103,Poor,0,5,1,2019,5,1
2019-01-05 01:00:00,Delhi,28.7041,77.1025,0.5326607822056633,25.374773660685182,36.27353518022932,65.26883285682436,47.3233289575597,6.961259907559988,160.02047833992054,Moderate,1,5,1,2019,5,1
2019-01-05 01:00:00,Faridabad,28.4089,77.3178,0.4646280339568785,35.13009430358478,62.747456793314925,112.38318452360204,71.06487122718373,4.454728425986865,217.32444475253882,Poor,1,5,1,2019,5,1
2019-01-05 01:00:00,Ghaziabad,28.6692,77.4538,0.4175020244899236,26.35439602516456,30.248060952932832,83.6180757688441,61.03683830539585,3.1020237901436167,206.87417886562304,Poor,1,5,1,2019,5,1
2019-01-05 01:00:00,Gurgaon,28.4595,77.0266,0.8188460726095962,22.229469760994004,34.18563774455692,65.7740015406224,43.20627430265624,4.925700810030351,139.64105779814838,Moderate,1,5,1,2019,5,1
2019-01-05 01:00:00,Noida,28.5355,77.391,0.6482962822551315,20.996546153869414,44.36555137791598,100.2266544706862,65.18093572448392,10.821617658985629,211.19276459709377,Poor,1,5,1,2019,5,1
2019-01-05 02:00:00,Delhi,28.7041,77.1025,0.6646394602702946,37.09949387755446,33.87526266782169,72.10893470712917,45.393640903336376,2.855121191528589,150.46852247151506,Moderate,2,5,1,2019,5,1
2019-01-05 02:00:00,Faridabad,28.4089,77.3178,0.1775033685713953,37.43087114952042,46.19157997900832,86.80452575413337,64.51615440054923,5.757614601565616,210.49999248057236,Poor,2,5,1,2019,5,1
2019-01-05 02:00:00,Ghaziabad,28.6692,77.4538,0.3528853635267818,38.252696348794544,53.91908269282106,60.45365036031358,37.17129147444384,2.066320111894956,109.76789279849702,Moderate,2,5,1,2019,5,1
2019-01-05 02:00:00,Gurgaon,28.4595,77.0266,0.1147685525309548,18.57738469622602,43.27349700651775,89.79511415643793,47.89068705622615,8.146915383957326,162.82890092831946,Moderate,2,5,1,2019,5,1
2019-01-05 02:00:00,Noida,28.5355,77.391,0.8684590594198079,36.3109647938607,74.79788362848626,99.98938632130368,75.05693664721667,1.5617385012883562,221.4845971376258,Poor,2,5,1,2019,5,1
2019-01-05 03:00:00,Delhi,28.7041,77.1025,0.8203788692593676,35.431287579379095,44.27623866568055,84.56074554557517,64.22887647773838,6.521956398253535,210.2006186452221,Poor,3,5,1,2019,5,1
2019-01-05 03:00:00,Faridabad,28.4089,77.3178,0.852158442522495,40.12146444817184,66.67221289168057,141.4044925721902,92.15304403740676,4.790912926488391,239.30054062845545,Poor,3,5,1,2019,5,1
2019-01-05 03:00:00,Ghaziabad,28.6692,77.4538,0.8831589965196488,31.60284908256799,42.07869182490484,79.45265571366153,57.624967731173015,8.064424189998837,203.31865058301187,Poor,3,5,1,2019,5,1
2019-01-05 03:00:00,Gurgaon,28.4595,77.0266,0.5378112126209995,14.74951769906589,56.78517947329879,110.80229302435052,67.84422663940666,5.908273851423775,213.96819407685535,Poor,3,5,1,2019,5,1
2019-01-05 03:00:00,Noida,28.5355,77.391,0.8120136865086439,39.97510591243927,58.78037369054204,95.03996777194187,49.917708163623416,3.941933587500312,172.8626554099359,Moderate,3,5,1,2019,5,1
2019-01-05 04:00:00,Delhi,28.7041,77.1025,0.6595231587350342,36.95987138884655,35.766187137167435,82.18826104120735,46.0793783868132,0.0,153.86292301472534,Moderate,4,5,1,2019,5,1
2019-01-05 04:00:00,Faridabad,28.4089,77.3178,0.5102277980277404,34.400925754649904,56.576211086951815,102.53520287558077,68.98989385788971,0.8811290005705475,215.162099915064,Poor,4,5,1,2019,5,1
2019-01-05 04:00:00,Ghaziabad,28.6692,77.4538,0.6306486104186091,43.12725990230428,50.38834372248523,61.43984215347348,44.38163934906852,6.136358563670204,145.4591147778892,Moderate,4,5,1,2019,5,1
2019-01-05 04:00:00,Gurgaon,28.4595,77.0266,1.0348851979554838,37.48244414657994,42.3306589602767,126.3264080945658,85.61242361065894,4.793250961684839,232.48452565742352,Poor,4,5,1,2019,5,1
2019-01-05 04:00:00,Noida,28.5355,77.391,0.7066726273554317,25.56032476685984,49.52008261094226,94.95835372201914,65.85034247783754,8.98818769076459,211.89035689795702,Poor,4,5,1,2019,5,1
2019-01-05 05:00:00,Delhi,28.7041,77.1025,1.074096779786983,31.882466157222293,75.77186679670929,137.03417627602846,86.83471794311143,9.249113388426954,233.75828501440031,Poor,5,5,1,2019,5,1
2019-01-05 05:00:00,Faridabad,28.4089,77.3178,0.8286301706298201,43.493173533441,51.24756594635013,132.20462567130846,73.98556850451507,1.7343092976288474,220.36811875733676,Poor,5,5,1,2019,5,1
2019-01-05 05:00:00,Ghaziabad,28.6692,77.4538,0.8064330230996712,50.0348643681773,46.98478746524527,110.86137715830138,68.5325025924398,6.353461865947462,214.6854500700162,Poor,5,5,1,2019,5,1
2019-01-05 05:00:00,Gurgaon,28.4595,77.0266,0.8931151140554742,44.65407337507289,53.02694793729361,112.03216536247356,67.72200270166903,6.09910108611439,213.84082386805508,Poor,5,5,1,2019,5,1
2019-01-05 05:00:00,Noida,28.5355,77.391,0.7057677220684689,24.37427464887025,44.67009528477876,60.13299993751093,42.65715166310037,5.56026960292544,136.92290073234685,Moderate,5,5,1,2019,5,1
2019-01-05 06:00:00,Delhi,28.7041,77.1025,0.8203803934978384,28.48490029872621,38.35535420236771,97.63314195119604,66.63319126400683,5.739410055137766,212.7061677382808,Poor,6,5,1,2019,5,1
2019-01-05 06:00:00,Faridabad,28.4089,77.3178,0.7972800027528221,48.24552402273046,61.24008120726675,90.16685484123006,59.53951803383443,4.1421107671257404,205.31381352999588,Poor,6,5,1,2019,5,1
2019-01-05 06:00:00,Ghaziabad,28.6692,77.4538,0.9250961537435812,49.7631556189983,63.06055774699054,94.88429764945226,56.65279214356711,3.554115694784452,202.30554128645414,Poor,6,5,1,2019,5,1
2019-01-05 06:00:00,Gurgaon,28.4595,77.0266,0.8362749403299253,35.28743501181826,60.05393790721919,125.68763832336327,83.09326526457788,2.619903992865689,229.85929748624432,Poor,6,5,1,2019,5,1
2019-01-05 06:00:00,Noida,28.5355,77.391,0.5274000695952853,32.56449033353343,58.68735032180857,66.14210734918177,50.03901026028534,7.002592580249831,173.46310078841242,Moderate,6,5,1,2019,5,1
2019-01-05 07:00:00,Delhi,28.7041,77.1025,0.9696812342061978,47.344941806187336,58.43271615636839,71.5560383325646,60.65433547062774,4.749374485311691,206.4755706483384,Poor,7,5,1,2019,5,1
2019-01-05 07:00:00,Faridabad,28.4089,77.3178,1.2395250579723152,34.63979134175796,37.85913025811956,57.7987467778684,32.52716761437376,5.781041401336303,93.98423987625274,Satisfactory,7,5,1,2019,5,1
2019-01-05 07:00:00,Ghaziabad,28.6692,77.4538,1.0022122010147374,28.12781883866573,74.28185906253772,108.87405993616458,72.97358989007003,7.989445070940833,219.31353051702035,Poor,7,5,1,2019,5,1
2019-01-05 07:00:00,Gurgaon,28.4595,77.0266,0.803553362820329,44.338294094281096,72.95847540558894,135.08819603237788,82.68985481928073,6.313230101411167,229.4389013379873,Poor,7,5,1,2019,5,1
2019-01-05 07:00:00,Noida,28.5355,77.391,0.6746138465135328,27.532868366111146,39.84398461217988,125.5777403962924,73.29308019986975,5.56705281189196,219.64647305039057,Poor,7,5,1,2019,5,1
2019-01-05 08:00:00,Delhi,28.7041,77.1025,0.5786917509376606,47.70893419212454,61.48064030505184,112.3658559752514,68.10332934918324,6.348200042566311,214.23820637441202,Poor,8,5,1,2019,5,1
2019-01-05 08:00:00,Faridabad,28.4089,77.3178,0.6786527567698843,40.29030778489229,45.20194234462462,101.63790426660351,77.00467324030465,4.329292126273257,223.514343692528,Poor,8,5,1,2019,5,1
2019-01-05 08:00:00,Ghaziabad,28.6692,77.4538,1.0959969584824472,23.00484580372116,61.69686732633512,107.39960036924002,80.70727958273982,6.65351744436831,227.3728492493815,Poor,8,5,1,2019,5,1
2019-01-05 08:00:00,Gurgaon,28.4595,77.0266,1.3276467063317463,32.85974238631937,48.60952189889965,121.03235407241002,81.17469217538975,2.903641074060918,227.85994237224827,Poor,8,5,1,2019,5,1
2019-01-05 08:00:00,Noida,28.5355,77.391,0.7185662283098193,41.66798572253791,66.65859066849801,70.3424285513421,55.725032031717205,6.576094402658905,201.3387175909474,Poor,8,5,1,2019,5,1
2019-01-05 09:00:00,Delhi,28.7041,77.1025,1.306941121066766,23.38619114600959,44.8900913653023,118.29245005221374,76.70837421920551,7.66287403608572,223.20556892317205,Poor,9,5,1,2019,5,1
2019-01-05 09:00:00,Faridabad,28.4089,77.3178,0.7769955175732286,44.01699122249964,52.13376779281111,79.12487931359742,61.34049004112091,6.522811939156311,207.19061593758917,Poor,9,5,1,2019,5,1
2019-01-05 09:00:00,Ghaziabad,28.6692,77.4538,1.0587358039105774,35.49176184426352,32.48786549027146,132.61774021221626,95.7347443482742,8.440043389059923,243.0330493734647,Poor,9,5,1,2019,5,1
2019-01-05 09:00:00,Gurgaon,28.4595,77.0266,0.9635970697834564,48.49875465711306,44.70824649796437,124.9165801932898,76.29470782869977,10.16203580722446,222.7744850004345,Poor,9,5,1,2019,5,1
2019-01-05 09:00:00,Noida,28.5355,77.391,0.8017788707015299,22.93648074505705,44.696801688211,95.27681705699108,73.29675739929344,7.301507451994083,219.6503050792637,Poor,9,5,1,2019,5,1
2019-01-05 10:00:00,Delhi,28.7041,77.1025,0.8310032367490775,33.38359160439097,58.71879186672111,86.5055257996373,58.94280105880373,0.3775348798508617,204.69197162970073,Poor,10,5,1,2019,5,1
2019-01-05 10:00:00,Faridabad,28.4089,77.3178,0.5540813516219467,20.42237078961464,25.121723409991947,141.85317101764073,90.62884451482616,8.334740924154023,237.71216428387146,Poor,10,5,1,2019,5,1
2019-01-05 10:00:00,Ghaziabad,28.6692,77.4538,0.4269302467966703,22.57004393291316,50.84287308337398,100.77507658712877,73.52100450204769,7.643088359562721,219.8839941652918,Poor,10,5,1,2019,5,1
2019-01-05 10:00:00,Gurgaon,28.4595,77.0266,0.6876749527839445,30.82163914121533,33.23649560044861,76.95609729242243,50.653522215738256,2.3570207134496264,176.50493496790438,Moderate,10,5,1,2019,5,1
2019-01-05 10:00:00,Noida,28.5355,77.391,0.5613634747614847,21.00670651243064,49.66045530545229,72.56264783475329,43.61875920817669,4.880304682667319,141.68285808047463,Moderate,10,5,1,2019,5,1
2019-01-05 11:00:00,Delhi,28.7041,77.1025,0.5790253076440935,25.850869993888697,36.13718655201346,83.05821419216343,51.71215307090455,8.150613170723222,181.74515770097753,Moderate,11,5,1,2019,5,1
2019-01-05 11:00:00,Faridabad,28.4089,77.3178,0.6882483295038202,25.33001450932532,20.919746569476494,86.55823246340394,49.61743622094751,2.5755105171348958,171.37630929369018,Moderate,11,5,1,2019,5,1
2019-01-05 11:00:00,Ghaziabad,28.6692,77.4538,0.6459580939581421,33.765227883189986,48.09930083116193,108.4452954695888,67.96165554079077,10.34174003217033,214.0905673530346,Poor,11,5,1,2019,5,1
2019-01-05 11:00:00,Gurgaon,28.4595,77.0266,1.0535501385538495,15.039870407424011,36.06930305286311,29.75209956243502,19.38233606345967,5.246636107162278,66.45873791066342,Satisfactory,11,5,1,2019,5,1
2019-01-05 11:00:00,Noida,28.5355,77.391,0.5730366179925415,37.87119359793245,41.70598001813547,73.8405520138524,53.92738248277947,4.965665737674756,192.7105432897584,Moderate,11,5,1,2019,5,1
2019-01-05 12:00:00,Delhi,28.7041,77.1025,0.6466569362050807,24.11268909829349,54.43647115676036,97.71049091360484,65.81129284453814,4.1558527245953565,211.84966306957133,Poor,12,5,1,2019,5,1
2019-01-05 12:00:00,Faridabad,28.4089,77.3178,0.5566094090915058,20.33085628047795,41.54275810917126,109.86801469996928,75.701549952165,4.843345153064972,222.15635205541406,Poor,12,5,1,2019,5,1
2019-01-05 12:00:00,Ghaziabad,28.6692,77.4538,0.4460789941625072,23.2218832938724,36.68046920600408,133.31865160940572,77.68968296454291,4.726186198615342,224.22819593147102,Poor,12,5,1,2019,5,1
2019-01-05 12:00:00,Gurgaon,28.4595,77.0266,0.1490525689881015,21.408919234664324,49.88336077217805,75.29712724606789,42.61124485580704,4.575942079634675,136.69566203624484,Moderate,12,5,1,2019,5,1
2019-01-05 12:00:00,Noida,28.5355,77.391,0.3990927198553612,1.080959931630976,37.83238288367525,59.72330763584991,38.84834182800984,1.361284812376334,118.06929204864873,Moderate,12,5,1,2019,5,1
2019-01-05 13:00:00,Delhi,28.7041,77.1025,0.3560944242336969,15.29121037001542,34.59409043109511,104.98285979005792,70.30897651195326,4.98993255088264,216.53672289140394,Poor,13,5,1,2019,5,1
2019-01-05 13:00:00,Faridabad,28.4089,77.3178,0.3161759135701615,17.369815496603902,16.87774725079602,106.16424210817758,66.52371955372232,5.7684290260632975,212.59208669282643,Poor,13,5,1,2019,5,1
2019-01-05 13:00:00,Ghaziabad,28.6692,77.4538,0.2655943338482742,24.30254484800056,1.2546785070699484,79.06485173456014,62.16247776689814,6.374392893360651,208.0472136728728,Poor,13,5,1,2019,5,1
2019-01-05 13:00:00,Gurgaon,28.4595,77.0266,0.922821471628788,9.13341896508201,35.96702475349329,82.46829000983092,59.12614950715452,4.9203473017630746,204.88304001271894,Poor,13,5,1,2019,5,1
2019-01-05 13:00:00,Noida,28.5355,77.391,0.5473184094157721,19.67095341678861,38.91541948593021,87.39473695131673,66.38705695307065,6.531123570492198,212.44966987741049,Poor,13,5,1,2019,5,1
2019-01-05 14:00:00,Delhi,28.7041,77.1025,0.2720723396624531,19.508573454998807,16.625190342560515,49.13621733617953,35.94212725206575,10.923721620881,103.68352989772548,Moderate,14,5,1,2019,5,1
2019-01-05 14:00:00,Faridabad,28.4089,77.3178,0.5458137762638855,13.099280086789356,23.37630147733426,91.40814661239834,47.663089500970194,5.830926679942723,161.7022930298025,Moderate,14,5,1,2019,5,1
2019-01-05 14:00:00,Ghaziabad,28.6692,77.4538,0.5360991090361558,0.0,7.694942955983878,44.81255834699068,40.33789756456265,7.527927487828739,125.44259294458513,Moderate,14,5,1,2019,5,1
2019-01-05 14:00:00,Gurgaon,28.4595,77.0266,0.3739621047240836,20.333167492431805,21.935546979797905,134.67638117668676,92.59502406685672,6.826989142708482,239.76113034335594,Poor,14,5,1,2019,5,1
2019-01-05 14:00:00,Noida,28.5355,77.391,0.3120392559651701,26.537644881483462,39.5677865830012,57.32173329182538,41.48062712435798,6.070675178931867,131.099104265572,Moderate,14,5,1,2019,5,1
2019-01-05 15:00:00,Delhi,28.7041,77.1025,0.3739199580746899,10.61640459176558,46.05894451983535,70.59411416614259,54.07851372817356,4.884693382196756,193.45864295445915,Moderate,15,5,1,2019,5,1
2019-01-05 15:00:00,Faridabad,28.4089,77.3178,0.5683817192781438,12.891988339967645,31.362450442668614,100.81813586881113,61.43464489506309,4.129607597766253,207.28873520643415,Poor,15,5,1,2019,5,1
2019-01-05 15:00:00,Ghaziabad,28.6692,77.4538,0.1833934284043358,20.87602466048891,9.18755098755001,74.71542998612796,49.85996693715955,4.413220162705204,172.57683633893976,Moderate,15,5,1,2019,5,1
2019-01-05 15:00:00,Gurgaon,28.4595,77.0266,0.3150226446207203,7.530294009622644,11.68769147158062,94.8966455789755,73.62249882320603,6.497293684177146,219.98976193155156,Poor,15,5,1,2019,5,1
2019-01-05 15:00:00,Noida,28.5355,77.391,0.7101346149844947,23.70530129934308,8.103406802589294,54.829242925859575,31.079074313652484,5.62882550090148,90.95190775081076,Satisfactory,15,5,1,2019,5,1
2019-01-05 16:00:00,Delhi,28.7041,77.1025,0.1010049192887721,10.13833182940438,12.701592061985776,76.01844468994783,48.53638240114572,2.829595673173256,166.0250928856713,Moderate,16,5,1,2019,5,1
2019-01-05 16:00:00,Faridabad,28.4089,77.3178,0.554749911437126,0.0,16.88179724656148,83.11460758925189,39.45788535328696,7.827364679448111,121.08653249877047,Moderate,16,5,1,2019,5,1
2019-01-05 16:00:00,Ghaziabad,28.6692,77.4538,0.1655796413132044,20.175727974223264,0.0,79.16630172488546,45.51917585653324,6.188464306210299,151.08992048983953,Moderate,16,5,1,2019,5,1
2019-01-05 16:00:00,Gurgaon,28.4595,77.0266,0.6183503714930351,16.290516546497564,10.538099731887048,102.19678565287472,67.06585729698976,3.62125075794122,213.15705128844195,Poor,16,5,1,2019,5,1
2019-01-05 16:00:00,Noida,28.5355,77.391,0.2300874528334026,8.654279006813027,30.185302439473563,62.50655422592095,40.293102190709405,2.839785947277905,125.22085584401157,Moderate,16,5,1,2019,5,1
2019-01-05 17:00:00,Delhi,28.7041,77.1025,0.4073669880447353,13.7820979230932,14.343485246581642,95.26666659833376,60.77986745557374,7.812373556786682,206.60638819054526,Poor,17,5,1,2019,5,1
2019-01-05 17:00:00,Faridabad,28.4089,77.3178,0.3907736987465878,0.388484379185215,0.0,93.86589382283825,57.54305052017247,7.110180757340081,203.233284226285,Poor,17,5,1,2019,5,1
2019-01-05 17:00:00,Ghaziabad,28.6692,77.4538,0.3779931312072185,13.3691623532185,37.91205280820017,81.86887471592833,62.72026658609446,5.674625031797333,208.6284883370879,Poor,17,5,1,2019,5,1
2019-01-05 17:00:00,Gurgaon,28.4595,77.0266,0.1057990092406352,0.0,4.750614586853977,67.1932515096829,45.745107463006775,3.399071062750718,152.20828194188354,Moderate,17,5,1,2019,5,1
2019-01-05 17:00:00,Noida,28.5355,77.391,0.2131518149299289,0.2471826300275873,14.59794082932988,118.05006072904229,66.53955446037303,2.348216355430143,212.60858833238873,Poor,17,5,1,2019,5,1
2019-01-05 18:00:00,Delhi,28.7041,77.1025,0.379696147888596,0.0,14.70558367677939,41.74091649301103,34.20040673159833,6.873995991502614,97.48803119009906,Satisfactory,18,5,1,2019,5,1
2019-01-05 18:00:00,Faridabad,28.4089,77.3178,0.0,0.0,0.5663335382789759,39.61013490303938,24.033482802522865,3.1797041982248944,76.19831868904362,Satisfactory,18,5,1,2019,5,1
2019-01-05 18:00:00,Ghaziabad,28.6692,77.4538,0.3605977385602223,15.86859558121222,3.085464678916291,35.194937429913,33.58266199084346,4.117856457065988,96.19446314321922,Satisfactory,18,5,1,2019,5,1
2019-01-05 18:00:00,Gurgaon,28.4595,77.0266,0.0666639898338721,7.143083620082082,31.48182721749276,67.55743495290066,44.54092826776489,5.5448288432044,146.2475949254362,Moderate,18,5,1,2019,5,1
2019-01-05 18:00:00,Noida,28.5355,77.391,0.3850102719691232,14.711623569294115,6.049345423071908,64.70758210119953,50.06557637055581,4.726273875784656,173.59460303425126,Moderate,18,5,1,2019,5,1
2019-01-05 19:00:00,Delhi,28.7041,77.1025,0.1135888110152282,7.210169649182388,47.09057900264079,49.15117538434677,32.92451078026943,4.025600958120891,94.81628325782916,Satisfactory,19,5,1,2019,5,1
2019-01-05 19:00:00,Faridabad,28.4089,77.3178,0.200046334358833,5.304728155026898,7.683649544047852,71.69172065912268,50.2942988946924,6.50301416828486,174.7267795287274,Moderate,19,5,1,2019,5,1
2019-01-05 19:00:00,Ghaziabad,28.6692,77.4538,0.4920514195371321,10.163384050088425,6.790611126877298,44.82942325628866,34.29036802794353,7.069326833625391,97.67641168244586,Satisfactory,19,5,1,2019,5,1
2019-01-05 19:00:00,Gurgaon,28.4595,77.0266,0.4262212682790391,12.24914554399641,12.399736029288134,61.16156139312998,46.42542855668365,7.1135490272813815,155.57587135558407,Moderate,19,5,1,2019,5,1
2019-01-05 19:00:00,Noida,28.5355,77.391,0.4323987763786435,3.231719164980404,3.2555912709354384,60.66143309809825,41.8831138976748,5.470809763196205,133.09141379349026,Moderate,19,5,1,2019,5,1
2019-01-05 20:00:00,Delhi,28.7041,77.1025,0.2639340406953073,16.813716629883935,8.541537257207453,66.67934681891992,37.50484535174278,3.8908492791865967,111.41898449112676,Moderate,20,5,1,2019,5,1
2019-01-05 20:00:00,Faridabad,28.4089,77.3178,0.4190119276474912,4.194495081187196,26.809926741231564,40.02605854101728,26.93335885604916,7.412908520504854,82.2707087156585,Satisfactory,20,5,1,2019,5,1
2019-01-05 20:00:00,Ghaziabad,28.6692,77.4538,0.2053593620900375,28.9173161327274,14.221515980482902,55.45433666060742,36.699394696012845,8.517375018403143,107.43200374526359,Moderate,20,5,1,2019,5,1
2019-01-05 20:00:00,Gurgaon,28.4595,77.0266,0.2193053294549333,13.811603200953265,22.491342915822127,31.17930023389094,17.214868321106426,7.562299862377412,61.92002340744508,Satisfactory,20,5,1,2019,5,1
2019-01-05 20:00:00,Noida,28.5355,77.391,0.6380959473873639,7.581094202971734,25.418773041081337,54.96802818787418,29.47590931704088,5.682963613777905,87.5948528433762,Satisfactory,20,5,1,2019,5,1
2019-01-05 21:00:00,Delhi,28.7041,77.1025,0.4559888148826337,21.479460103544582,5.2591574814414885,62.56509873903296,46.47231310042766,6.382174599952638,155.80794984711693,Moderate,21,5,1,2019,5,1
2019-01-05 21:00:00,Faridabad,28.4089,77.3178,0.1223902490359136,22.103339446590017,29.73988352718274,65.4272247693971,49.611528072041295,4.020078524244583,171.34706395660442,Moderate,21,5,1,2019,5,1
2019-01-05 21:00:00,Ghaziabad,28.6692,77.4538,0.0885454060194084,14.709612882944226,31.66295350318195,85.27271538337678,66.78021886132481,8.753913883806822,212.85938597127534,Poor,21,5,1,2019,5,1
2019-01-05 21:00:00,Gurgaon,28.4595,77.0266,0.3337014276228368,12.46170087519122,12.657730317761944,110.54774707894606,61.02915834688916,6.193138771252281,206.86617554044238,Poor,21,5,1,2019,5,1
2019-01-05 21:00:00,Noida,28.5355,77.391,0.4315076367592542,0.0,10.029687050335015,73.66765266573488,47.185038067066,2.819158426739333,159.33593843197673,Moderate,21,5,1,2019,5,1
2019-01-05 22:00:00,Delhi,28.7041,77.1025,0.3661903219824046,20.55554957885888,28.922901953883127,67.48440049665642,41.16203670006671,6.211026676142977,129.5220816653302,Moderate,22,5,1,2019,5,1
2019-01-05 22:00:00,Faridabad,28.4089,77.3178,0.5983238667618267,19.247997132756336,33.70525392219482,28.317512041729984,12.955724057687856,9.315438902071794,53.00130251396175,Satisfactory,22,5,1,2019,5,1
2019-01-05 22:00:00,Ghaziabad,28.6692,77.4538,0.235934613290828,15.29790842891584,36.58872390580538,66.95800669744153,43.2800155409432,7.415901189848534,140.00607692766883,Moderate,22,5,1,2019,5,1
2019-01-05 22:00:00,Gurgaon,28.4595,77.0266,0.3139454627045486,1.0039763114463975,12.799448116157558,90.91674450339303,68.32265269232458,4.638860109043726,214.466764384633,Poor,22,5,1,2019,5,1
2019-01-05 22:00:00,Noida,28.5355,77.391,0.4714824377916639,19.48982484413851,39.52388547236425,70.04016964798998,56.04320884224799,5.842191068578859,201.67029131981633,Poor,22,5,1,2019,5,1
2019-01-05 23:00:00,Delhi,28.7041,77.1025,0.4058824514756633,12.769162229164062,26.141395777720625,114.16112269552173,79.01740127016089,7.045273558372703,225.61181816574663,Poor,23,5,1,2019,5,1
2019-01-05 23:00:00,Faridabad,28.4089,77.3178,0.1750701896300739,8.722321373331878,36.12376336696104,64.50137865341759,39.91487490929057,6.88535787969666,123.34863080098832,Moderate,23,5,1,2019,5,1
2019-01-05 23:00:00,Ghaziabad,28.6692,77.4538,0.1960013426592228,26.463242724322527,13.82484321575646,79.60069260851967,47.46966270842559,2.6353101414647258,160.74483040670668,Moderate,23,5,1,2019,5,1
2019-01-05 23:00:00,Gurgaon,28.4595,77.0266,0.7465830028898439,15.29305601897122,37.1682338840266,102.67196047397996,85.35739737505078,6.1197346416627285,232.21876147505293,Poor,23,5,1,2019,5,1
2019-01-05 23:00:00,Noida,28.5355,77.391,0.3894687449699311,7.461216164150724,23.28351096457993,67.96668441587293,45.370026957104685,5.512032322617847,150.3516334376682,Moderate,23,5,1,2019,5,1
2019-01-06 00:00:00,Delhi,28.7041,77.1025,0.5111191767172394,25.48187986915412,45.40099802428191,73.031019419695,47.49302145709787,4.705930815660071,160.86045621263446,Moderate,0,6,1,2019,6,1
2019-01-06 00:00:00,Faridabad,28.4089,77.3178,0.4885137655077782,23.070436123820013,25.457915737077546,101.73279601402064,74.87326499144658,8.880420169856494,221.29319193845487,Poor,0,6,1,2019,6,1
2019-01-06 00:00:00,Ghaziabad,28.6692,77.4538,0.5523359682767188,7.977644349863066,28.610723487847185,78.72141087669357,50.39996012553846,2.9071078152131204,175.2498026214154,Moderate,0,6,1,2019,6,1
2019-01-06 00:00:00,Gurgaon,28.4595,77.0266,0.8413533786834492,23.95522410910652,34.77575498125657,81.23192964027139,53.818181038712176,7.292939839094184,192.1699961416253,Moderate,0,6,1,2019,6,1
2019-01-06 00:00:00,Noida,28.5355,77.391,0.4968494435612889,27.654381948782238,41.66797817970808,68.44855456808928,46.37346912483916,6.441490262186263,155.31867216795385,Moderate,0,6,1,2019,6,1
2019-01-06 01:00:00,Delhi,28.7041,77.1025,0.6500909336125915,6.014189787445495,57.75678767170693,65.07657682292285,54.38475820216201,4.5751337571267525,194.97455310070197,Moderate,1,6,1,2019,6,1
2019-01-06 01:00:00,Faridabad,28.4089,77.3178,0.6739421772331101,31.63338463323511,37.22155433734923,118.51158288033972,65.77385462500477,8.116551059055961,211.81064850395234,Poor,1,6,1,2019,6,1
2019-01-06 01:00:00,Ghaziabad,28.6692,77.4538,0.7606215852037191,32.842973793159416,49.829912554688704,91.56380070509648,59.89198579942142,4.214660900763423,205.6811220436076,Poor,1,6,1,2019,6,1
2019-01-06 01:00:00,Gurgaon,28.4595,77.0266,0.7690882380954092,29.29895957067129,35.44479672322361,108.50011430069296,68.31756173391145,3.734288133272239,214.46145907007613,Poor,1,6,1,2019,6,1
2019-01-06 01:00:00,Noida,28.5355,77.391,0.5147292638654619,20.79325808090836,55.994384540969214,83.24395231507386,56.01817122275365,6.099977757902543,201.64419948476433,Poor,1,6,1,2019,6,1
2019-01-06 02:00:00,Delhi,28.7041,77.1025,0.5097882773475237,30.38272385055059,42.604622997155445,90.6021506165212,62.84821986630339,6.148252495939834,208.76182912383194,Poor,2,6,1,2019,6,1
2019-01-06 02:00:00,Faridabad,28.4089,77.3178,0.8557817915855502,31.72153774071871,32.78541164329725,51.2942509993037,39.75047674753991,6.164149423656604,122.53485990032257,Moderate,2,6,1,2019,6,1
2019-01-06 02:00:00,Ghaziabad,28.6692,77.4538,0.6629675907583285,24.0737185267662,39.85600724281158,118.25736620227886,74.74526757261425,5.714517103481897,221.15980515461905,Poor,2,6,1,2019,6,1
2019-01-06 02:00:00,Gurgaon,28.4595,77.0266,0.4963107119145495,40.98453934454815,36.8861089757692,121.06958091812496,82.05989102764315,4.21237122433928,228.78241275512286,Poor,2,6,1,2019,6,1
2019-01-06 02:00:00,Noida,28.5355,77.391,0.827891134246642,39.17741472898562,46.92188100978837,93.81737348524766,57.06668022791733,7.80485942496793,202.73685623751385,Poor,2,6,1,2019,6,1
2019-01-06 03:00:00,Delhi,28.7041,77.1025,0.653265306284822,40.136006918064034,35.80587120668353,76.75100530012283,57.98959629006164,5.112966245990818,203.69863192332738,Poor,3,6,1,2019,6,1
2019-01-06 03:00:00,Faridabad,28.4089,77.3178,0.8594541787587253,27.25260950459228,47.31411544517136,146.0590040304232,92.1431015823995,1.5060770245008746,239.29017954376368,Poor,3,6,1,2019,6,1
2019-01-06 03:00:00,Ghaziabad,28.6692,77.4538,0.3997807040803146,36.48399921596342,55.22402323859701,111.01037693085792,82.53616319300359,6.703048825252807,229.27873848534057,Poor,3,6,1,2019,6,1
2019-01-06 03:00:00,Gurgaon,28.4595,77.0266,0.8604723388494641,28.942750643972907,37.35172639504514,62.76454953429469,58.25789534044899,6.84264313535659,203.97822777583633,Poor,3,6,1,2019,6,1
2019-01-06 03:00:00,Noida,28.5355,77.391,0.6892683604213604,9.69552780740684,31.085527045603435,82.63886703753323,54.10503177569848,3.0379914043480327,193.58990728970747,Moderate,3,6,1,2019,6,1
2019-01-06 04:00:00,Delhi,28.7041,77.1025,0.7128430192798808,49.42032987404967,56.978927820767936,170.90451246706976,110.10636891186682,5.942692642384772,258.00979497131385,Poor,4,6,1,2019,6,1
2019-01-06 04:00:00,Faridabad,28.4089,77.3178,1.009122946073535,38.40110086060571,37.88343122321916,98.26961848617309,65.22958586373878,4.517012802489087,211.2434631632646,Poor,4,6,1,2019,6,1
2019-01-06 04:00:00,Ghaziabad,28.6692,77.4538,0.7430240847519207,35.42706751676795,44.52111054565823,90.30147213802776,68.98465269329353,4.841403892333987,215.15663806985324,Poor,4,6,1,2019,6,1
2019-01-06 04:00:00,Gurgaon,28.4595,77.0266,0.8240673336981414,31.39284955534377,61.664630256048845,100.63824409050764,66.08038452695267,7.917446678610045,212.1300849280875,Poor,4,6,1,2019,6,1
2019-01-06 04:00:00,Noida,28.5355,77.391,0.6201816325920334,36.08271710693837,44.52533037908494,105.386680004911,78.31176833244973,8.293595576813033,224.87647436750024,Poor,4,6,1,2019,6,1
2019-01-06 05:00:00,Delhi,28.7041,77.1025,0.9525823367890994,36.406259831804775,50.26764085303849,139.1516220564536,89.55920966412748,5.423344584132434,236.59749217630127,Poor,5,6,1,2019,6,1
2019-01-06 05:00:00,Faridabad,28.4089,77.3178,1.144291007005009,41.8107690580374,63.36288092248704,94.02605956517716,63.16916846432064,5.547303204393981,209.09629134702888,Poor,5,6,1,2019,6,1
2019-01-06 05:00:00,Ghaziabad,28.6692,77.4538,0.6402040273000453,30.7712852526584,66.07141397756762,74.53987610725716,43.29159602984491,3.7909507829604654,140.0634003477323,Moderate,5,6,1,2019,6,1
2019-01-06 05:00:00,Gurgaon,28.4595,77.0266,1.1186992435605332,34.15168717927516,65.47011654862361,112.52477755947434,81.93288337398369,4.282966704336613,228.650057410783,Poor,5,6,1,2019,6,1
2019-01-06 05:00:00,Noida,28.5355,77.391,0.8184839271070916,30.05494048614124,46.91590568995383,132.20590422068432,87.88066833038359,2.9744335800983737,234.8482754179787,Poor,5,6,1,2019,6,1
2019-01-06 06:00:00,Delhi,28.7041,77.1025,0.6474357006755526,36.08963979205806,41.333473288640384,79.32814646104241,56.16852570183566,6.88401515954087,201.80088467875507,Poor,6,6,1,2019,6,1
2019-01-06 06:00:00,Faridabad,28.4089,77.3178,0.9931458043377234,27.483385423920005,47.024624643876365,125.21727630313184,73.85531380609558,9.765466044439286,220.23237965056276,Poor,6,6,1,2019,6,1
2019-01-06 06:00:00,Ghaziabad,28.6692,77.4538,0.9439116278675942,49.19327690985039,62.900538344514246,108.11791775815658,65.61354443376901,4.129873538670237,211.6435884099277,Poor,6,6,1,2019,6,1
2019-01-06 06:00:00,Gurgaon,28.4595,77.0266,0.9143679881087888,44.81360499016148,54.60596041195007,104.47817525585506,73.37920608180048,4.410619575256172,219.7362252852447,Poor,6,6,1,2019,6,1
2019-01-06 06:00:00,Noida,28.5355,77.391,0.6322282486814244,44.89935964123069,51.47238087913864,102.92365752798686,76.04283079335961,6.080029323078296,222.5120026162379,Poor,6,6,1,2019,6,1
2019-01-06 07:00:00,Delhi,28.7041,77.1025,0.7085548233461586,24.77694837545122,59.176526300011375,148.79979502463738,101.20613637051537,1.4358676550023663,248.73481579664232,Poor,7,6,1,2019,6,1
2019-01-06 07:00:00,Faridabad,28.4089,77.3178,0.3457882034189666,57.06908985011968,54.22594354034207,132.9725568613377,87.55145017519895,6.727650762865587,234.50519544573365,Poor,7,6,1,2019,6,1
2019-01-06 07:00:00,Ghaziabad,28.6692,77.4538,1.215480376436279,29.531582699688457,52.21306198560894,130.60357768678173,79.11626362021752,7.046277459514677,225.7148431410688,Poor,7,6,1,2019,6,1
2019-01-06 07:00:00,Gurgaon,28.4595,77.0266,0.8909157091446874,43.95257218646326,56.804313469107605,82.13647269198758,66.1248401702798,7.177587669160758,212.1764123879758,Poor,7,6,1,2019,6,1
2019-01-06 07:00:00,Noida,28.5355,77.391,1.2282117240196937,38.8026999308402,48.582720544206445,130.9294018601419,80.06751196309844,6.220329632761584,226.70614404575522,Poor,7,6,1,2019,6,1
2019-01-06 08:00:00,Delhi,28.7041,77.1025,0.9692211062679056,51.073014396001376,37.80676011383143,74.42471793194746,57.799477940937216,3.9400033954815648,203.50050859108194,Poor,8,6,1,2019,6,1
2019-01-06 08:00:00,Faridabad,28.4089,77.3178,0.678846813331729,27.221852320122323,53.80802448434333,90.35927282135484,62.27803214902254,6.478805154049519,208.1676335026656,Poor,8,6,1,2019,6,1
2019-01-06 08:00:00,Ghaziabad,28.6692,77.4538,0.930993530561568,20.131749368309,53.07568596855143,93.67081678758588,61.444051540417306,5.124623149343325,207.29853792106647,Poor,8,6,1,2019,6,1
2019-01-06 08:00:00,Gurgaon,28.4595,77.0266,0.9037008799068424,41.76298352732454,25.2659710194753,99.68488843563672,71.12994394002678,7.546741868868495,217.39225736908054,Poor,8,6,1,2019,6,1
2019-01-06 08:00:00,Noida,28.5355,77.391,0.8470009754031306,28.1225641196282,50.93646249255303,98.47546064382708,70.26281738753637,6.688605300472117,216.48862022490633,Poor,8,6,1,2019,6,1
2019-01-06 09:00:00,Delhi,28.7041,77.1025,0.4747443159723465,34.78845517704322,41.60679240632966,81.462677952748,69.58129419119285,3.870338366106566,215.77840131503257,Poor,9,6,1,2019,6,1
2019-01-06 09:00:00,Faridabad,28.4089,77.3178,1.0208296256700211,36.690091923614574,45.4682935696481,80.33816105741238,49.4696861982548,6.252773273954692,170.64494668136126,Moderate,9,6,1,2019,6,1
2019-01-06 09:00:00,Ghaziabad,28.6692,77.4538,0.9138328274406964,38.64388182781683,68.79251622655752,137.5243430319477,91.4634599134937,5.889675098646771,238.58192138353553,Poor,9,6,1,2019,6,1
2019-01-06 09:00:00,Gurgaon,28.4595,77.0266,0.8247161762919197,35.445424402431094,31.40141945236915,120.25691474716672,77.01988864686707,5.700369091944188,223.5301997477878,Poor,9,6,1,2019,6,1
2019-01-06 09:00:00,Noida,28.5355,77.391,0.8240774491893215,42.071293010184775,66.9240163067272,94.7397578028469,56.772490984545286,7.460883881745182,202.4302800786314,Poor,9,6,1,2019,6,1
2019-01-06 10:00:00,Delhi,28.7041,77.1025,0.5316642436246207,35.96948069201771,40.267580740325776,76.67850222859661,47.40082778230106,3.505444839095096,160.40409752239023,Moderate,10,6,1,2019,6,1
2019-01-06 10:00:00,Faridabad,28.4089,77.3178,0.5788657233848697,28.000572432330745,63.63140700588303,114.33199567352014,78.35130348255387,2.9204862459033456,224.9176741555035,Poor,10,6,1,2019,6,1
2019-01-06 10:00:00,Ghaziabad,28.6692,77.4538,0.636835957303215,35.524464006593675,41.988393970129565,125.71446920028826,82.78500148009368,3.2638180705156574,229.53805417399235,Poor,10,6,1,2019,6,1
2019-01-06 10:00:00,Gurgaon,28.4595,77.0266,0.9530710218370684,18.94229752547728,44.63198208569802,128.99258280157864,93.58720186796587,6.670268411575701,240.79508405188022,Poor,10,6,1,2019,6,1
2019-01-06 10:00:00,Noida,28.5355,77.391,0.51214210924252,7.205304933681596,49.80482999624925,121.34893036972144,75.43624613006025,1.9790910246978983,221.8798775460628,Poor,10,6,1,2019,6,1
2019-01-06 11:00:00,Delhi,28.7041,77.1025,0.6682987593932612,19.4624522324982,30.76146872982245,104.82313965946402,73.47673219129389,5.91169759958094,219.8378577572431,Poor,11,6,1,2019,6,1
2019-01-06 11:00:00,Faridabad,28.4089,77.3178,0.7966240320628427,18.25500519023283,32.79595020652333,73.59127549903515,53.83296862757165,9.19345907653774,192.2431947064797,Moderate,11,6,1,2019,6,1
2019-01-06 11:00:00,Ghaziabad,28.6692,77.4538,0.4918517177512873,16.27905681134728,35.95842345308139,47.30787901064414,29.738392273623337,1.9788457611938743,88.14449664134801,Satisfactory,11,6,1,2019,6,1
2019-01-06 11:00:00,Gurgaon,28.4595,77.0266,0.7756957078939827,10.087126157434025,17.638955844550765,89.14163844134566,68.48528550551465,3.1402999332978365,214.63624489522053,Poor,11,6,1,2019,6,1
2019-01-06 11:00:00,Noida,28.5355,77.391,0.6297003560132476,27.573546801169957,23.753238083016004,52.38924639466385,46.096114612125774,7.851547537337193,153.9457673300226,Moderate,11,6,1,2019,6,1
2019-01-06 12:00:00,Delhi,28.7041,77.1025,0.7187318604900401,17.613249010887333,41.71021272964982,83.84812426675349,40.168457884540274,5.623100362618775,124.60386652847436,Moderate,12,6,1,2019,6,1
2019-01-06 12:00:00,Faridabad,28.4089,77.3178,0.541862825389183,20.262199067971643,33.70901065690298,70.27323100337351,52.13735977883536,7.211433290722686,183.84993090523506,Moderate,12,6,1,2019,6,1
2019-01-06 12:00:00,Ghaziabad,28.6692,77.4538,0.3925041915207432,12.158442017129277,34.02992213019312,88.03286023887455,60.42384306425605,6.876994590468264,206.2353732985405,Poor,12,6,1,2019,6,1
2019-01-06 12:00:00,Gurgaon,28.4595,77.0266,0.5596720709562942,28.240509442087763,21.990660035171995,129.81127197386752,75.04324322604668,6.805407385293552,221.4703271513539,Poor,12,6,1,2019,6,1
2019-01-06 12:00:00,Noida,28.5355,77.391,0.666837717919043,22.956907639642303,31.542804502856757,73.30279763704725,61.63066648813098,3.784110844279005,207.4930103402628,Poor,12,6,1,2019,6,1
2019-01-06 13:00:00,Delhi,28.7041,77.1025,0.2872759575581644,16.482386629741587,35.07768296775764,101.4777450331035,77.39405776427903,5.588739729930423,223.92012335435393,Poor,13,6,1,2019,6,1
2019-01-06 13:00:00,Faridabad,28.4089,77.3178,0.5867080378415245,23.85265266820501,23.6859687632899,132.7205649296248,76.80662035080914,2.4934616866448547,223.3079517340011,Poor,13,6,1,2019,6,1
2019-01-06 13:00:00,Ghaziabad,28.6692,77.4538,0.0614870373379141,28.34638712775936,38.42113813823395,100.20726250180418,65.51498560305366,6.65982428254378,211.54087973370855,Poor,13,6,1,2019,6,1
2019-01-06 13:00:00,Gurgaon,28.4595,77.0266,0.0819421078381935,4.394231836733126,24.8107110357805,74.60021828881352,61.19004109721518,4.869952591438578,207.03383230130845,Poor,13,6,1,2019,6,1
2019-01-06 13:00:00,Noida,28.5355,77.391,0.706210454786462,14.623053359413042,21.431011271738974,61.87467806916122,43.934615593958895,7.835332029903816,143.24634719009654,Moderate,13,6,1,2019,6,1
2019-01-06 14:00:00,Delhi,28.7041,77.1025,0.5255913133970028,32.288963279308746,7.034676237235922,66.47068785094466,42.91643189230653,3.2806791692908197,138.2063378669173,Moderate,14,6,1,2019,6,1
2019-01-06 14:00:00,Faridabad,28.4089,77.3178,0.5972168197237389,8.697054552274718,17.3828325703033,67.79349307851962,46.50298862229385,6.049614573154001,155.95979368035455,Moderate,14,6,1,2019,6,1
2019-01-06 14:00:00,Ghaziabad,28.6692,77.4538,0.3633475408155035,19.39423962488637,15.781791462403794,105.84533391067554,52.42104451051733,4.227423464477072,185.25417032706082,Moderate,14,6,1,2019,6,1
2019-01-06 14:00:00,Gurgaon,28.4595,77.0266,0.4076377635599138,26.403100129688696,20.424465157512014,86.00422472792236,49.52195265043517,6.53078707935899,170.90366561965408,Moderate,14,6,1,2019,6,1
2019-01-06 14:00:00,Noida,28.5355,77.391,0.2793887347374039,11.09452663993374,35.73076269467659,117.08829357878786,78.74228024582953,6.129656353595228,225.32511309828553,Poor,14,6,1,2019,6,1
2019-01-06 15:00:00,Delhi,28.7041,77.1025,0.4844259185876808,12.672680621790123,0.0,111.2938635716772,77.6229773926431,6.956067815259204,224.1586817039123,Poor,15,6,1,2019,6,1
2019-01-06 15:00:00,Faridabad,28.4089,77.3178,0.322012637223419,15.317371266588188,8.802761410772312,106.69270370189405,64.02342002887582,6.187605930761657,209.9865113985127,Poor,15,6,1,2019,6,1
2019-01-06 15:00:00,Ghaziabad,28.6692,77.4538,0.2259257346946263,15.566198919334592,15.384349047643228,66.2742827955083,40.42084085878153,0.0,125.85316225096858,Moderate,15,6,1,2019,6,1
2019-01-06 15:00:00,Gurgaon,28.4595,77.0266,0.0311314451765138,16.290236943943995,0.0,94.1653653369478,50.85550500141018,4.986040215144362,177.5047497569804,Moderate,15,6,1,2019,6,1
2019-01-06 15:00:00,Noida,28.5355,77.391,0.3876719532470082,20.32994368163357,15.884666392015138,125.37712146876342,80.14166983753515,6.063758246281206,226.78342435701032,Poor,15,6,1,2019,6,1
2019-01-06 16:00:00,Delhi,28.7041,77.1025,0.2717588140216805,7.029163451549473,9.83676563088597,105.95797176105498,59.01449388896152,5.206354687471986,204.76668310533884,Poor,16,6,1,2019,6,1
2019-01-06 16:00:00,Faridabad,28.4089,77.3178,0.091784576955459,3.754034855520066,6.162444977256453,91.53327584863774,62.21101006374556,6.216447631477863,208.09778943485065,Poor,16,6,1,2019,6,1
2019-01-06 16:00:00,Ghaziabad,28.6692,77.4538,0.3730198483724943,13.702374864050311,6.597102734300269,21.49456517725849,19.8681265736854,4.814282667142783,67.47599154318738,Satisfactory,16,6,1,2019,6,1
2019-01-06 16:00:00,Gurgaon,28.4595,77.0266,0.258102038695829,0.0,17.071143222548187,68.89832436610321,28.43682603972889,7.94050625203884,85.41899469857759,Satisfactory,16,6,1,2019,6,1
2019-01-06 16:00:00,Noida,28.5355,77.391,0.0492332785923918,16.30044271979045,0.0,85.8297340533026,51.84881487346064,2.322201831885845,182.42163362363016,Moderate,16,6,1,2019,6,1
2019-01-06 17:00:00,Delhi,28.7041,77.1025,0.0,8.820264986215976,9.236968419516945,81.90688324629355,55.63459440822004,9.68880324322374,201.24447206751353,Poor,17,6,1,2019,6,1
2019-01-06 17:00:00,Faridabad,28.4089,77.3178,0.4149471570515058,0.0,12.42489936130786,67.42972308674416,47.32177590127976,5.590878595475584,160.0127907113348,Moderate,17,6,1,2019,6,1
2019-01-06 17:00:00,Ghaziabad,28.6692,77.4538,0.0253045849168374,9.522295437592977,13.10726537409821,88.8270784660624,51.96660066951779,6.978343399093469,183.00467331411306,Moderate,17,6,1,2019,6,1
2019-01-06 17:00:00,Gurgaon,28.4595,77.0266,0.0,0.0,3.8975175117180094,47.13472314974865,35.31791590417372,6.269153833183094,99.82811450019284,Satisfactory,17,6,1,2019,6,1
2019-01-06 17:00:00,Noida,28.5355,77.391,0.0260496900164791,2.9100473976944663,10.682436803854891,83.41301402324409,50.1786903074865,3.5120933981848723,174.15451702205817,Moderate,17,6,1,2019,6,1
2019-01-06 18:00:00,Delhi,28.7041,77.1025,0.1548551310358289,0.0,3.093753722124121,102.10412328636798,70.00167905084086,2.22600615310298,216.21648658982363,Poor,18,6,1,2019,6,1
2019-01-06 18:00:00,Faridabad,28.4089,77.3178,0.0177900478676509,0.0,34.83023518195001,67.19862102506525,38.59065493043434,3.81919877713478,116.79374190565,Moderate,18,6,1,2019,6,1
2019-01-06 18:00:00,Ghaziabad,28.6692,77.4538,0.1898172596899291,0.0,15.176083070643523,127.29508176897072,77.76651603228068,2.3747005239890195,224.30826407574511,Poor,18,6,1,2019,6,1
2019-01-06 18:00:00,Gurgaon,28.4595,77.0266,0.1396948890766091,10.883324356280887,11.870248820117013,31.10836735981948,21.50693952676172,5.239997944294127,70.90769388082583,Satisfactory,18,6,1,2019,6,1
2019-01-06 18:00:00,Noida,28.5355,77.391,0.1268794562732628,3.929065318213637,24.354318440123038,55.47666616257671,34.86236012974279,1.6378014003892984,98.87417292125627,Satisfactory,18,6,1,2019,6,1
2019-01-06 19:00:00,Delhi,28.7041,77.1025,0.4369797278123651,11.392301827633805,13.065563302228728,53.97566873881288,35.950463394419245,7.3812061488461875,103.72479380237527,Moderate,19,6,1,2019,6,1
2019-01-06 19:00:00,Faridabad,28.4089,77.3178,0.1759377317893656,13.23725182338258,7.670637344574089,85.50083359298212,55.11431832739094,6.30622618800344,198.58587572058514,Moderate,19,6,1,2019,6,1
2019-01-06 19:00:00,Ghaziabad,28.6692,77.4538,0.1410698560183028,1.4499913703161378,21.386524789414366,44.78709096861093,37.82432274332604,6.056379883881221,113.00039757946392,Moderate,19,6,1,2019,6,1
2019-01-06 19:00:00,Gurgaon,28.4595,77.0266,0.0,6.469285758422474,22.733762796816382,67.54121590096722,33.29220332258663,4.147028607340102,95.58623772678396,Satisfactory,19,6,1,2019,6,1
2019-01-06 19:00:00,Noida,28.5355,77.391,0.0322730669332691,23.44530277097468,11.478609484554404,71.38282967505737,44.558610464414194,5.02729627351201,146.33512179885025,Moderate,19,6,1,2019,6,1
2019-01-06 20:00:00,Delhi,28.7041,77.1025,0.3601287978224948,12.10286301786047,0.0,115.5213365112828,76.84127933721543,5.948836413398444,223.34407004615082,Poor,20,6,1,2019,6,1
2019-01-06 20:00:00,Faridabad,28.4089,77.3178,0.0,7.510756665121325,19.43137359828512,76.0071003007656,42.48317626018793,6.786727631614046,136.06172248793027,Moderate,20,6,1,2019,6,1
2019-01-06 20:00:00,Ghaziabad,28.6692,77.4538,0.7497178788497252,2.7981908649172227,28.965519515579395,114.41988285168648,70.46013711663662,5.018781550937847,216.69424815312658,Poor,20,6,1,2019,6,1
2019-01-06 20:00:00,Gurgaon,28.4595,77.0266,0.0030581030657681,5.104538249737107,18.66568648680676,75.72215126635021,36.19062096011997,5.379319931744222,104.91357375259386,Moderate,20,6,1,2019,6,1
2019-01-06 20:00:00,Noida,28.5355,77.391,0.4423870417079578,2.6079745208687832,9.98676956695418,57.00243892956264,29.343691162592837,5.571405800254725,87.31798576782262,Satisfactory,20,6,1,2019,6,1
2019-01-06 21:00:00,Delhi,28.7041,77.1025,0.2626126776835835,4.485387876420586,5.235644201571993,69.24209961254346,35.59447757751274,3.32153097797806,101.96266400868808,Moderate,21,6,1,2019,6,1
2019-01-06 21:00:00,Faridabad,28.4089,77.3178,0.6258667076621285,1.2898545119392737,3.422289760956302,77.36505331030364,52.59194433445496,4.0012556871763945,186.10012445555205,Moderate,21,6,1,2019,6,1
2019-01-06 21:00:00,Ghaziabad,28.6692,77.4538,0.4633344888728413,0.0,32.39228692779496,92.76369846211875,65.0116409876324,4.944986681629746,211.0163416607959,Poor,21,6,1,2019,6,1
2019-01-06 21:00:00,Gurgaon,28.4595,77.0266,0.321753450604029,0.0,25.066334380750583,102.17129580496334,55.4076542814568,6.126455383951644,201.00797656699183,Poor,21,6,1,2019,6,1
2019-01-06 21:00:00,Noida,28.5355,77.391,0.5407030568111534,1.96378065405928,25.909715374076224,46.82129986090088,39.19243482395108,8.766058305439211,119.77255237855786,Moderate,21,6,1,2019,6,1
2019-01-06 22:00:00,Delhi,28.7041,77.1025,0.0,13.186941068190606,35.85649891669823,71.93982111364603,50.08377125537766,4.2790089740768265,173.68466771411943,Moderate,22,6,1,2019,6,1
2019-01-06 22:00:00,Faridabad,28.4089,77.3178,0.2798038643551031,16.08033135213441,16.723427728340088,45.03633836278874,22.165311727364816,3.0271232295274944,72.28633652311436,Satisfactory,22,6,1,2019,6,1
2019-01-06 22:00:00,Ghaziabad,28.6692,77.4538,0.4500373441813462,16.674448931737686,13.377391114113228,64.45218138727434,51.83311425136825,7.598337380068218,182.34391554427285,Moderate,22,6,1,2019,6,1
2019-01-06 22:00:00,Gurgaon,28.4595,77.0266,0.8592297891485817,7.436037075215952,8.180639271723154,106.03840574480968,61.10482465888643,8.772966416549025,206.94502780241848,Poor,22,6,1,2019,6,1
2019-01-06 22:00:00,Noida,28.5355,77.391,0.3395093371712341,9.978501497800746,20.96982158348147,101.00969804100964,66.3260997014054,10.30048533245578,212.38614600462247,Poor,22,6,1,2019,6,1
2019-01-06 23:00:00,Delhi,28.7041,77.1025,0.5355641895442687,22.954098425666388,34.34334340410013,40.55230482384478,33.65963573480757,4.723392176188624,96.35564747887057,Satisfactory,23,6,1,2019,6,1
2019-01-06 23:00:00,Faridabad,28.4089,77.3178,0.2752859525746915,9.802881351254392,29.308257694326954,70.02646542304008,50.6643868732298,7.571827356922829,176.55871502248752,Moderate,23,6,1,2019,6,1
2019-01-06 23:00:00,Ghaziabad,28.6692,77.4538,0.3592930828245927,22.74840528332565,14.303021659176846,97.98714337723747,43.22040294099238,7.361652551113076,139.71099455791227,Moderate,23,6,1,2019,6,1
2019-01-06 23:00:00,Gurgaon,28.4595,77.0266,0.3976721294130344,18.55368256911824,28.86551775771637,64.43461967658976,34.07791867952389,5.008285545701769,97.23153911524233,Satisfactory,23,6,1,2019,6,1
2019-01-06 23:00:00,Noida,28.5355,77.391,0.7705431194446778,10.67059588079675,32.66342229311086,79.80270400513218,56.252412690808654,3.95297442243181,201.8883037514743,Poor,23,6,1,2019,6,1
2019-01-07 00:00:00,Delhi,28.7041,77.1025,0.4629237022148626,13.62273567252772,58.29098172625413,105.34229877273008,62.38382004086319,5.712409538585667,208.2778756215311,Poor,0,7,1,2019,0,0
2019-01-07 00:00:00,Faridabad,28.4089,77.3178,0.2530688264902289,31.54445522683354,47.23198713627094,57.02209678740311,43.02345939658474,6.971774313297235,138.73612401309447,Moderate,0,7,1,2019,0,0
2019-01-07 00:00:00,Ghaziabad,28.6692,77.4538,0.6572023670171295,16.68340995552784,17.802502084682907,87.76905116515117,61.462823542784776,3.6117786810848456,207.3181003235336,Poor,0,7,1,2019,0,0
2019-01-07 00:00:00,Gurgaon,28.4595,77.0266,0.7523944510394587,18.568196036445237,20.96331099464921,92.7538794976686,61.03552534649045,7.074092528165761,206.87281062423742,Poor,0,7,1,2019,0,0
2019-01-07 00:00:00,Noida,28.5355,77.391,0.798104448656483,20.63060603151224,34.96400991789209,96.75951324968206,53.792686402828586,4.792889306059058,192.0437976940015,Moderate,0,7,1,2019,0,0
2019-01-07 01:00:00,Delhi,28.7041,77.1025,0.2682683516243069,47.88261340512351,14.01980335558304,77.72590222593307,60.18820024684156,11.338291571559306,205.98980867828752,Poor,1,7,1,2019,0,0
2019-01-07 01:00:00,Faridabad,28.4089,77.3178,0.5323854554231617,22.24970447693208,33.62515532112391,111.2436734724952,67.13286160292711,6.7153252107319865,213.22687682831352,Poor,1,7,1,2019,0,0
2019-01-07 01:00:00,Ghaziabad,28.6692,77.4538,0.5529585356419584,22.708659857949566,57.44620421080542,89.7366281498162,58.507948704355854,5.364383606203622,204.238809702434,Poor,1,7,1,2019,0,0
2019-01-07 01:00:00,Gurgaon,28.4595,77.0266,0.3999954130043301,22.250415131396192,54.812371552761135,138.20708634970492,98.06434829817694,3.2929776699672284,245.46074191073177,Poor,1,7,1,2019,0,0
2019-01-07 01:00:00,Noida,28.5355,77.391,0.6377681490636551,25.732304315974005,34.78695273842389,128.57067322262654,79.0886874451296,6.829407008940881,225.6861058638719,Poor,1,7,1,2019,0,0
2019-01-07 02:00:00,Delhi,28.7041,77.1025,0.5368512299939365,37.7615089147672,60.01398462468094,108.1075478974256,62.51673862237735,6.341844882101999,208.4163907748985,Poor,2,7,1,2019,0,0
2019-01-07 02:00:00,Faridabad,28.4089,77.3178,0.8230779596333344,11.37729093668698,41.67560412303498,95.52982900024745,69.55540221548732,3.132162242715254,215.75141915087627,Poor,2,7,1,2019,0,0
2019-01-07 02:00:00,Ghaziabad,28.6692,77.4538,0.53250019980857,27.39654318864229,35.40515288693669,167.1488608993948,103.9186216073853,7.14467120323862,251.56151093822257,Poor,2,7,1,2019,0,0
2019-01-07 02:00:00,Gurgaon,28.4595,77.0266,0.8932067344969777,38.69105174875508,48.836444440012464,106.92784567215968,78.97769187959223,6.059346706517547,225.57043680083822,Poor,2,7,1,2019,0,0
2019-01-07 02:00:00,Noida,28.5355,77.391,0.6891915224412608,42.98100373700673,55.75817384852012,76.10003294916778,50.91122935308449,4.89320330536407,177.7805852977682,Moderate,2,7,1,2019,0,0
2019-01-07 03:00:00,Delhi,28.7041,77.1025,0.5161572826249649,27.982241108992334,54.50925516418141,121.70948940043792,78.07185881761278,7.2747239671611075,224.626463399407,Poor,3,7,1,2019,0,0
2019-01-07 03:00:00,Faridabad,28.4089,77.3178,0.8899057093489342,17.03201571468342,15.870203110724283,55.75027939738252,38.05623317278926,4.2191788834504536,114.14835420530686,Moderate,3,7,1,2019,0,0
2019-01-07 03:00:00,Ghaziabad,28.6692,77.4538,0.5928435204415967,43.14422939948888,48.375329529788026,126.51005264113375,83.58154557146294,5.117168758502823,230.3681369639456,Poor,3,7,1,2019,0,0
2019-01-07 03:00:00,Gurgaon,28.4595,77.0266,0.7871564372173514,39.26506279465466,43.63347855745744,107.50981658722196,76.12465381094405,3.451627233135436,222.59727081351014,Poor,3,7,1,2019,0,0
2019-01-07 03:00:00,Noida,28.5355,77.391,0.714758096390594,44.646763027352506,62.65226675077036,113.79184072064456,81.50480928043584,5.695802655263048,228.20395914487523,Poor,3,7,1,2019,0,0
2019-01-07 04:00:00,Delhi,28.7041,77.1025,0.3720128641664833,47.258347111122745,51.31186729329056,148.5500851889263,96.3833199876264,2.6259519838593826,243.7089334607896,Poor,4,7,1,2019,0,0
2019-01-07 04:00:00,Faridabad,28.4089,77.3178,0.5677576526563398,43.61572187629909,52.18306978598321,100.5845076442768,73.77249488985193,6.923492703507153,220.14607362205624,Poor,4,7,1,2019,0,0
2019-01-07 04:00:00,Ghaziabad,28.6692,77.4538,1.0172043881661097,41.656331961737074,46.9241513207321,83.83232940844051,52.658922400868185,4.65953383449903,186.4316658842975,Moderate,4,7,1,2019,0,0
2019-01-07 04:00:00,Gurgaon,28.4595,77.0266,0.7345387500128034,28.64769928895465,47.62843023345351,70.10535556317522,54.25356827117122,3.2007228685796827,194.32516294229754,Moderate,4,7,1,2019,0,0
2019-01-07 04:00:00,Noida,28.5355,77.391,0.6202906728083744,31.794720640189677,41.97361979119459,102.4381777575827,86.06707790374129,7.596946711266501,232.95832328916197,Poor,4,7,1,2019,0,0
2019-01-07 05:00:00,Delhi,28.7041,77.1025,1.1506562690873603,38.662646307804536,44.4154283271776,39.86917318540207,40.28938034180209,9.869933784292302,125.20243269192034,Moderate,5,7,1,2019,0,0
2019-01-07 05:00:00,Faridabad,28.4089,77.3178,0.927611862184722,36.18098156329096,63.28575264331944,112.40441954127265,65.444127358931,2.134513918112864,211.4670379845702,Poor,5,7,1,2019,0,0
2019-01-07 05:00:00,Ghaziabad,28.6692,77.4538,0.8828653165705378,34.98595590261753,54.94024637462708,109.49488752237714,81.10879748127886,8.854447546772512,227.79127316470112,Poor,5,7,1,2019,0,0
2019-01-07 05:00:00,Gurgaon,28.4595,77.0266,0.9812853272563958,37.70688338328464,69.81942435343835,134.80040751513332,93.57893781248708,5.000649375392781,240.78647203617075,Poor,5,7,1,2019,0,0
2019-01-07 05:00:00,Noida,28.5355,77.391,0.8588913610209405,25.1937868286051,27.20366997901989,100.2220626555147,65.80975204382887,10.768462189764248,211.84805739304272,Poor,5,7,1,2019,0,0
2019-01-07 06:00:00,Delhi,28.7041,77.1025,0.6458626475573392,39.92287539399877,39.75083401087357,128.37735184378482,87.74036581214793,6.770300520741709,234.702065425291,Poor,6,7,1,2019,0,0
2019-01-07 06:00:00,Faridabad,28.4089,77.3178,1.0544760694078077,31.815967841988275,50.62535758318524,116.50706235562068,81.88349807855994,4.524298532854872,228.5985927344993,Poor,6,7,1,2019,0,0
2019-01-07 06:00:00,Ghaziabad,28.6692,77.4538,0.8197670629117669,44.35477767598745,59.9464112913686,88.63787278967872,59.923701091160034,5.03611775316539,205.714172716051,Poor,6,7,1,2019,0,0
2019-01-07 06:00:00,Gurgaon,28.4595,77.0266,0.5940122514176026,40.41083292232676,77.74551445752911,155.54082133426868,93.36173585231003,8.17081666500927,240.56012473030205,Poor,6,7,1,2019,0,0
2019-01-07 06:00:00,Noida,28.5355,77.391,0.8683284665112166,44.32132121027675,75.373869358227,109.74519177468738,80.95614236980096,8.61562818698117,227.63219046958204,Poor,6,7,1,2019,0,0
2019-01-07 07:00:00,Delhi,28.7041,77.1025,1.1165078449262271,32.44017834519,39.43964873060095,108.22163971933146,67.10548767023815,6.955301452744298,213.19835030898503,Poor,7,7,1,2019,0,0
2019-01-07 07:00:00,Faridabad,28.4089,77.3178,0.6609862302461162,35.769872231333615,49.02811483325747,92.73912219891112,56.81701197571813,5.9969717424760205,202.47667563785365,Poor,7,7,1,2019,0,0
2019-01-07 07:00:00,Ghaziabad,28.6692,77.4538,0.9826705029656002,25.778298112997085,51.869246420792805,88.04981159840605,66.95581433417424,2.6118803481348083,213.04237493771842,Poor,7,7,1,2019,0,0
2019-01-07 07:00:00,Gurgaon,28.4595,77.0266,1.0138327212982452,37.34936214468833,47.576905399024064,62.43738224615944,45.23410786769375,6.835133258504031,149.67883394508408,Moderate,7,7,1,2019,0,0
2019-01-07 07:00:00,Noida,28.5355,77.391,1.2174564594228852,18.87504632465742,49.20667233004937,101.16379460724536,67.27735032254108,4.155340296482641,213.3774492834902,Poor,7,7,1,2019,0,0
2019-01-07 08:00:00,Delhi,28.7041,77.1025,0.7573171788737334,29.9543548646422,59.94037028856298,102.21921300237732,59.34309639833083,2.500052383453763,205.1091215098395,Poor,8,7,1,2019,0,0
2019-01-07 08:00:00,Faridabad,28.4089,77.3178,0.7711170641558538,25.368939854180137,64.03470157283475,101.27133053092469,74.50539513589521,5.050881832659545,220.90983282582764,Poor,8,7,1,2019,0,0
2019-01-07 08:00:00,Ghaziabad,28.6692,77.4538,0.7086008195145653,53.0742010184992,79.82305652112314,77.67114501338976,56.72210834007844,5.636628669136082,202.3777760596607,Poor,8,7,1,2019,0,0
2019-01-07 08:00:00,Gurgaon,28.4595,77.0266,0.9390843707249454,36.75720402627902,43.00954423735607,92.80222286524392,63.61282332221294,5.80914614482453,209.558626409464,Poor,8,7,1,2019,0,0
2019-01-07 08:00:00,Noida,28.5355,77.391,0.9722464552673956,43.69504371067135,58.41461319736548,109.33913966298972,79.35695764786412,11.77761304548775,225.96567165409,Poor,8,7,1,2019,0,0
2019-01-07 09:00:00,Delhi,28.7041,77.1025,0.4084997644901448,30.712297733478003,68.9562887479955,65.73499861557394,53.68499241474244,6.807597104654084,191.5107124529751,Moderate,9,7,1,2019,0,0
2019-01-07 09:00:00,Faridabad,28.4089,77.3178,0.795892392030859,27.554633351369198,56.72905430212282,122.47449434969542,71.20332032199934,4.5774727429948605,217.46872328292562,Poor,9,7,1,2019,0,0
2019-01-07 09:00:00,Ghaziabad,28.6692,77.4538,0.7792081606179591,40.443156268037406,35.506850485729224,138.70746560364822,91.37311761630728,5.701218915588935,238.48777520015182,Poor,9,7,1,2019,0,0
2019-01-07 09:00:00,Gurgaon,28.4595,77.0266,0.5688717551395297,28.984122353941263,49.92340616775921,116.8341546851073,76.26667355311297,8.225814773653106,222.74527033429666,Poor,9,7,1,2019,0,0
2019-01-07 09:00:00,Noida,28.5355,77.391,0.6563649725226954,34.12771345215903,31.95281416114249,116.64937089154196,71.92690031112053,8.632652162901694,218.22276979790456,Poor,9,7,1,2019,0,0
2019-01-07 10:00:00,Delhi,28.7041,77.1025,0.5190125599711912,37.54254513160056,56.57344692124243,138.90173692992502,91.63508958277995,6.440633770836684,238.7607775652128,Poor,10,7,1,2019,0,0
2019-01-07 10:00:00,Faridabad,28.4089,77.3178,0.7595453627132591,14.294189312939862,28.40322492859885,67.53597449496112,51.72223149174901,7.466624142170624,181.7950458841576,Moderate,10,7,1,2019,0,0
2019-01-07 10:00:00,Ghaziabad,28.6692,77.4538,0.5528597189052621,29.440209687235665,41.60849630447823,79.65903167702885,52.43097648570274,6.578443046732933,185.30333360422858,Moderate,10,7,1,2019,0,0
2019-01-07 10:00:00,Gurgaon,28.4595,77.0266,1.0465573933153272,34.81375347513683,55.62074878638523,108.5279070753034,71.928467488256,7.771656977453825,218.22440296144572,Poor,10,7,1,2019,0,0
2019-01-07 10:00:00,Noida,28.5355,77.391,0.5534744871101595,15.705200573451084,47.864697690362576,67.30613431561332,49.99503487356166,3.5053469720883546,173.2454226241302,Moderate,10,7,1,2019,0,0
2019-01-07 11:00:00,Delhi,28.7041,77.1025,0.7825790455222832,28.30396375626698,31.61778284611163,135.42988932776072,86.03856721217733,7.979781589534943,232.9286121474269,Poor,11,7,1,2019,0,0
2019-01-07 11:00:00,Faridabad,28.4089,77.3178,0.1828192613478683,27.856541341039275,38.12297632548415,107.0914597980245,66.15493676187631,3.64331294197236,212.20777620448163,Poor,11,7,1,2019,0,0
2019-01-07 11:00:00,Ghaziabad,28.6692,77.4538,0.7890666194544542,33.076773358486314,62.52895640436981,128.60993245545424,78.47268029142013,5.406753729057513,225.04416156684835,Poor,11,7,1,2019,0,0
2019-01-07 11:00:00,Gurgaon,28.4595,77.0266,1.0537396047704952,41.194829742599765,40.02478580750378,68.82297996750076,42.74775477398243,8.605342408767118,137.37138613121303,Moderate,11,7,1,2019,0,0
2019-01-07 11:00:00,Noida,28.5355,77.391,0.6122349423239205,29.27800393795639,27.614639167119428,86.35346654181726,60.12242870587836,4.734758338519592,205.92126780928376,Poor,11,7,1,2019,0,0
2019-01-07 12:00:00,Delhi,28.7041,77.1025,0.615080823197879,26.75206596602947,30.484585460769345,72.6278183315674,39.13997458105106,8.990672496453598,119.51287417620274,Moderate,12,7,1,2019,0,0
2019-01-07 12:00:00,Faridabad,28.4089,77.3178,0.4098057321700319,34.188226652327344,32.46562817238463,53.55768355845575,38.59414472564669,4.677079852887389,116.81101639195114,Moderate,12,7,1,2019,0,0
2019-01-07 12:00:00,Ghaziabad,28.6692,77.4538,0.7750409633116581,15.11328307347819,32.96077963686305,75.93944491224049,46.270240152225405,3.0075321698777784,154.80768875351575,Moderate,12,7,1,2019,0,0
2019-01-07 12:00:00,Gurgaon,28.4595,77.0266,0.5359753252646028,18.44533104995803,35.88152617811459,110.32488374859994,74.87110617627016,7.068948102833453,221.29094222579732,Poor,12,7,1,2019,0,0
2019-01-07 12:00:00,Noida,28.5355,77.391,0.5206852327927513,14.813622757068508,46.16914936397794,92.88142918061816,56.51030437313361,7.993647658377102,202.15705403094975,Poor,12,7,1,2019,0,0
2019-01-07 13:00:00,Delhi,28.7041,77.1025,0.1167602704285687,18.25292271613824,15.969977176769444,82.96615409662762,51.680875078811866,6.216245829687065,181.59033164011873,Moderate,13,7,1,2019,0,0
2019-01-07 13:00:00,Faridabad,28.4089,77.3178,0.6357997077187477,8.08555679944107,28.078225603583217,141.19703298865105,85.95145538899314,4.560905917455655,232.8378324580034,Poor,13,7,1,2019,0,0
2019-01-07 13:00:00,Ghaziabad,28.6692,77.4538,0.552025145458179,23.40636689396157,39.567697947191576,90.1585078751504,62.86385136081668,7.278215165185959,208.7781187865353,Poor,13,7,1,2019,0,0
2019-01-07 13:00:00,Gurgaon,28.4595,77.0266,0.4489724079126091,9.466163272817912,33.22914162105877,74.37241161702195,53.49436132829716,6.231921042875804,190.56708857507095,Moderate,13,7,1,2019,0,0
2019-01-07 13:00:00,Noida,28.5355,77.391,0.5196295728534726,12.371551582410468,24.65316772064682,65.50194881957354,46.342019555049326,5.117576592667065,155.16299679749417,Moderate,13,7,1,2019,0,0
2019-01-07 14:00:00,Delhi,28.7041,77.1025,0.0,0.0,34.057682331978754,8.296366848844473,21.52687143845252,4.520994148438987,70.94943164462279,Satisfactory,14,7,1,2019,0,0
2019-01-07 14:00:00,Faridabad,28.4089,77.3178,0.5603500441230019,0.0,33.8436079274609,23.35402059326313,20.535788674752272,1.478693876851739,68.87408739584878,Satisfactory,14,7,1,2019,0,0
2019-01-07 14:00:00,Ghaziabad,28.6692,77.4538,0.2690142557608132,0.0,45.38535072237428,45.075373274675776,36.31539162398894,2.6583006483560654,105.53118853874524,Moderate,14,7,1,2019,0,0
2019-01-07 14:00:00,Gurgaon,28.4595,77.0266,0.2578707092467242,0.0,24.350638575753305,80.86281741439453,54.1397866345406,6.174747289008455,193.76194384097596,Moderate,14,7,1,2019,0,0
2019-01-07 14:00:00,Noida,28.5355,77.391,0.070800584045325,6.618070148260107,8.223763607907951,76.7114023376396,54.34829196488822,5.850391236445353,194.7940452261967,Moderate,14,7,1,2019,0,0
2019-01-07 15:00:00,Delhi,28.7041,77.1025,0.1496502054225706,0.0,8.153343605314516,71.8650301797042,44.61552538014096,7.428655159433499,146.61685063169776,Moderate,15,7,1,2019,0,0
2019-01-07 15:00:00,Faridabad,28.4089,77.3178,0.2322948965440096,8.765524494057582,20.51908367006413,61.031874238777405,38.91673948569327,6.223380832804628,118.4078604541817,Moderate,15,7,1,2019,0,0
2019-01-07 15:00:00,Ghaziabad,28.6692,77.4538,0.4043647744556029,11.49035390890461,10.474899168894131,154.80234128635627,105.3532102282088,4.765231539124944,253.05650329044917,Poor,15,7,1,2019,0,0
2019-01-07 15:00:00,Gurgaon,28.4595,77.0266,0.4492421389265604,0.0,13.676206368394876,55.6276044999075,43.19656263067717,5.300451437378134,139.592985021852,Moderate,15,7,1,2019,0,0
2019-01-07 15:00:00,Noida,28.5355,77.391,0.4169003480710124,13.045993981485775,15.101703707461162,35.35822176812724,28.604030769315457,3.919167988758312,85.76912426053237,Satisfactory,15,7,1,2019,0,0
2019-01-07 16:00:00,Delhi,28.7041,77.1025,0.0,10.767841011533095,7.823027052404387,81.38949958750321,41.38646077099455,5.84632294934239,130.63298081642304,Moderate,16,7,1,2019,0,0
2019-01-07 16:00:00,Faridabad,28.4089,77.3178,0.0553653100912505,5.371157682735971,13.34202002999888,48.29106586356309,31.75654819617911,3.8218167561241496,92.37054964157164,Satisfactory,16,7,1,2019,0,0
2019-01-07 16:00:00,Ghaziabad,28.6692,77.4538,0.3414891835181223,8.149232110428372,7.0079424688441945,121.50855071482432,69.88446938312022,5.79360866686517,216.09434177819895,Poor,16,7,1,2019,0,0
2019-01-07 16:00:00,Gurgaon,28.4595,77.0266,0.0105637773167424,0.7024357886763181,3.469715430323148,107.18334380363268,55.17416509697054,6.309949982897488,198.88211723000418,Moderate,16,7,1,2019,0,0
2019-01-07 16:00:00,Noida,28.5355,77.391,0.3482858979573959,13.516263170780563,0.0,62.26456684576022,45.25935827269671,9.628520112214872,149.80382344984872,Moderate,16,7,1,2019,0,0
2019-01-07 17:00:00,Delhi,28.7041,77.1025,0.2535335205783,0.0,5.290653831313819,70.83922013648991,46.94479852110551,8.373670307440085,158.14675267947229,Moderate,17,7,1,2019,0,0
2019-01-07 17:00:00,Faridabad,28.4089,77.3178,0.3351871910919937,5.349460138774323,28.191461467781146,44.44782894385985,21.95407634210465,8.936251852301906,71.84400601551829,Satisfactory,17,7,1,2019,0,0
2019-01-07 17:00:00,Ghaziabad,28.6692,77.4538,0.3027503724084427,15.099364893248726,16.5625492731901,88.69906806588297,57.55553570339401,4.261369754479492,203.24629510143166,Poor,17,7,1,2019,0,0
2019-01-07 17:00:00,Gurgaon,28.4595,77.0266,0.0,6.338776006645771,8.230695598482834,8.341927081304826,7.8784644940916,2.8410889766587872,32.826935392048334,Good,17,7,1,2019,0,0
2019-01-07 17:00:00,Noida,28.5355,77.391,0.0315711973787273,3.230862109055274,21.25723112943997,112.89901823549415,68.9561779086901,5.465945669510362,215.12696434695073,Poor,17,7,1,2019,0,0
2019-01-07 18:00:00,Delhi,28.7041,77.1025,0.2855221029322198,0.0,7.298095487485139,77.82311598904525,47.41095541603264,9.61749014661762,160.4542293093616,Moderate,18,7,1,2019,0,0
2019-01-07 18:00:00,Faridabad,28.4089,77.3178,0.515050496747699,7.550369581222631,30.036412083317774,76.21647840221443,51.57185669709659,4.432688758296545,181.05069065062816,Moderate,18,7,1,2019,0,0
2019-01-07 18:00:00,Ghaziabad,28.6692,77.4538,0.2516257465984349,8.546434259195781,9.55653401210676,77.58027661039397,51.744685382486935,6.603527809276052,181.90619264331033,Moderate,18,7,1,2019,0,0
2019-01-07 18:00:00,Gurgaon,28.4595,77.0266,0.2127186110390637,15.545699882160356,13.384649718399286,45.96016640107682,47.495950283680806,7.03751713626013,160.87495390422,Moderate,18,7,1,2019,0,0
2019-01-07 18:00:00,Noida,28.5355,77.391,0.0185646510618952,24.624713961039443,28.489057630951415,59.91484178976628,51.87736421834691,8.608375879928271,182.56295288081722,Moderate,18,7,1,2019,0,0
2019-01-07 19:00:00,Delhi,28.7041,77.1025,0.0,0.0,18.29278457039538,36.745017026457866,22.420393302471336,7.356077674841721,72.82048170175622,Satisfactory,19,7,1,2019,0,0
2019-01-07 19:00:00,Faridabad,28.4089,77.3178,0.6454940657656759,0.0,19.85448235617419,59.44385762398,37.39804511747796,6.571665932766572,110.89032333151593,Moderate,19,7,1,2019,0,0
2019-01-07 19:00:00,Ghaziabad,28.6692,77.4538,0.3924783774114346,5.927535284028763,15.163104795457969,115.49196009701788,74.79286674813625,5.10549435519925,221.20940850595252,Poor,19,7,1,2019,0,0
2019-01-07 19:00:00,Gurgaon,28.4595,77.0266,0.0021348226511824,4.371708720388073,23.172564479838236,93.4882246354933,61.70374181023157,10.223477508371872,207.5691625180308,Poor,19,7,1,2019,0,0
2019-01-07 19:00:00,Noida,28.5355,77.391,0.1578561775261088,7.72988386054023,0.4767368343835309,5.051727664423143,14.882468774264494,3.752139383110138,57.03593888628035,Satisfactory,19,7,1,2019,0,0
2019-01-07 20:00:00,Delhi,28.7041,77.1025,0.1352091391331944,0.078204315397964,13.915737974798716,78.22113696709911,46.05386428174507,6.541425301682486,153.73662819463812,Moderate,20,7,1,2019,0,0
2019-01-07 20:00:00,Faridabad,28.4089,77.3178,0.1010439878795328,5.05641033342558,15.012026844496765,31.523866392434403,29.328650227183367,4.373199972357025,87.28648979196518,Satisfactory,20,7,1,2019,0,0
2019-01-07 20:00:00,Ghaziabad,28.6692,77.4538,0.039127316784764,0.222990932167576,24.54262459670307,58.11659097961607,35.21837240046269,9.156824080146889,99.6196687018236,Satisfactory,20,7,1,2019,0,0
2019-01-07 20:00:00,Gurgaon,28.4595,77.0266,0.081064478020021,21.1781841409223,5.967084949853628,39.48868438641989,23.453107866788983,4.437522863363685,74.98300365267778,Satisfactory,20,7,1,2019,0,0
2019-01-07 20:00:00,Noida,28.5355,77.391,0.2427258656601056,18.52194641609919,3.7359747823085225,78.9277995126208,49.52567404096801,5.817217148363238,170.92208650279167,Moderate,20,7,1,2019,0,0
2019-01-07 21:00:00,Delhi,28.7041,77.1025,0.0,0.0,17.481729801499842,71.07479231860214,47.51233567875904,6.576513909558236,160.95606160985724,Moderate,21,7,1,2019,0,0
2019-01-07 21:00:00,Faridabad,28.4089,77.3178,0.2937387318336769,0.0,33.47179771174313,80.07581985335865,47.24294917406253,8.050250454378522,159.62259841160954,Moderate,21,7,1,2019,0,0
2019-01-07 21:00:00,Ghaziabad,28.6692,77.4538,0.5515068797211217,4.141585428464022,21.12666987456448,66.58832188689189,46.17153056064035,4.722829208985897,154.31907627516972,Moderate,21,7,1,2019,0,0
2019-01-07 21:00:00,Gurgaon,28.4595,77.0266,0.4452734156393327,13.321548296863526,35.85031700120532,110.95202242038803,68.50603239371459,5.718923742213803,214.65786533660784,Poor,21,7,1,2019,0,0
2019-01-07 21:00:00,Noida,28.5355,77.391,0.4396664152381023,13.114946164480791,17.59442382327902,107.15404479408885,64.65986210167782,5.310746927910847,210.64975103227476,Poor,21,7,1,2019,0,0
2019-01-07 22:00:00,Delhi,28.7041,77.1025,0.0460172762741328,14.002915341597191,33.192383996061864,30.0416393500233,28.458614451097027,6.434388429483162,85.46462000443395,Satisfactory,22,7,1,2019,0,0
2019-01-07 22:00:00,Faridabad,28.4089,77.3178,0.0561525907374282,8.997507866164607,25.898190157197696,82.8599802458614,44.595230679014215,6.226636535320801,146.51639186112038,Moderate,22,7,1,2019,0,0
2019-01-07 22:00:00,Ghaziabad,28.6692,77.4538,0.4104460059563854,11.706344957817349,19.65346623023176,36.68406939162482,39.24507988563549,2.746597272886432,120.03314543389568,Moderate,22,7,1,2019,0,0
2019-01-07 22:00:00,Gurgaon,28.4595,77.0266,0.0312199562569563,18.29969156199296,26.397997507864197,109.65934759457764,86.36881245090662,5.245083534006072,233.27276244883953,Poor,22,7,1,2019,0,0
2019-01-07 22:00:00,Noida,28.5355,77.391,0.2291885782270428,19.607392340225164,13.903100007000752,72.06764665718306,48.09360578184335,4.371087130083543,163.83334862012458,Moderate,22,7,1,2019,0,0
2019-01-07 23:00:00,Delhi,28.7041,77.1025,0.81089223499961,28.546022802241996,13.254652093343529,81.60159296263535,60.37089331952102,7.17242931982854,206.18019409086926,Poor,23,7,1,2019,0,0
2019-01-07 23:00:00,Faridabad,28.4089,77.3178,0.6420340015903783,26.19986211896002,29.093491752971108,100.48820663203207,67.64223968581804,4.721999396028381,213.75770240943143,Poor,23,7,1,2019,0,0
2019-01-07 23:00:00,Ghaziabad,28.6692,77.4538,0.4881221847569643,7.869506264795106,26.776185438520628,108.55077547878726,67.61652155692767,6.631580106212395,213.7309014119562,Poor,23,7,1,2019,0,0
2019-01-07 23:00:00,Gurgaon,28.4595,77.0266,0.3386228602309077,32.32783856014925,33.99265213331164,82.08209479335223,53.94135830741716,5.157105546027051,192.77972362171494,Moderate,23,7,1,2019,0,0
2019-01-07 23:00:00,Noida,28.5355,77.391,0.6791468671500555,21.1298659334142,47.261314575437424,87.92884110304806,58.58446700997703,5.213061426529045,204.31854983144976,Poor,23,7,1,2019,0,0
2019-01-08 00:00:00,Delhi,28.7041,77.1025,0.4587002378422071,38.442879165172286,24.49531195162914,86.70555168169165,56.43115325469561,4.835449116691152,202.0745702338407,Poor,0,8,1,2019,1,0
2019-01-08 00:00:00,Faridabad,28.4089,77.3178,0.1595282888832677,19.59178602618925,54.09125791747721,71.53736099681296,48.91187766482722,4.336092791879157,167.88379444089475,Moderate,0,8,1,2019,1,0
2019-01-08 00:00:00,Ghaziabad,28.6692,77.4538,0.7319970679011226,16.95382346937938,36.655121144825394,68.69877070604727,53.86491807881506,6.912329264339302,192.40134449013453,Moderate,0,8,1,2019,1,0
2019-01-08 00:00:00,Gurgaon,28.4595,77.0266,0.7776440280422448,19.990718894961525,28.89467031703981,72.09214351158339,32.29790309939823,3.812807194074976,93.50415606284245,Satisfactory,0,8,1,2019,1,0
2019-01-08 00:00:00,Noida,28.5355,77.391,0.0804413169286585,18.474788248565496,37.877612447649874,131.89800989624595,66.92129873658824,9.820827842762784,213.006406051813,Poor,0,8,1,2019,1,0
2019-01-08 01:00:00,Delhi,28.7041,77.1025,0.3264409788162034,12.22572781921992,24.365388707696045,111.49981243095316,72.65247710481509,6.258830268733182,218.97889719343888,Poor,1,8,1,2019,1,0
2019-01-08 01:00:00,Faridabad,28.4089,77.3178,0.776717159638632,21.570298488893464,38.98938132951241,76.16928613858836,58.72426471102216,5.321703638873556,204.46423375148626,Poor,1,8,1,2019,1,0
2019-01-08 01:00:00,Ghaziabad,28.6692,77.4538,0.8951137132074584,10.715076593535152,54.897824026594,36.83979655317091,30.15270807039875,12.03882192860207,89.01208100211704,Satisfactory,1,8,1,2019,1,0
2019-01-08 01:00:00,Gurgaon,28.4595,77.0266,0.444119107442927,42.19521559665531,39.03947244635047,55.31429493294318,37.46657198058106,6.798340367010286,111.22953130387624,Moderate,1,8,1,2019,1,0
2019-01-08 01:00:00,Noida,28.5355,77.391,0.7983339617523656,25.620970290030527,31.8367762450094,119.43996281077808,77.41856929361579,6.117434930471282,223.9456669480838,Poor,1,8,1,2019,1,0
2019-01-08 02:00:00,Delhi,28.7041,77.1025,1.163554596546726,30.27468611804341,54.37168712214362,91.641104778135,67.32587882051928,5.274811606678566,213.4280210866464,Poor,2,8,1,2019,1,0
2019-01-08 02:00:00,Faridabad,28.4089,77.3178,1.047402080715644,27.638714157673384,37.6057129978191,68.33014931801983,49.01493502890195,7.74649877334312,168.39392839306467,Moderate,2,8,1,2019,1,0
2019-01-08 02:00:00,Ghaziabad,28.6692,77.4538,0.6842883354160924,29.04024778833865,53.823200768408725,107.79100860406712,66.44846271818703,4.180627946794104,212.51366114842648,Poor,2,8,1,2019,1,0
2019-01-08 02:00:00,Gurgaon,28.4595,77.0266,0.466428591331624,32.21360700014001,38.40917321463747,118.3921860853384,92.2142134730173,4.625846314569292,239.3642856192496,Poor,2,8,1,2019,1,0
2019-01-08 02:00:00,Noida,28.5355,77.391,0.636840634173191,35.08396593777273,39.785909630020086,113.68456008376344,88.92973630971275,8.23469989503067,235.94151468064803,Poor,2,8,1,2019,1,0
2019-01-08 03:00:00,Delhi,28.7041,77.1025,0.3729010248965091,16.447096367860695,51.26671288103548,94.9016216026224,74.90576351132242,5.922594237438684,221.32705881706232,Poor,3,8,1,2019,1,0
2019-01-08 03:00:00,Faridabad,28.4089,77.3178,0.4924987835749491,29.91901474251384,59.21543283782842,133.20863232490382,82.43210147098154,8.792651501734987,229.1702952171281,Poor,3,8,1,2019,1,0
2019-01-08 03:00:00,Ghaziabad,28.6692,77.4538,1.0565063186266848,16.343930740806115,49.77826173707737,101.42382520071835,69.15933405154969,2.505972093231238,215.33867443266757,Poor,3,8,1,2019,1,0
2019-01-08 03:00:00,Gurgaon,28.4595,77.0266,0.8313203253889232,29.543944344562988,40.10196682456995,111.27547455345066,74.44783652921053,6.279581672529043,220.8498506988615,Poor,3,8,1,2019,1,0
2019-01-08 03:00:00,Noida,28.5355,77.391,0.4357648904725811,51.2480533528891,66.81400020396582,77.09850811135945,68.07487437713787,7.0792909044563865,214.20855329828052,Poor,3,8,1,2019,1,0
2019-01-08 04:00:00,Delhi,28.7041,77.1025,0.8392286930861528,33.627284245723835,65.14117862656317,78.58342554914654,41.30410518109582,2.786102310441899,130.22532064642434,Moderate,4,8,1,2019,1,0
2019-01-08 04:00:00,Faridabad,28.4089,77.3178,1.0419615704692045,38.79705055056728,61.95874027346562,110.0216740197066,79.5726925110076,6.889681422771849,226.19049009041845,Poor,4,8,1,2019,1,0
2019-01-08 04:00:00,Ghaziabad,28.6692,77.4538,0.7181732335880542,45.01309749006146,73.45253859466136,88.88175075365447,55.41749565756689,2.7628992360671347,201.01823231683287,Poor,4,8,1,2019,1,0
2019-01-08 04:00:00,Gurgaon,28.4595,77.0266,0.7571273582203042,30.55741173223473,38.65108764143567,143.92912106290797,106.66860384214948,0.7566921082994407,254.42728189866105,Poor,4,8,1,2019,1,0
2019-01-08 04:00:00,Noida,28.5355,77.391,0.6358892389396971,32.22350728772268,56.89155437526804,92.51770368811844,60.43266998095817,5.987398628789908,206.24457187489324,Poor,4,8,1,2019,1,0
2019-01-08 05:00:00,Delhi,28.7041,77.1025,0.480613713839681,35.63622944527393,56.08658086401505,88.5852174454725,65.16642368905185,9.582270268149031,211.17764152859087,Poor,5,8,1,2019,1,0
2019-01-08 05:00:00,Faridabad,28.4089,77.3178,0.9369533766463524,44.91504310272419,42.78224961859208,111.98412221869756,81.3283892241629,5.453845386510184,228.02011087570662,Poor,5,8,1,2019,1,0
2019-01-08 05:00:00,Ghaziabad,28.6692,77.4538,1.2150526092742977,55.28362660458675,60.30336828729473,111.88326498797352,71.21406334239971,7.573726953054003,217.47991864102707,Poor,5,8,1,2019,1,0
2019-01-08 05:00:00,Gurgaon,28.4595,77.0266,1.218309208101151,52.3014487230928,49.28967392391872,113.87377260989312,72.63419462057956,9.411624075514029,218.95984492039344,Poor,5,8,1,2019,1,0
2019-01-08 05:00:00,Noida,28.5355,77.391,0.8743016617164596,38.388252472991,66.0022981957953,116.71238587822724,68.66292077087252,4.777661980287655,214.8213595401724,Poor,5,8,1,2019,1,0
2019-01-08 06:00:00,Delhi,28.7041,77.1025,0.6744807167578356,24.73938198332907,58.8893887249897,167.7027370645108,115.49451050607964,6.98564598899817,263.624805685283,Poor,6,8,1,2019,1,0
2019-01-08 06:00:00,Faridabad,28.4089,77.3178,0.962027778324204,33.25758666883253,66.14499033592539,158.57773221353426,97.30378907775616,4.352538730267066,244.668159144188,Poor,6,8,1,2019,1,0
2019-01-08 06:00:00,Ghaziabad,28.6692,77.4538,0.5404868455829409,40.90173943651372,69.70404008291156,74.8914290438572,60.34633955738099,6.229100308464647,206.15460648611284,Poor,6,8,1,2019,1,0
2019-01-08 06:00:00,Gurgaon,28.4595,77.0266,0.9777179251850964,36.375470944288566,40.36093510136597,82.82548898713083,67.54801618139699,1.325639602609234,213.65951159956109,Poor,6,8,1,2019,1,0
2019-01-08 06:00:00,Noida,28.5355,77.391,0.8651259482708783,51.02278435883084,64.30950460572966,121.99609358538704,78.01432428398527,5.541343523600949,224.56650635910046,Poor,6,8,1,2019,1,0
2019-01-08 07:00:00,Delhi,28.7041,77.1025,0.7101043932688583,28.7335052898388,64.32259539857536,102.00095660525052,68.96237419908798,4.789999444524996,215.13342153378642,Poor,7,8,1,2019,1,0
2019-01-08 07:00:00,Faridabad,28.4089,77.3178,1.19814892701885,27.16151492132532,54.26467801231272,55.67728182304954,46.678765614026695,7.072811846900349,156.82988978943214,Moderate,7,8,1,2019,1,0
2019-01-08 07:00:00,Ghaziabad,28.6692,77.4538,0.7461161539043496,58.66141978046879,54.675015128930745,122.1246138529092,78.78195177452167,7.154687059649863,225.3664550071331,Poor,7,8,1,2019,1,0
2019-01-08 07:00:00,Gurgaon,28.4595,77.0266,0.7735543001171702,36.04369968642964,52.34112896961094,134.10390162952874,87.89806134748832,4.259574025654384,234.86640077264573,Poor,7,8,1,2019,1,0
2019-01-08 07:00:00,Noida,28.5355,77.391,0.963238932194986,36.942221339627054,53.59656995481372,73.70115764078307,50.07964969696172,6.131504144293609,173.6642659999605,Moderate,7,8,1,2019,1,0
2019-01-08 08:00:00,Delhi,28.7041,77.1025,0.6295093339897394,33.287092788677455,42.03344163288692,134.70427019690635,84.01581775111883,4.533679215376948,230.82069428800804,Poor,8,8,1,2019,1,0
2019-01-08 08:00:00,Faridabad,28.4089,77.3178,0.9464566298746347,25.962048004251123,50.54963874633212,94.50275744239732,68.18309357558397,5.322252360554394,214.32132909455592,Poor,8,8,1,2019,1,0
2019-01-08 08:00:00,Ghaziabad,28.6692,77.4538,0.8733397341534349,26.662779974904865,68.2659257200549,138.6294144745921,81.05421388649559,3.816402223531029,227.73439131329542,Poor,8,8,1,2019,1,0
2019-01-08 08:00:00,Gurgaon,28.4595,77.0266,0.8342923416264263,41.41366064798464,57.984849185676616,161.32917519664798,96.54515096767112,6.223668793696651,243.87757837683623,Poor,8,8,1,2019,1,0
2019-01-08 08:00:00,Noida,28.5355,77.391,0.893241883114541,29.055544255972656,52.59323130332356,116.5648339735577,76.42617484561538,4.599095332745241,222.9114874706939,Poor,8,8,1,2019,1,0
2019-01-08 09:00:00,Delhi,28.7041,77.1025,0.8607995942842143,36.037807757853045,55.69519261610228,145.2870516999062,88.91302693461103,5.46809394286493,235.92410175291045,Poor,9,8,1,2019,1,0
2019-01-08 09:00:00,Faridabad,28.4089,77.3178,0.4986014434150566,34.13329240233509,36.87634257813928,150.541068398484,99.30515354526663,5.916442914093646,246.75379158927785,Poor,9,8,1,2019,1,0
2019-01-08 09:00:00,Ghaziabad,28.6692,77.4538,0.6322416805010601,39.75073779184667,46.2497939727876,119.98487302259358,81.718976449119,8.79497665629707,228.4271438785556,Poor,9,8,1,2019,1,0
2019-01-08 09:00:00,Gurgaon,28.4595,77.0266,0.856030394342881,34.696977924221315,42.91917073974029,77.31655318510118,55.8998469953664,7.803739498494081,201.520893184645,Poor,9,8,1,2019,1,0
2019-01-08 09:00:00,Noida,28.5355,77.391,0.5519860567192898,11.571417554034944,37.83580452115394,85.88983334338297,55.75287852905851,4.906946218464717,201.3677365723873,Poor,9,8,1,2019,1,0
2019-01-08 10:00:00,Delhi,28.7041,77.1025,0.8873611560006943,27.828491478234326,51.50280059294649,145.8684510267275,91.16681749631078,4.026137107838834,238.27278875931336,Poor,10,8,1,2019,1,0
2019-01-08 10:00:00,Faridabad,28.4089,77.3178,0.4311137938639759,34.99123844419649,43.53892514670361,88.06277894658585,56.23060027266185,4.4795670563038525,201.8655729157213,Poor,10,8,1,2019,1,0
2019-01-08 10:00:00,Ghaziabad,28.6692,77.4538,0.7985399891179746,35.27649295206378,47.35529864170345,91.13488222252946,57.80408497641452,4.442652329246303,203.50530960700038,Poor,10,8,1,2019,1,0
2019-01-08 10:00:00,Gurgaon,28.4595,77.0266,0.7569082197109895,31.131135158792205,48.718091247501285,88.83696778551895,55.76985183370887,7.336040118493356,201.38542454249662,Poor,10,8,1,2019,1,0
2019-01-08 10:00:00,Noida,28.5355,77.391,0.5307980337634999,33.71192083293498,37.19216140745112,124.8572549529358,82.04794690660366,7.64264957721301,228.7699657237238,Poor,10,8,1,2019,1,0
2019-01-08 11:00:00,Delhi,28.7041,77.1025,0.5763460100063171,26.873033089268656,22.3408987110103,120.4491812331718,83.6906543738149,6.398549123704271,230.4818398211334,Poor,11,8,1,2019,1,0
2019-01-08 11:00:00,Faridabad,28.4089,77.3178,0.5380958659297108,15.746399297578185,46.37745665158443,121.28887846723548,77.2561138851891,9.316214177184117,223.7763713119339,Poor,11,8,1,2019,1,0
2019-01-08 11:00:00,Ghaziabad,28.6692,77.4538,0.7388956052461287,44.50308647955044,37.02283911113368,69.49095734910068,42.90553041014631,7.862850555560859,138.15237553022425,Moderate,11,8,1,2019,1,0
2019-01-08 11:00:00,Gurgaon,28.4595,77.0266,1.1701304658212213,32.12974871029184,35.56635107564893,99.64521700790048,63.160321024049374,0.9181730730149172,209.0870713829567,Poor,11,8,1,2019,1,0
2019-01-08 11:00:00,Noida,28.5355,77.391,0.6754449602294386,32.510916522749454,29.812632609366208,172.33314596692583,115.3502367733925,6.227192341280995,263.4744572691143,Poor,11,8,1,2019,1,0
2019-01-08 12:00:00,Delhi,28.7041,77.1025,0.3005142835138794,30.26727396740755,42.57367439721799,87.326516213694,55.483960258346,5.8241229472722855,201.08749542711845,Poor,12,8,1,2019,1,0
2019-01-08 12:00:00,Faridabad,28.4089,77.3178,0.2698553672145599,35.49422551629362,36.21593633681153,128.87354832828052,82.76061271116622,4.88570691609546,229.51263850953112,Poor,12,8,1,2019,1,0
2019-01-08 12:00:00,Ghaziabad,28.6692,77.4538,0.4930559683219872,34.546569573883566,15.786803986156928,69.67533265538817,50.83764628014082,4.391446441435342,177.41634908669704,Moderate,12,8,1,2019,1,0
2019-01-08 12:00:00,Gurgaon,28.4595,77.0266,0.157430209784204,32.27074220139342,20.33776108653702,108.285844644942,61.78286326944468,1.6651910111201778,207.6516154071055,Poor,12,8,1,2019,1,0
2019-01-08 12:00:00,Noida,28.5355,77.391,0.6529464530027145,29.893089484840885,9.138088106376149,58.65957307442536,38.7530573191585,5.411282444885866,117.59763372983458,Moderate,12,8,1,2019,1,0
2019-01-08 13:00:00,Delhi,28.7041,77.1025,0.7316691861005578,25.535593343786605,17.496804573997977,98.82365794373771,55.22204624456202,5.6832042543404375,199.11912891058202,Moderate,13,8,1,2019,1,0
2019-01-08 13:00:00,Faridabad,28.4089,77.3178,0.2651180455584225,17.536007736863635,23.49108038668826,28.720690941245472,27.13757630929636,5.089586131632509,82.69834355365478,Satisfactory,13,8,1,2019,1,0
2019-01-08 13:00:00,Ghaziabad,28.6692,77.4538,0.6078038832409639,20.979671324620963,34.994334700701515,0.0,16.815413959988618,5.112560782494466,61.08355914698471,Satisfactory,13,8,1,2019,1,0
2019-01-08 13:00:00,Gurgaon,28.4595,77.0266,0.3945238899794665,12.446492741146828,19.93137771028929,111.92463490706596,64.66806647245924,8.665572436549262,210.658300850247,Poor,13,8,1,2019,1,0
2019-01-08 13:00:00,Noida,28.5355,77.391,0.6404385247600531,13.478788689140734,28.177707344705723,138.78291678205238,87.30358019733532,3.4673230626810856,234.24688883722314,Poor,13,8,1,2019,1,0
2019-01-08 14:00:00,Delhi,28.7041,77.1025,0.0606960006099835,5.31342072184506,3.8266732113676505,65.3731468912032,55.74569090233999,9.48528470682533,201.3602463087543,Poor,14,8,1,2019,1,0
2019-01-08 14:00:00,Faridabad,28.4089,77.3178,0.1257018852577898,1.9661090858950008,33.51071944564023,78.13596988548942,43.00555761238507,6.571509946497518,138.6475101813061,Moderate,14,8,1,2019,1,0
2019-01-08 14:00:00,Ghaziabad,28.6692,77.4538,0.5292613172384769,18.297814639304317,0.0,77.44613425507531,42.75956165223834,9.403320661464996,137.42983017857978,Moderate,14,8,1,2019,1,0
2019-01-08 14:00:00,Gurgaon,28.4595,77.0266,0.4221125000854873,20.659390119175093,15.704973215309794,45.40528731316802,39.76027329098861,8.092422393853605,122.58335279039362,Moderate,14,8,1,2019,1,0
2019-01-08 14:00:00,Noida,28.5355,77.391,0.1723965131198331,0.0,6.736839100021502,121.4285274744185,74.49871877926584,3.82799828295824,220.90287535944546,Poor,14,8,1,2019,1,0
2019-01-08 15:00:00,Delhi,28.7041,77.1025,0.5856492876085645,24.67758969217747,3.276547570192459,73.82281404823902,50.61808319372544,7.084526181231301,176.32951180894094,Moderate,15,8,1,2019,1,0
2019-01-08 15:00:00,Faridabad,28.4089,77.3178,0.5170902601188169,0.0,17.316153815629594,64.6117088713079,46.42742849992353,7.652982547270468,155.58577107462148,Moderate,15,8,1,2019,1,0
2019-01-08 15:00:00,Ghaziabad,28.6692,77.4538,0.6007438648266367,17.753277383338226,5.142804601251267,60.278318749730026,37.250649572681134,8.209670720654113,110.16071538477162,Moderate,15,8,1,2019,1,0
2019-01-08 15:00:00,Gurgaon,28.4595,77.0266,0.4001705088155177,9.998233110624762,21.46863281760404,41.75569032013071,42.7361964532712,2.166626902092259,137.31417244369243,Moderate,15,8,1,2019,1,0
2019-01-08 15:00:00,Noida,28.5355,77.391,0.1524752349079799,6.249200680718901,8.806381951776677,39.06732316423992,36.74796181844842,4.656537702924661,107.67241100131967,Moderate,15,8,1,2019,1,0
2019-01-08 16:00:00,Delhi,28.7041,77.1025,0.3223684259229613,0.8645056218327302,0.0,97.82366903064344,63.07178040840856,3.653010948320305,208.99480274139418,Poor,16,8,1,2019,1,0
2019-01-08 16:00:00,Faridabad,28.4089,77.3178,0.2549169337211142,12.863521629768648,0.0,75.09697258954917,53.68611840038167,8.182854004003154,191.5162860818893,Moderate,16,8,1,2019,1,0
2019-01-08 16:00:00,Ghaziabad,28.6692,77.4538,0.3277358011361543,22.385132649909643,6.493302494233046,33.92632147288931,34.708226304266674,1.5511791875590346,98.55141405594304,Satisfactory,16,8,1,2019,1,0
2019-01-08 16:00:00,Gurgaon,28.4595,77.0266,0.6064460371946282,0.0,0.1805367983392074,31.254948205068462,34.126280624396315,7.766176393166058,97.33280985450511,Satisfactory,16,8,1,2019,1,0
2019-01-08 16:00:00,Noida,28.5355,77.391,0.2960356158061638,5.287834793360995,10.579630901489963,62.49887440790962,42.08383936802174,6.437341504685937,134.08500487170764,Moderate,16,8,1,2019,1,0
2019-01-08 17:00:00,Delhi,28.7041,77.1025,0.2303773313278951,4.548262854033181,22.133129028148865,97.03505682067136,55.35123106968848,3.69583365033373,199.758593794958,Moderate,17,8,1,2019,1,0
2019-01-08 17:00:00,Faridabad,28.4089,77.3178,0.1349107568491321,14.734323795771909,30.452122164928905,83.30486604101942,52.79761346071172,6.940205851385204,187.11818663052304,Moderate,17,8,1,2019,1,0
2019-01-08 17:00:00,Ghaziabad,28.6692,77.4538,0.0,1.700049741174098,18.04685143790493,141.64427600972417,84.15160051954827,8.587928651450131,230.9621942256345,Poor,17,8,1,2019,1,0
2019-01-08 17:00:00,Gurgaon,28.4595,77.0266,0.3401952295797083,11.911001026894647,12.511334561507768,67.48322126940641,39.7042773992951,9.195073612455522,122.30617312651076,Moderate,17,8,1,2019,1,0
2019-01-08 17:00:00,Noida,28.5355,77.391,0.3217966430050114,6.529013447161467,18.75342144932325,51.97042163130725,38.12654832549048,10.41903391791061,114.49641421117789,Moderate,17,8,1,2019,1,0
2019-01-08 18:00:00,Delhi,28.7041,77.1025,0.3324131706232689,0.0,1.4226652985898085,83.06192840277177,56.43897716705316,3.6717906656573858,202.08272357408697,Poor,18,8,1,2019,1,0
2019-01-08 18:00:00,Faridabad,28.4089,77.3178,0.4815519726533933,2.6788626256476844,11.61578097827242,67.50250666965744,42.07031083378076,3.873393732968514,134.01803862721476,Moderate,18,8,1,2019,1,0
2019-01-08 18:00:00,Ghaziabad,28.6692,77.4538,0.1987157184096494,6.447803278872707,27.525259727033998,18.131942367452133,17.29801760055833,8.1408413543917,62.09413941997258,Satisfactory,18,8,1,2019,1,0
2019-01-08 18:00:00,Gurgaon,28.4595,77.0266,0.3164378979524261,0.0,14.948622303806246,60.06952278784544,33.78341941999632,8.45723182396915,96.61485263161623,Satisfactory,18,8,1,2019,1,0
2019-01-08 18:00:00,Noida,28.5355,77.391,0.2908981024289133,4.28466240349084,17.69929702830941,96.83237361494372,59.69495617839285,0.4170168815361758,205.4757964385357,Poor,18,8,1,2019,1,0
2019-01-08 19:00:00,Delhi,28.7041,77.1025,0.032147081337422,12.758705332656186,15.664821083984418,112.8682644938504,72.9775093028221,10.387575009018924,219.31761495767776,Poor,19,8,1,2019,1,0
2019-01-08 19:00:00,Faridabad,28.4089,77.3178,0.0787171939698265,0.0,12.246337232022706,126.7719733094598,72.90395589410136,0.8448039719576252,219.24096456332668,Poor,19,8,1,2019,1,0
2019-01-08 19:00:00,Ghaziabad,28.6692,77.4538,0.347155694839626,14.863740253113214,19.07499293643393,22.35512318320829,14.068120081517208,2.889781750633869,55.33067880317706,Satisfactory,19,8,1,2019,1,0
2019-01-08 19:00:00,Gurgaon,28.4595,77.0266,0.2246492516963128,18.94601789206984,12.038663003259696,65.05065186224009,54.03038966656576,6.923873495061431,193.22042884950054,Moderate,19,8,1,2019,1,0
2019-01-08 19:00:00,Noida,28.5355,77.391,0.1644512550111437,5.493072764627648,3.0941492123799583,64.50110182586359,43.49169955388522,7.783667804710703,141.05391279173185,Moderate,19,8,1,2019,1,0
2019-01-08 20:00:00,Delhi,28.7041,77.1025,0.1844521185378403,0.5896640283368789,19.924993683998483,85.02369151953943,68.82201106627546,6.219770374097812,214.98714837432917,Poor,20,8,1,2019,1,0
2019-01-08 20:00:00,Faridabad,28.4089,77.3178,0.7300074264101201,10.627085854853204,11.21317308097033,67.69005539442277,43.40461490200465,9.55215398729779,140.62284376492303,Moderate,20,8,1,2019,1,0
2019-01-08 20:00:00,Ghaziabad,28.6692,77.4538,0.0907200464231814,11.64435317245288,18.087723381671275,45.62765331169626,37.567234062891046,6.122049650900254,111.72780861131068,Moderate,20,8,1,2019,1,0
2019-01-08 20:00:00,Gurgaon,28.4595,77.0266,0.2281942276325004,18.260429650722,0.6673492170208908,49.103241670496175,43.02058287563455,2.4529924643053005,138.72188523439104,Moderate,20,8,1,2019,1,0
2019-01-08 20:00:00,Noida,28.5355,77.391,0.0623267606643495,5.819364254769448,31.108622175879205,50.98401038778614,20.265938468674825,6.602248444371946,68.30901645149856,Satisfactory,20,8,1,2019,1,0
2019-01-08 21:00:00,Delhi,28.7041,77.1025,0.3506771820771163,9.727811768757494,19.097530325469787,118.00663451330624,75.98347957398562,8.55660177599534,222.45015239815342,Poor,21,8,1,2019,1,0
2019-01-08 21:00:00,Faridabad,28.4089,77.3178,0.2432654655409755,3.93540441855722,33.56154213355826,78.3106940216139,50.705903261401815,5.77249808337863,176.76422114393898,Moderate,21,8,1,2019,1,0
2019-01-08 21:00:00,Ghaziabad,28.6692,77.4538,0.2923447583709829,23.3893745165342,33.10488025277055,44.06206951058413,24.04375625817415,6.776781830430606,76.21983148079202,Satisfactory,21,8,1,2019,1,0
2019-01-08 21:00:00,Gurgaon,28.4595,77.0266,0.3716642357389704,21.311360221368624,7.992107001080808,84.22627398703462,54.57206266102334,6.677034239086838,195.90171017206552,Moderate,21,8,1,2019,1,0
2019-01-08 21:00:00,Noida,28.5355,77.391,0.429839007661842,15.339449768068642,22.232651699335275,100.56091470455095,72.13545878030952,4.51846562657055,218.44010967632255,Poor,21,8,1,2019,1,0
2019-01-08 22:00:00,Delhi,28.7041,77.1025,0.1463093962203655,15.715533966628636,10.308142722984025,71.3165615388179,49.08991217721239,7.824812120943136,168.76506527720133,Moderate,22,8,1,2019,1,0
2019-01-08 22:00:00,Faridabad,28.4089,77.3178,0.558817459256506,14.875445210202866,7.520155815621075,112.85958699518976,75.69817439974886,8.72245891680885,222.15283437447513,Poor,22,8,1,2019,1,0
2019-01-08 22:00:00,Ghaziabad,28.6692,77.4538,0.3102605837912768,17.401109585726765,40.188251854243006,99.24746751392894,71.46919041671505,7.076273793558149,217.74578790794516,Poor,22,8,1,2019,1,0
2019-01-08 22:00:00,Gurgaon,28.4595,77.0266,0.6456072193575828,1.3252814964099493,19.812289527080377,91.9569301871252,46.56757978718959,6.04088841611428,156.27951994658847,Moderate,22,8,1,2019,1,0
2019-01-08 22:00:00,Noida,28.5355,77.391,0.4256985479449759,19.57707345456643,22.469121987423776,45.715538059531966,38.52371514423484,8.238518405935574,116.46238996396248,Moderate,22,8,1,2019,1,0
2019-01-08 23:00:00,Delhi,28.7041,77.1025,0.589124589152017,14.746915961614452,31.407534173639647,88.84704290279801,61.431509080145126,7.855567099800702,207.28546735720386,Poor,23,8,1,2019,1,0
2019-01-08 23:00:00,Faridabad,28.4089,77.3178,0.2215835962644869,31.37121538590545,34.69048597316103,43.849551817362176,37.51848411890577,8.094320052470648,111.48649638858356,Moderate,23,8,1,2019,1,0
2019-01-08 23:00:00,Ghaziabad,28.6692,77.4538,0.6769142766271471,11.70649143970317,40.519582441090215,116.5657294252462,69.32311572966285,6.134257315953888,215.50935218143812,Poor,23,8,1,2019,1,0
2019-01-08 23:00:00,Gurgaon,28.4595,77.0266,0.6426035711632517,25.04558746181501,33.230294868933555,57.457816095958925,31.081824388103836,7.809197255036506,90.95766645372171,Satisfactory,23,8,1,2019,1,0
2019-01-08 23:00:00,Noida,28.5355,77.391,0.3425032562502266,13.284128342649783,19.86518651816521,23.92219288862619,27.64905387369512,7.241814683514214,83.769386316712,Satisfactory,23,8,1,2019,1,0
2019-01-09 00:00:00,Delhi,28.7041,77.1025,0.508010233810694,21.90212317247248,14.540856698311606,127.41312485063256,79.59408764427725,4.687892160485506,226.2127860714047,Poor,0,9,1,2019,2,0
2019-01-09 00:00:00,Faridabad,28.4089,77.3178,0.3602809264774652,13.699570814112024,28.858495199993666,59.86877970578961,35.98172921601353,1.6108283424646983,103.87955961926697,Moderate,0,9,1,2019,2,0
2019-01-09 00:00:00,Ghaziabad,28.6692,77.4538,0.7393413570648596,18.933571210429943,43.87047391608221,102.0209992949394,70.20477962864554,2.996733953645377,216.4281387709043,Poor,0,9,1,2019,2,0
2019-01-09 00:00:00,Gurgaon,28.4595,77.0266,0.7039880625562885,33.124907130322065,30.42479841622269,90.09149392938492,61.83756649126586,7.253091577794048,207.70862192247705,Poor,0,9,1,2019,2,0
2019-01-09 00:00:00,Noida,28.5355,77.391,0.615427666095477,19.361266662208223,49.49091808268186,130.27144014139927,79.02336072248815,2.8042103699455074,225.61802854238238,Poor,0,9,1,2019,2,0
2019-01-09 01:00:00,Delhi,28.7041,77.1025,0.3175538728147098,22.095328602987436,48.61525464878645,106.66977662364664,69.77865991767469,5.79107031757166,215.98407717736626,Poor,1,9,1,2019,2,0
2019-01-09 01:00:00,Faridabad,28.4089,77.3178,0.596169348329238,37.64072446112763,29.82690457909313,76.9395300843465,53.119169417484585,4.666710724130612,188.7098886165487,Moderate,1,9,1,2019,2,0
2019-01-09 01:00:00,Ghaziabad,28.6692,77.4538,0.5444702310687739,30.359051546538623,22.52715869322446,128.6603809122375,87.39324628983256,7.882141305944928,234.3403303441413,Poor,1,9,1,2019,2,0
2019-01-09 01:00:00,Gurgaon,28.4595,77.0266,0.7241661383086383,27.580843197536225,18.589389070423724,110.48717008193378,66.99454907459531,5.879558550934551,213.08274061457828,Poor,1,9,1,2019,2,0
2019-01-09 01:00:00,Noida,28.5355,77.391,0.1429565422021567,19.64965516805518,37.27636934068953,103.60400212468828,67.29761463995371,6.704616830320733,213.3985668353202,Poor,1,9,1,2019,2,0
2019-01-09 02:00:00,Delhi,28.7041,77.1025,0.5870400798197898,31.42556134310912,49.25125864387195,54.95626750562016,35.73988213156909,7.7363460088125615,102.682416551267,Moderate,2,9,1,2019,2,0
2019-01-09 02:00:00,Faridabad,28.4089,77.3178,1.055457049526784,32.06604092149447,49.88609165963177,122.58950808119066,79.15358548802845,9.095118641190153,225.75373645594544,Poor,2,9,1,2019,2,0
2019-01-09 02:00:00,Ghaziabad,28.6692,77.4538,0.8082625609697921,21.703776111762725,29.206735981133587,101.44857065839896,69.73081216731246,6.702494334475673,215.93421478488352,Poor,2,9,1,2019,2,0
2019-01-09 02:00:00,Gurgaon,28.4595,77.0266,0.943101185980104,32.61873356473005,26.8963619365289,5.926148382233604,13.964509366447436,8.319102436829018,55.11371619469762,Satisfactory,2,9,1,2019,2,0
2019-01-09 02:00:00,Noida,28.5355,77.391,0.5840535496860346,39.90724930901118,72.1734500651696,69.12160409130635,46.97093103198681,8.857049258791287,158.2761086083347,Moderate,2,9,1,2019,2,0
2019-01-09 03:00:00,Delhi,28.7041,77.1025,0.9842011919756114,25.464551790109,54.19756922614004,128.81039722012122,84.05017086007696,4.401240896166026,230.85649384365914,Poor,3,9,1,2019,2,0
2019-01-09 03:00:00,Faridabad,28.4089,77.3178,0.6563882585140732,38.07250410412245,54.76701122099694,121.73866434347512,83.7760466317019,3.345575984519125,230.57082754251041,Poor,3,9,1,2019,2,0
2019-01-09 03:00:00,Ghaziabad,28.6692,77.4538,0.9720198363373096,25.02800323488509,45.91126881644324,107.0021301407545,59.86869285452202,0.0,205.65684834313348,Poor,3,9,1,2019,2,0
2019-01-09 03:00:00,Gurgaon,28.4595,77.0266,0.8441698814113223,37.40216361421426,48.30194165750122,91.76094265269433,62.57764740027526,2.590147675759671,208.47986413291844,Poor,3,9,1,2019,2,0
2019-01-09 03:00:00,Noida,28.5355,77.391,0.846108211071149,22.72627554651497,26.239910046768458,98.1594518275766,52.8603009063069,4.8987371336721,187.42848948621915,Moderate,3,9,1,2019,2,0
2019-01-09 04:00:00,Delhi,28.7041,77.1025,0.825001669570404,29.126231471376943,60.11870732767383,166.05996765095793,107.345024054177,8.007339672382617,255.1321829617213,Poor,4,9,1,2019,2,0
2019-01-09 04:00:00,Faridabad,28.4089,77.3178,0.2351280709171183,35.07291538339225,64.99478104537407,79.17632727409001,59.76011801648454,7.6097792297613935,205.5437019329681,Poor,4,9,1,2019,2,0
2019-01-09 04:00:00,Ghaziabad,28.6692,77.4538,0.816256587784661,49.921181695395966,62.90303946368692,129.12258789189292,91.06504107551324,10.37780916903987,238.16672701553483,Poor,4,9,1,2019,2,0
2019-01-09 04:00:00,Gurgaon,28.4595,77.0266,1.086891709058717,32.54909501790348,52.541456569783286,129.00087004710105,85.32755352063344,6.938678273763362,232.1876610372917,Poor,4,9,1,2019,2,0
2019-01-09 04:00:00,Noida,28.5355,77.391,0.4542928665594711,33.220619797977506,62.693161115859496,93.84424323637585,59.589877735289136,4.027884208149589,205.36629363993288,Poor,4,9,1,2019,2,0
2019-01-09 05:00:00,Delhi,28.7041,77.1025,0.8491821074921532,25.975368278726155,60.82964838262313,107.87418056473682,69.75310503138648,9.327311721650888,215.9574462958659,Poor,5,9,1,2019,2,0
2019-01-09 05:00:00,Faridabad,28.4089,77.3178,1.134180435742677,49.643105618359925,48.8664479286368,92.58786786402445,65.94877487462996,5.764710087019211,211.99293381671964,Poor,5,9,1,2019,2,0
2019-01-09 05:00:00,Ghaziabad,28.6692,77.4538,0.822555097998006,54.820119165025,46.4113215618743,103.3648894355984,53.7005565882577,3.652607660237772,191.5877551118756,Moderate,5,9,1,2019,2,0
2019-01-09 05:00:00,Gurgaon,28.4595,77.0266,0.4763637496479845,43.6692480881439,56.79489188419373,68.30691242371545,48.93716645281263,8.765522520256885,168.00897394142254,Moderate,5,9,1,2019,2,0
2019-01-09 05:00:00,Noida,28.5355,77.391,0.8836731994529945,42.55697783368895,44.15436039233136,104.28876392622811,71.76156672824187,5.138599377744938,218.05047480100995,Poor,5,9,1,2019,2,0
2019-01-09 06:00:00,Delhi,28.7041,77.1025,0.7991828183674713,41.61582927937317,51.24322879461029,125.36609058099648,78.81294699864797,8.227731541482946,225.3987552933279,Poor,6,9,1,2019,2,0
2019-01-09 06:00:00,Faridabad,28.4089,77.3178,1.1179891073128156,36.843517877546354,68.72931891010408,99.85663598120236,77.70052346905986,4.169827686940902,224.23949287828344,Poor,6,9,1,2019,2,0
2019-01-09 06:00:00,Ghaziabad,28.6692,77.4538,0.6810638034591207,26.158846401085185,45.40330276014224,96.75071277772538,67.24514971742104,7.108985132486108,213.34389286341772,Poor,6,9,1,2019,2,0
2019-01-09 06:00:00,Gurgaon,28.4595,77.0266,0.7806724959614773,59.805738525297365,52.62738743681113,105.1728817994093,74.91978175439037,7.084139742477601,221.34166730194366,Poor,6,9,1,2019,2,0
2019-01-09 06:00:00,Noida,28.5355,77.391,1.097037391493522,33.947274541070854,52.473469949199455,92.57835809929482,65.015370507108,4.3488782983726,211.02022821267045,Poor,6,9,1,2019,2,0
2019-01-09 07:00:00,Delhi,28.7041,77.1025,1.014432965944292,41.64954975755503,50.31922461883511,73.72900151586703,52.50808768986016,3.870372813835729,185.6850340648078,Moderate,7,9,1,2019,2,0
2019-01-09 07:00:00,Faridabad,28.4089,77.3178,0.6470042661464018,42.75363634694981,74.22429116779165,117.23800164571162,67.84890565825337,10.024106024070525,213.97307010702193,Poor,7,9,1,2019,2,0
2019-01-09 07:00:00,Ghaziabad,28.6692,77.4538,0.8814637170697865,41.81701076216179,50.68117613832646,129.4073162263467,81.68951561795426,3.732190237981389,228.3964425913418,Poor,7,9,1,2019,2,0
2019-01-09 07:00:00,Gurgaon,28.4595,77.0266,1.0080747519011273,45.45676011191746,51.41432421919767,97.79598179683973,66.43471444403079,4.663708408664933,212.49933399956893,Poor,7,9,1,2019,2,0
