date,pm25,pm10,no2,so2,co,o3,aqi
2020-01-01,56.18101782710438,37.02658576772393,26.170568373590598,33.6351497104449,11.439917565671855,47.23626243329305,120.68781476512268
2020-01-02,142.60714596148742,108.38018947567163,24.697879907199983,39.834069859568615,16.108646585999725,56.81227912500257,251.42153709233236
2020-01-03,109.79909127171076,174.58916717528166,90.62545805210367,12.523394939624948,15.20321859580318,102.54568718426164,303.69635945857937
2020-01-04,89.79877262955549,146.44497728191223,24.95461998495061,31.243704980349946,3.0779980938754736,40.80052632718706,209.94476884872134
2020-01-05,23.40279606636548,161.31222957228994,27.1949726128631,28.587299157187434,2.984989394829478,104.35796217746056,172.0880693719391
2020-01-06,23.399178050430397,131.75667334214347,75.93982624179637,41.64151883941356,5.3634873548982664,10.57613171720298,172.13814105289273
2020-01-07,8.71254182522992,138.4553129035705,44.973984245054,45.304353024063026,7.221494526820744,93.21581246503568,164.99754280383138
2020-01-08,129.92642186624028,169.83913031306386,77.67105569551812,0.6078385738693404,8.169111628169652,101.70571596656836,298.6445794519356
2020-01-09,90.16725176148132,49.93360177183719,6.536615756438524,33.700995952939635,13.593944336666905,21.818118340480652,148.04733993996808
2020-01-10,106.21088666940682,97.88499272862809,48.75711936733843,2.5917899559864512,1.133608643316708,51.64158388466405,196.23119477369465
2020-01-11,3.087674144370367,44.241888363920445,3.3613600183282633,27.442933253867796,0.6934540845213277,19.859972959638675,51.99408363610106
2020-01-12,145.48647782429916,197.5336015993294,6.265320345535452,14.38163645218391,7.8382112588781805,84.79249547930613,273.2898064048899
2020-01-13,124.86639612006326,188.81186793732266,90.64374533444109,15.33882997610706,13.94327384275961,64.24173216739881,321.2420009930141
2020-01-14,31.850866601741423,7.88536227370118,13.924537111759516,17.64792517261783,3.8687068591296514,76.23880160499853,80.88571974484204
2020-01-15,27.273745081065094,141.11503450313768,53.24206822752171,31.064622452480506,12.830089625125034,23.578436034745337,170.64964146078592
2020-01-16,27.51067647801507,185.04966348313317,41.10956026007065,16.70249828343846,5.196562758805989,25.409503446290344,157.3110089457186
2020-01-17,45.63633644393066,36.11506902546671,34.73433262588427,36.63495252951402,17.721722176270326,4.979679061188764,110.12041999084076
2020-01-18,78.71346474483568,113.5890461105259,89.98333456872724,20.226369278693486,17.91379888533233,38.648104223487564,227.44924423358384
2020-01-19,64.79175279631737,183.09765951760838,2.18233967754895,3.4176600154979306,5.945744085626529,67.169359360041,190.21871466754047
2020-01-20,43.684371029706284,6.789195717159768,66.37896861755891,39.187992124205365,4.599875079264811,102.95218967967945,151.07812318985376
2020-01-21,91.77793420835692,139.484053449368,96.33944342135504,14.2879162296353,8.226079441324625,80.03129369504168,256.2315579061869
2020-01-22,20.924079097806274,59.469801474510156,56.016818346184195,21.638343979963132,4.810631703602974,52.24755880797017,119.82868285719391
2020-01-23,43.82169728028272,184.8792390753061,93.68224620330918,34.27219416109508,13.447676865834072,114.37441372729654,266.14297416257875
2020-01-24,54.95427649405376,194.21164903307354,5.225787928602377,16.6228078574356,16.52129369096571,86.30942406909982,207.0436304828601
2020-01-25,68.41049763255539,188.85329782268678,41.87933190741614,2.8292828073357814,13.46184261822434,111.619824343506,221.95916067899833
2020-01-26,117.77639420895204,94.84284333149276,26.015779096205115,18.69605235064068,16.48700894498699,63.31055679265988,224.04314034485552
2020-01-27,29.95106732375396,172.4085301978627,73.08209649807299,47.22242913471517,7.939843244149483,31.068512975176752,202.57508511592533
2020-01-28,77.13516576204174,168.90987970701408,98.12970904972467,32.08671986492791,3.126339414177217,6.339202363766638,246.674321989552
2020-01-29,88.86218532930637,63.82009464865113,25.65300624442478,33.57395743336035,14.759018947951843,87.13018217806206,176.53647836932694
2020-01-30,6.9675619079996585,165.78309483013547,65.41746014740745,31.614107681881993,7.209490102831078,14.556359760664094,172.22576995605766
2020-01-31,91.13172778521576,7.401526943098524,19.809763275974014,9.949606947971839,13.42541650458265,36.333015392636064,129.77827125101058
2020-02-01,25.57861855309373,119.2539756964106,56.53302545716099,20.916693205114008,5.412878839635313,63.896508946067684,166.4852316879192
2020-02-02,9.757738947791928,46.00176745754061,46.39324866883362,37.54698991816591,1.6245926961334534,67.72999053356972,104.42038732803701
2020-02-03,142.33283058799998,24.113377155455762,97.2005329631537,5.068644877657958,19.851635909755267,72.06998363845632,246.19446071907328
2020-02-04,144.8448049611839,15.390640325841831,60.85272726964666,13.892638804485614,3.1240301586119856,19.950639641964077,173.4649776555046
2020-02-05,121.25960221746917,139.25775517562795,34.950637208681876,13.815955423292682,19.768419879269622,45.56848857859785,232.88291943366218
2020-02-06,45.6920653760056,67.97499275361322,11.409578488793336,21.6009463797253,19.545598651328945,74.063307254036,148.99891414496534
2020-02-07,14.65081710095758,144.9533543057523,15.124682873493455,49.01843704710925,15.876362078160792,116.37826375605417,193.00272171682698
2020-02-08,102.63495397682354,13.071268159788474,22.53169299512351,3.375127334191097,13.18845924163995,87.31573652396264,153.38859611091954
2020-02-09,66.0228740609402,63.05806756612207,25.0966661340298,25.935049719029752,11.556141005021694,110.71245085127494,162.413470642853
2020-02-10,18.305735226716823,107.89825847506745,85.06160578411378,8.968234100610523,17.322030907556695,91.46544699770125,192.1496656657766
2020-02-11,74.27653651669053,158.14463296779272,56.12227882825249,48.53382727048721,5.788790432389758,71.00603626708805,240.7055755122841
2020-02-12,5.158278167282759,63.750500586413985,52.33909113743665,5.66517523637321,9.35362424969754,23.042804296361346,70.47056932603087
2020-02-13,136.39806031181732,125.17827528740182,11.476887186921747,20.180050118079564,12.387799387330038,80.00227822710157,242.82566599745059
2020-02-14,38.816997240002536,177.1955496472374,86.0139693349435,36.89424924173031,8.223809517389821,74.80554791518885,239.0790200881488
2020-02-15,99.37834265309729,123.17263763646092,72.28143032084837,35.227721401372264,8.54972908180536,72.29630045487197,261.4604158415299
2020-02-16,46.75666141341164,46.591894950726754,6.766836190000158,21.136431844696613,6.605693350041689,58.77430415858889,96.62206153595581
2020-02-17,78.01020317667162,4.880156311307604,70.78350972297687,17.326208397635913,11.28463633369072,63.438792478713076,128.55707410150336
2020-02-18,82.00654190149194,174.01977478018597,54.353821734264606,19.88061892764353,17.01149056030232,40.13310325417249,236.74558887125085
2020-02-19,27.728168328829057,4.253882170077428,8.172534574677826,13.213813157931964,4.030567560126257,62.317523117076384,69.42869466289953
2020-02-20,145.4376941646838,174.94033453683988,45.830064152865646,10.26664693533999,18.68866077506883,23.70670868141739,251.45711756244134
2020-02-21,116.26992350416718,105.7874268054424,48.469628713004695,24.1519848779445,13.781753074964593,96.62092768324521,235.5965366140251
2020-02-22,140.92484123462836,187.81353970257925,16.577454016327575,13.426687803380366,16.465464253600604,22.293234563844937,277.59526242342736
2020-02-23,134.22410256414733,159.7566471547331,94.56981470002823,14.373083244862507,11.123813852600232,10.195954786735971,273.11403410611825
2020-02-24,89.68499682166276,199.58682210666748,84.99753714806619,32.837803173727856,15.59033402848127,52.34952316285889,293.0230660730859
2020-02-25,138.2811352534675,70.14236309034203,66.90223373291083,48.42686658499461,0.3240079467893442,78.99689274072742,246.9675392866969
2020-02-26,13.273875307787925,153.43765778622537,46.22955610006072,30.181860027968753,16.367608495590705,52.526018992024966,152.64596068047683
2020-02-27,29.39742936287178,80.38618272184843,41.17655415845085,3.848973353248314,0.8027771817073304,33.21049583415703,107.14812210332657
2020-02-28,6.78409333658071,95.97512406078177,65.09734671509541,3.779180692703349,17.79826752725725,66.98054206685289,141.4050998142559
2020-02-29,48.79954961448965,125.50109264367401,54.543186940690546,47.5711610422783,19.839254944772865,41.64028024946399,199.02577266067652
2020-03-01,58.3015934534223,174.73542283726775,6.227310588188562,14.864539515366681,5.881349243535556,111.94412281519597,196.2112823925202
2020-03-02,40.70235476608438,196.81669383985903,51.25026487703317,4.603349304123771,4.206371125715873,110.71741675242865,220.32280915976662
2020-03-03,124.3106263727894,153.65468277290364,80.64036172328395,29.952229357519077,15.307267277160815,60.28461839665145,287.08465170106075
2020-03-04,53.51299900403839,83.55335643346675,45.923987759695805,31.182438914513305,5.060526818405064,39.34607928219102,143.09617637042646
2020-03-05,42.14017645310712,84.27140045541404,5.195657755426842,32.42524100593441,17.31124766344407,88.4558896747967,154.7642731051899
2020-03-06,81.40441247373727,147.5164603177783,78.6278199384033,13.370101392877064,2.056851843149534,4.405553217967997,186.0629653232851
2020-03-07,21.138633746214396,47.755429153660465,20.13637821359744,0.7555342107237517,2.519103927587165,56.97228072523815,59.889938101835924
2020-03-08,120.32954711310595,22.094822626278933,25.862083488803876,48.25076847272359,19.583031102012313,40.35880731244002,195.52502439322387
2020-03-09,11.182596551965624,70.92443152815531,16.47063534322959,12.544652284555124,13.476777965400093,110.46430621230657,124.84955449178021
2020-03-10,148.03304049007758,57.44779833081635,33.02150648714976,33.801314402627376,16.937744488579057,1.4403632727219051,205.79233643812108
2020-03-11,115.83671539449861,59.261624091198016,75.6751505688635,35.331493493935476,6.486587547030361,66.33778508620189,214.890243635021
2020-03-12,29.80735223012586,46.721550209981984,51.93858595039374,30.500370853974285,13.529674990412088,88.87962972799512,142.51333954258007
2020-03-13,0.8283175685403599,8.418637927272377,20.488127415071254,15.645369710682411,11.884836546171943,58.20215850288495,59.950632851271486
2020-03-14,122.31921426822512,3.574786946682762,87.78300781520409,13.554812688203288,12.06300240245894,10.2483636195266,168.22086589576887
2020-03-15,106.02860157714257,197.5444779472063,87.95818549515292,29.883414135135155,13.650649190754432,116.69536680334826,314.6693429757913
2020-03-16,109.3510752061481,85.55462674717246,87.05784250460069,43.304781680584576,11.50718346258197,62.16125176513175,258.9258015042192
2020-03-17,115.69055200289186,76.86532943193633,23.87962113815393,47.33668644616978,8.581247386053318,73.70234931828136,227.57996900034397
2020-03-18,11.106697760113555,135.92945653861398,45.12393441809881,5.295290220187882,5.518453887610937,28.39317392490088,123.74354524440442
2020-03-19,53.76985928164089,43.65077757301283,98.49896561408751,7.7414306298859925,15.37162661826404,58.019770212816454,183.0426661043372
2020-03-20,17.380358928769457,189.99223679004507,77.20124763099903,47.236812939153985,4.525448600063724,51.49793903499862,196.81484529141193
2020-03-21,129.46551388133904,157.2690028831104,2.716742122555982,36.82676141673963,13.847086123088284,8.987501040238048,228.85657922047017
2020-03-22,93.49471902413369,17.8822004624519,6.5204591260492055,44.149691241488654,4.666656452986533,12.739242425696066,116.04721521435204
2020-03-23,49.634703727897374,83.51615515698568,46.39313768123328,10.131631706767157,12.506603399089078,100.49670235425295,174.54809612969538
2020-03-24,9.533752542903546,175.82366151243295,90.92202058615601,29.379293555470092,14.941565342580578,28.77839426479083,199.2930656659723
2020-03-25,46.64734825734933,188.94640445828205,53.870179795271426,35.056979720873684,4.374277778130784,23.394992579835666,217.03338165432504
2020-03-26,48.777498304012056,93.48030224997395,49.781250803429025,34.00559427234863,1.1988660172261656,60.58937415001671,157.58275448611718
2020-03-27,109.44092675070961,122.68227784214154,10.547369995663058,20.407584543334906,2.6194748598834816,92.24965576350155,214.05504269951763
2020-03-28,95.63362070328196,33.40678921841504,65.6780104724294,0.7697445845654238,12.119939345420509,7.43358222947855,150.73304892297745
2020-03-29,133.08191138644898,198.2337252273953,82.21031606002255,29.146302840213156,16.98892812451471,69.2169503565907,322.01115534360343
2020-03-30,70.83223877429239,46.33434027668868,38.04200075075623,12.655076958980437,0.8999364247084873,14.305253140868803,118.74891296568896
2020-03-31,17.939136890745257,188.54635482702514,77.56118509253275,22.51271230714452,14.683025180832924,4.375326099074215,182.93306593260658
2020-04-01,106.98671808344925,129.9293297984737,96.44766539008116,47.879050754190864,6.8263729190010425,6.329274259466087,255.32929126338823
2020-04-02,114.11775729253462,121.54735897577183,20.376645912768907,19.951765882121737,9.57056739839045,100.09969298501296,226.32950262146326
2020-04-03,84.19157963542443,102.53770220330172,52.33296311947413,41.990080333221336,18.577190996911312,14.156698035367388,205.24379078898954
2020-04-04,115.64507699318415,46.13396234355174,28.713795808457554,9.427030287462557,6.639430094716909,5.418163729475034,150.32672203868486
2020-04-05,74.06933945465862,35.305606401101656,79.28544190338394,33.62302490125144,9.30673867878972,52.54798645714948,189.95710392729026
2020-04-06,78.40992440729912,44.09724181403507,57.75933658811575,48.85034772194717,0.2736482952136221,101.27921663304298,204.51136095708932
2020-04-07,64.13115275378244,37.287652428850905,63.45824175503038,5.094655043646839,1.6319744000967673,31.489005178716234,120.98445648545633
2020-04-08,3.8128690116142785,155.91689471335067,79.79141596158941,0.4159971113596006,5.1718318226956805,50.60551410310997,170.6969112934729
2020-04-09,16.183714048995668,70.02505183334603,39.59704726624549,21.67913963163072,0.5570448164214881,4.790703907650147,79.23917164796066
2020-04-10,4.714377853010138,11.568535312679273,91.50900684070432,4.63127415256836,12.627506520965019,53.8894216961851,115.18992264750167
2020-04-11,95.46156168956706,193.82052602816228,53.302886724614,37.419217483811565,8.527967136032451,69.31356967645604,274.6410497032918
2020-04-12,47.153397161449,176.75717699268515,15.7954822835348,45.727433192427945,10.96290405456044,68.50884645025738,182.75158705201522
2020-04-13,76.28560367470541,185.55045663904258,69.58991181688025,21.701048635437942,3.492943717926591,39.89120306092382,235.56720174816212
2020-04-14,136.13497108891394,198.98156452928706,79.32613504382545,12.935582107772047,5.918640588732322,37.86398167957626,287.47581099920217
2020-04-15,37.39383437233124,34.77904984389746,31.67616770675267,21.72016595033049,13.276489497054502,12.794834272391746,91.9891310616909
2020-04-16,61.55743845534446,79.24840378053175,85.7179256998753,36.17239089250005,19.306054472607997,44.01579847755221,219.0664269033123
2020-04-17,113.3326707814573,151.64769514081826,90.61432547657664,0.4527080790185489,1.008335472044184,11.93936026475576,229.33809150095763
2020-04-18,34.31972482374337,139.20412361075844,27.690448737780894,29.472699474234858,17.807686417105323,91.9915133654462,178.88452929575425
2020-04-19,11.546986474318949,30.779181267971012,98.3521472715222,30.664584244368953,11.537624026224169,115.9529157297823,169.39441076569318
2020-04-20,43.46271793706521,163.16662499812355,14.071152804875842,31.884412344796775,11.278391335112474,116.40893480000483,208.9039648035924
2020-04-21,24.183193088100662,44.888114367332136,20.201566840248997,12.101103999043861,10.005570704155208,103.80853192504726,112.30431138540453
2020-04-22,139.45464785138597,44.76352296452462,18.422483923802613,35.70263616890634,1.3878817180836678,72.0950579207543,210.01362238264628
2020-04-23,121.21805693466254,107.39488457868272,89.39897100078704,4.56957431658882,1.7975370347232134,84.10388366926558,256.5620055461737
2020-04-24,95.01056347656352,118.58798696834063,65.42925523249619,9.96351682334004,12.018240113181722,34.22469632164969,189.8052144553816
2020-04-25,130.71908852815767,116.01724156756224,15.210428322227287,43.873502332724094,6.819171428711166,75.69245042071448,230.67485765055656
2020-04-26,120.55081153486717,18.297367479550974,44.032341836834895,36.93615753632832,18.34536133155361,54.67794593278529,191.337249353246
2020-04-27,27.985508832905374,175.49217252607608,61.529802506980204,0.6872777005672626,8.131810747189444,57.8420807732319,188.86679322064634
2020-04-28,133.88384977349668,53.12000851774121,8.34640849893833,12.41881301849001,2.8656291740528217,90.93318724501896,159.66502842893277
2020-04-29,80.9013362873476,25.902984256560835,88.24163684073388,10.720324149658229,14.29437667004072,33.8302026716702,197.7610185953491
2020-04-30,121.11602327460938,177.74961597379544,80.36035354415351,13.540316401848628,5.867068428820197,38.16475340334239,276.00058782481904
2020-05-01,134.41369498852399,191.13029964595069,50.52067735766382,12.377988513994321,10.509406147117863,110.9570149354364,301.21741261831335
2020-05-02,47.70052124577958,172.42552345309014,96.71266152591704,3.126314787142287,13.956655710103401,6.746915382116669,221.02326411972723
2020-05-03,16.507788679151513,161.90321494497562,41.77609792750997,22.947025829841017,18.00528222404141,58.276115809600846,200.1210633165745
2020-05-04,34.19027438129125,131.04839612780435,98.41103190364979,36.63667373930826,15.843823896033522,109.5360960489434,250.5274905169665
2020-05-05,64.06616829393845,110.17147412182786,66.79199988036271,30.33658623587182,13.527221357454483,73.24356093817885,222.25507791553844
2020-05-06,122.70221488837397,17.39735198228203,63.467127325394145,33.64358342990399,13.59266364790287,65.56884890545585,211.24142417749727
2020-05-07,129.10958748845152,81.69064261413975,16.5954895295785,4.057458926811957,18.91849288064173,29.969301507522626,185.78341598654035
2020-05-08,1.0428195796786055,74.5377034024628,88.1927758304644,47.57453550883936,5.916481949930721,41.193058687733796,145.42687454158514
2020-05-09,76.61209538663486,51.95075675206524,42.74896879206152,41.92459169215124,0.02224188392374815,102.24580989656315,175.00130959208553
2020-05-10,62.611650472316846,144.684022737717,16.223340578247935,40.254515924783135,5.439091187963974,67.10617581221497,182.80789110341405
2020-05-11,33.31617157060954,99.17514701575416,1.260751997575904,41.149190252088374,4.35782759253488,61.76906325081359,116.93666180409785
2020-05-12,17.97980510005242,16.209243181529587,55.975568363838256,46.63552540663807,13.236691702279963,11.949565624803471,105.58681304459947
2020-05-13,50.64227571054419,44.036640389962265,52.739962212267635,27.212698305684885,12.674231995310581,1.9233787746147746,111.10721782877633
2020-05-14,141.43645558687788,136.65175273191917,71.93536223691585,10.014100893381295,11.869227654094477,115.64222264244589,296.68661412443225
2020-05-15,48.480439803113285,15.226171898060038,89.02580530178021,30.839180392627057,0.324868864189074,45.238340074421,145.24342166545816
2020-05-16,77.81859326150492,170.24138280975373,7.9406584643029525,37.14407468339695,14.57556108901295,72.38556745194052,218.7620566938858
2020-05-17,105.45284383427668,99.02930540279486,73.14964903403623,36.89586966770127,6.47060824970983,9.5658087824742,211.6477591307935
2020-05-18,54.5444403568941,96.1173154653296,18.741194409758222,26.072451208344006,13.301119780132622,81.97371428676558,195.9856140486479
2020-05-19,145.7673124081441,118.48155693190353,85.8177053157164,3.422935966678903,11.131568570043067,111.90800504471531,306.3635564262039
2020-05-20,144.3670942413167,164.93619318502982,81.90635138616561,18.55564692150639,6.8546185085581435,69.07983035969036,287.7852699095193
2020-05-21,37.767344373804626,69.56184158043861,54.07937549855444,46.038330423167864,2.691525342082155,15.133838685049268,141.27794654831445
2020-05-22,74.58727588385781,135.6032305118127,71.02427986233116,29.2224454878713,1.888377953209619,69.80658329681721,218.26401120658952
2020-05-23,45.13174647251545,113.1463927991582,31.43501131837484,26.91659716278567,16.63036666224447,91.96166557255829,172.44025875609447
2020-05-24,42.72607415662014,53.40565403388426,47.116789893281464,13.442675719109676,18.36795084163116,48.769984388882236,124.56947350078265
2020-05-25,5.53304210317992,175.7259972710316,82.16368977104716,18.422445995828944,12.995760935285992,105.58052975297615,219.10804640583046
2020-05-26,91.43465009698453,159.48520432138562,45.92651971732139,44.76730445765846,2.0686822972096675,77.84195440288374,238.0840621929469
2020-05-27,75.40185348432922,131.6903669316851,35.77982653254418,33.32315237634179,8.040544337764814,107.9098701947043,231.285134474014
2020-05-28,7.721812687498403,170.11634581884837,49.421244725029986,39.36935133761664,14.578784002103145,74.82063734968047,202.43908785658328
2020-05-29,41.79696963549171,173.45884019196046,82.82492524372184,22.717271153382757,15.596417680201363,15.754556640578908,225.8525485875358
2020-05-30,136.23988289499806,141.67259534300695,33.520804737087275,31.512360972807897,2.364372445821772,37.163005332622696,230.66945356069542
2020-05-31,35.934283600045866,167.4026656727344,17.37615931357438,12.419180437160376,0.0006143769076483174,24.21539379029483,146.50394606045708
2020-06-01,21.734230813683464,139.49429233385672,71.20140203307808,35.27304151417432,14.2427409176121,109.05917972602347,220.90601803221764
2020-06-02,73.41791404163445,136.02815435206008,82.59782127080818,21.380066685166867,7.131923519724113,91.24800807449792,235.57107595651468
2020-06-03,147.8475681165901,123.72227564303687,10.063747852353334,22.12727574073728,5.089626632365205,81.16780426920073,229.7902473587605
2020-06-04,36.30829072672506,150.54332791152825,23.98741127559447,32.466116228844086,0.2579493957905088,36.115958355794604,171.36289862365575
2020-06-05,100.82033211088178,31.72102105861474,14.19719897609939,46.81403107344633,10.805988135229994,22.085372646025622,155.37773128278795
2020-06-06,114.24294229930764,176.17415183978568,34.79414115821666,3.200317330431046,17.023014708519636,90.77413055866941,263.74756193660204
2020-06-07,35.64563159885995,174.3687055490464,45.035097890541266,41.23716186735038,19.15263292545176,56.89895350548956,203.74391461422343
2020-06-08,109.23245229177894,5.849456606911829,74.88263369633064,14.619155520609656,11.314899012265784,27.094746258075496,160.3284899857238
2020-06-09,55.167469907887984,165.16335011295254,65.11475848816741,22.195972725318892,10.289226554797883,73.99463737983301,218.7772266660254
2020-06-10,94.84587458903692,25.773973494689038,62.092856747843115,1.0956664387504478,1.701127709784822,4.840062256614237,135.1129119728666
2020-06-11,95.0294566141342,67.02377085182837,35.23749466096544,15.05230389171565,10.977456030851995,39.14043049539042,158.12676187267618
2020-06-12,80.36620261121377,148.70165125832156,84.144755308476,25.131562131506524,7.599581579307893,56.22683935093616,241.85596478821665
2020-06-13,13.543465508161246,32.15197920966164,47.128716739816454,2.8088038673719504,12.142705617671538,17.7550000931287,62.73152926212538
2020-06-14,125.2953743383857,163.59340482381245,97.91049380151546,24.55478646915826,7.774526957530934,118.15853731090075,308.36323438661
2020-06-15,48.11700974576038,166.42683559154838,63.41421382957368,46.35553144292137,4.8059824690073345,25.09168375075371,214.98146434401372
2020-06-16,27.977776559978135,101.49354675216725,12.626474156450273,5.2696609053902606,1.89930550456753,15.642375605191866,99.13355347578194
2020-06-17,6.116271233214587,1.277174343366716,67.6177562075434,38.22203640377522,6.298368891777915,24.424184866427566,87.31669364110302
2020-06-18,88.63394147823627,57.407626634982556,32.5104015431699,20.483552668799632,1.9328966857550456,92.28733597916691,163.13527749965579
2020-06-19,101.63465427634236,123.38538367514845,68.63271966860974,32.7586857262169,3.5379390164796787,51.06067911262114,224.0329117070251
2020-06-20,2.488174339178423,196.2372356054847,6.964114816240574,13.011829899261468,19.74672317159092,67.84991277030456,153.97046908815088
2020-06-21,76.81395874489215,126.36270540333368,17.48814371759594,7.974613127067914,8.882071138132373,2.5210988383632893,157.10647665225582
2020-06-22,33.97436627969069,51.96071621283196,85.57372589057863,8.023130713561322,10.637435330100331,4.131757028797747,138.384189203763
2020-06-23,96.77591856141748,126.80114061992226,22.71795570235149,3.5245972821572327,17.472370574744307,53.49906597924194,190.99807507418248
2020-06-24,26.154964350748717,107.9970759431711,83.704112524294,9.282335245062152,19.911378009813756,97.99862918419483,184.66955698889012
2020-06-25,103.64066071536989,155.96907903022873,27.927608845441043,33.21096924944841,11.654288986893631,106.22866544490783,256.03173847371875
2020-06-26,58.01030194508061,21.396127765391682,64.28819100587077,44.084530592175405,16.249476420883433,10.404788111476826,139.10985181530242
2020-06-27,140.50949831051017,152.2055805004056,69.4150573509831,40.70628427955809,6.538820486733505,64.60357225212273,288.0685405623312
2020-06-28,20.628141621898987,108.25331573522206,51.265475314505295,34.25671549372421,6.114879148945822,109.58756235351245,189.66021026134504
2020-06-29,51.159952657538774,192.59840077179894,30.531067669673128,5.521593170555134,8.054074419891204,46.55673052774637,196.05437925769306
2020-06-30,17.021028186088362,68.37443320773721,21.264437637109612,14.459372314797491,13.450145253472982,99.54789977140423,124.86880264679641
2020-07-01,138.7040427417844,126.52437862678963,3.318935456242622,15.490343766123448,13.643833785101975,16.043478527932344,191.82053639250367
2020-07-02,131.60090300714714,186.4056211020035,30.39464012407238,12.49784731988106,6.304788692989016,112.24733876013585,279.9457004379498
2020-07-03,38.69124415727334,20.50194559813585,65.3162790531283,25.750282985486155,2.6641984827325738,90.17079810375631,151.46820403720523
2020-07-04,98.99760690512686,187.44569744729023,93.83048184484826,26.77769074398363,12.64792512931017,112.9601271344282,307.4797327980256
2020-07-05,122.58333003018238,137.57714446016266,87.1204482263052,17.84429875855551,2.5665172437752903,81.19406802630078,286.8447628975594
2020-07-06,83.28012173991935,13.56741182103438,76.60647765353026,17.6894579368218,11.569850164586601,43.60847183993124,178.4297192012994
2020-07-07,79.44758675340097,60.19271338936325,78.84473432532987,41.42777989530407,13.86844256112618,112.5817407029667,247.85403096995068
2020-07-08,36.277843635067754,141.6344177290563,66.49849034759953,39.46464241598428,14.012229927889033,33.06801315710142,198.95785592874682
2020-07-09,13.965415170884881,13.47012029375434,26.0286857566003,15.389791584037283,15.069442213191934,39.860702647407905,80.74204331252368
2020-07-10,134.58236369299902,116.43409203525465,90.71950307058299,45.68942219366296,17.45718843131329,84.09701016020884,320.2923889732088
2020-07-11,135.06270857449957,69.17661139059135,67.0732311905834,47.6407508501253,9.999179839295769,91.83795594304635,268.3825685016534
2020-07-12,94.96521859099019,124.18310355349543,56.04406309804399,16.33712710150204,14.604983790591424,111.52841806189846,239.84035863746143
2020-07-13,50.854468657305105,9.148406762502571,11.098946921348107,17.721247439652743,12.383454707316734,24.576289086745142,80.1499861218352
2020-07-14,52.381436191899134,174.30736123047527,44.70555438064254,25.28170767109794,3.7327987959536513,95.75976422630687,219.57071638248394
2020-07-15,108.8933518305359,194.6977938354794,46.03582712019263,47.056040626683675,0.5137928973881634,88.62552640763562,267.9292916935549
2020-07-16,134.56653899288656,193.7755710571383,86.45636095226699,43.815971657115576,5.690827713538676,7.655346750431744,298.1013468724502
2020-07-17,133.0629636397676,149.93036634858495,54.66482201877885,5.12839812917949,8.860674126752388,46.46677694522484,260.28475705122906
2020-07-18,116.98133187864357,26.017248026126396,38.04005489704097,19.63653716357081,12.342118888573125,33.93185484721183,147.77176066899693
2020-07-19,96.30474692314317,151.6526391858045,97.68003285106593,27.668559487488594,16.999186610064108,36.53885092248365,283.10690515565244
2020-07-20,12.620994749257324,4.917383291760302,11.072059332631568,25.156623627577,3.924914334123313,117.9536255465641,97.33751846104252
2020-07-21,24.244307114192065,4.424710305799451,42.25484283119446,9.693153396844634,2.510995797969542,77.13328961759134,85.51764877110064
2020-07-22,134.78312827906188,64.72204382990824,4.202467517140529,42.940838558407734,19.26959894948655,86.12113893521995,226.1187578425906
2020-07-23,90.9643589489385,97.72863808093315,73.99041207669303,33.84703914984187,2.1608911875281422,117.1941164778011,242.59124407216666
2020-07-24,1.3795577424944472,154.08148356155863,91.80765521991506,41.89541874259018,9.569821402143784,45.264213894916644,206.56542637855242
2020-07-25,15.220731429904816,136.65907532130103,28.003732955048942,42.93821396747361,11.711274575866037,96.22082021433671,184.72697088530632
2020-07-26,99.52526536620837,89.18054127534967,85.83416767991208,37.41779268328699,10.827488418148764,52.143715596539444,223.34659449967174
2020-07-27,0.759237576932803,54.72533325633317,29.221823046189776,21.960530062485866,1.720643140658864,104.34404061779757,110.76047006789096
2020-07-28,24.1212077126248,199.42490003154222,91.07701616439152,30.527337750771228,1.1405382800723873,21.67890495735638,208.721498049983
2020-07-29,82.31006840498792,85.2362604471946,75.3961903596784,8.018270305987157,2.1096685492207135,113.72234124771356,214.27044428151987
2020-07-30,103.784279653904,90.2774048659351,80.49067768414386,33.68227087374539,11.71175367745225,26.25260500930556,218.4788643629698
2020-07-31,97.79418892539007,32.72476423833383,1.80065556004545,8.962662786964037,10.886897752686423,39.146460837711786,144.17395282740006
2020-08-01,33.64039641908397,158.96190974998586,96.2810357074026,34.69747952550784,4.674815840734885,90.74306809281366,245.51366441355927
2020-08-02,106.82688320213038,138.73644515629772,72.66709920703232,11.479908037698433,12.755482836911831,47.2506169878488,235.56711311602535
2020-08-03,35.58736312452001,44.15392255775208,30.47510953861333,5.877565007510999,16.401350041112988,72.9853652119736,106.01522251271678
2020-08-04,48.80995472389016,16.476209123168537,82.9394664858847,8.26422450714787,0.8315791969318753,53.34882012833142,128.5334526038972
2020-08-05,111.97371076770362,136.0998604149426,28.152119841492997,0.0996067609535134,9.962598870960848,89.08439245077382,226.34026919233878
2020-08-06,97.4449348570822,130.90224285622705,87.2753839566128,35.93698089267651,13.786208242053807,27.399750284233303,251.8315725900181
2020-08-07,127.38351157412669,54.65190539964186,11.258039041193701,36.620052452918955,5.046238541393741,7.014958468425241,178.96434708201616
2020-08-08,98.64193384505151,190.17271245008206,70.36859774607957,25.746667495662972,6.1554181058629815,35.991527696767946,266.54160681652814
2020-08-09,85.24629050032074,30.21157835618005,54.069847664491036,8.068140052769184,12.272758059787677,56.91703978421163,169.50058740017448
2020-08-10,14.051215174213871,86.46696020852038,9.653447019544082,4.177716875534488,17.958705868874738,20.16240626312143,91.23484707597304
2020-08-11,55.157370458915025,188.72318403351977,24.189382825883897,0.9564483218643505,16.198488406057987,42.57567475876664,173.7098475219782
2020-08-12,39.78035515225882,83.94546338522446,1.240403627731479,8.287408848261036,11.66260438199167,47.997962195228226,107.37628717320271
2020-08-13,36.59844650686254,127.70518953281712,46.876796546450585,44.54277674915733,14.604434355144985,6.887021242592826,179.17047241966264
2020-08-14,145.95158321286684,79.51887959255886,30.126526076000037,12.076842085084088,7.2964494041559735,69.99686978210454,218.90570296215913
2020-08-15,58.96465870001406,54.84304046973401,59.83574842977588,17.71356636086078,12.819310561975154,106.1212113565545,186.12317864687475
2020-08-16,133.806983276567,196.79552959196565,29.72378077086172,5.267274224066659,9.323631822551139,18.20914955436629,241.89780780086085
2020-08-17,94.67079389958943,81.8668012630086,29.99191115069847,11.118065237408514,3.7987227291512182,71.73696160818169,166.1507293132002
2020-08-18,119.22169553124726,178.8198407358269,74.31931987316034,25.961228539010257,14.034765477545143,79.76870458930155,295.69286795257983
2020-08-19,75.39556396577882,45.990921178217235,4.814283597835345,30.387634154782628,11.12929274697644,50.3201616503146,138.14939333581717
2020-08-20,86.53558269395387,42.62094080501666,90.28949951919873,12.267615708310553,7.172431639071828,84.1317104837124,194.65315112013204
2020-08-21,73.87765407282959,6.226816576902272,85.22638743911814,2.8866079612558604,18.226783801572616,49.28778521892144,157.36807459126828
2020-08-22,29.286448169706674,130.333365075177,66.78046832264066,19.551643456369934,0.41868235653466535,60.55647455729219,162.27792649696252
2020-08-23,108.3678172892258,73.70526874475223,59.32215701073843,11.710168546316707,6.315463024989921,0.8823653465312375,189.32781127580802
2020-08-24,42.11585436612837,172.8716499679274,89.23024981396523,10.977696161490098,1.1376279555529312,83.00641369616265,220.45817410611843
2020-08-25,3.647394964718076,94.64198133831144,18.533017952871443,47.99314013567276,15.330546324432543,79.36112147336694,152.07739902194174
2020-08-26,96.82084438607517,193.63868558294433,7.896916219082861,30.815024296286204,14.042149082275852,4.6081052791613475,228.06152902258395
2020-08-27,26.56660191105734,37.10510314062423,23.95101699095381,27.843922158604794,6.62704437472634,44.19001288741597,96.1077837329912
2020-08-28,141.06878765293715,173.72463359112217,79.45782787001903,20.788755176166095,13.51325804414146,117.4838208950001,316.8820528048776
2020-08-29,143.0892865503881,155.31937055834834,3.4670266726483323,21.447216671507213,7.918744523918997,50.48838750823401,213.88960949073012
2020-08-30,137.22965853306727,154.1843689288104,58.280683508348964,27.045250191904042,15.125075828448686,60.233448615821004,266.88511682351
2020-08-31,55.52380503831666,168.95664562337754,99.54375161913099,34.82149035180536,9.083673254734121,109.19161897916622,257.5844924587576
2020-09-01,2.3184924793301143,152.20479818859977,85.56960938375394,35.107304809091474,8.24559455663331,86.07142510389077,214.55460394898796
2020-09-02,139.2477843881588,125.24406432628308,52.14456890435895,8.584695385272479,18.694598309766018,69.84841573490682,261.59502578290494
2020-09-03,64.22762224759715,26.248975536477516,6.364090928664234,25.00563760383135,5.017581997814005,95.73656176092871,130.67132552200422
2020-09-04,144.99822285655043,6.505235898250383,83.13735143857099,20.597904751705098,2.4089467999313086,103.72395197471678,211.25950791286192
2020-09-05,144.54299656338793,184.16956956313737,59.89785081772106,43.52634831346921,11.690862265189164,54.82656860847202,296.2362257826517
2020-09-06,127.95141832010401,123.33006290414761,11.493299705956684,31.57094606091882,19.386436245683576,57.013003791820246,240.13783544118417
2020-09-07,44.16733381043785,159.30745819523526,9.38572848233562,26.62520332079909,7.556784274543733,46.32611227822029,165.73201995828563
2020-09-08,57.76465929028879,96.30447030251001,90.96268194365923,5.769732108945869,1.2407352725756304,116.00473680221526,207.5461828887632
2020-09-09,127.67050072752853,23.461637792478896,66.92002629380784,30.281894466170574,6.7861053461913485,83.65995051484205,224.1002731671404
2020-09-10,47.53830077344165,25.037158440510087,82.92867993167555,5.860195284011671,10.118633086391169,9.986767944968676,141.5748679786859
2020-09-11,25.423912002913873,137.11305744579428,87.89789002822673,16.860328778287602,3.238460132644274,103.55515479756221,202.66663001499373
2020-09-12,83.52018936875253,86.06117897989253,57.17723520483222,7.142098240716593,13.16204436112984,57.66719290035217,189.76247968449923
2020-09-13,140.42321612411715,40.104945340067346,51.74463517550413,34.603682351218445,19.95498778020401,8.250468770698497,212.5601453006874
2020-09-14,104.40446950124596,98.31890934828738,43.042741032099016,10.31260569180763,9.034789519628877,65.96607061959733,227.43934758093923
2020-09-15,85.50917551340474,12.841787415026818,31.69465877911193,19.5929686594013,7.094571134604253,50.05971347708425,114.1857132270436
2020-09-16,14.57647406561528,116.39428038287976,43.459596085871176,44.783738880938934,8.014083336689332,105.32992858351498,183.32715661691975
2020-09-17,92.25108400487547,53.798680887019536,77.38796557301563,10.215819169948514,2.3029235679040228,24.479352433126486,171.71762474726378
2020-09-18,148.50807751563949,159.51182012743763,60.19234310151316,25.390253197938957,17.665472028524476,99.17575313906195,317.16810750919166
2020-09-19,21.012602285478604,62.07239178471475,89.2523289954846,20.9635830583011,8.296513110427039,66.92264294225433,150.56325128889895
2020-09-20,77.74944785456051,91.04402981636024,44.33800143791877,0.9062020522864866,7.745488228496827,6.553236385616286,148.4044790810527
2020-09-21,131.60596078919332,2.324107981620127,60.7089578718754,39.63790567864064,13.193805458609486,116.62143615905816,238.36294171068866
2020-09-22,111.11529266313066,14.489377558911777,63.130755309198875,3.4522953157299865,8.84066841862247,61.51382929238399,206.09106411998982
2020-09-23,104.55236114929019,78.49871128133697,59.16971623063255,23.71275104884768,12.964669376156921,34.9052225077899,212.24834988652995
2020-09-24,105.3726125980664,95.9877669434247,70.26337730855164,28.033914746947495,1.2289258026157501,56.32882103871097,213.45359217185361
2020-09-25,53.92367268296327,120.00410962386074,23.74334683748063,31.421322830729352,16.27446687444455,102.94293402209868,190.20072641858758
2020-09-26,44.038776639674005,58.33251574186065,51.23637775457907,34.431581465393776,18.81007905758805,36.58837492620762,147.9519725285849
2020-09-27,121.40417332177704,138.99637722530852,10.422480280834767,12.663619176135754,12.975307723187719,23.121167578404037,184.4852472282721
2020-09-28,121.51700920187712,172.0244794378409,38.45113276448126,0.49893883292246866,19.091318577176214,15.488549631705775,230.51770797043906
2020-09-29,130.06084778701555,155.97019777866996,48.76670686212644,36.1721831177456,3.028646287399266,35.74312780682535,262.2251053926902
2020-09-30,136.9860828834707,7.923765069671429,65.22242595454725,26.78282996737893,9.548323789607075,93.60577044480522,208.56962338802322
2020-10-01,76.70135982914067,96.1013894515658,95.05310525862035,41.805885160362436,12.036134678908946,56.595163823431406,244.98790061724367
2020-10-02,75.22744420307994,20.986035683634974,60.06510665483559,41.06941814503472,11.634732948423734,27.297792443224797,163.63032359140186
2020-10-03,119.74427684501627,48.40900317250549,74.35939161765597,42.16630838939416,8.029235581780865,19.942199953169904,205.21214101342179
2020-10-04,97.49458961666477,197.3325186534293,50.626605949520275,24.25473299897701,6.761688187325228,39.92753718124549,247.29463285180927
2020-10-05,105.2950315886555,28.499108580302646,63.41040313763313,16.681419791843282,2.536480451008376,112.79092474628506,216.2641340133568
2020-10-06,119.36890041541515,99.77763069027121,7.093221613377343,39.5779101295685,7.834849011245564,41.163205510802925,204.94806133407383
2020-10-07,133.50080127263493,123.63114686362383,25.439158084184697,22.564705651462745,3.2532163021097027,118.57488911455624,250.40813536642952
2020-10-08,50.69927352773037,140.4929941088208,36.185309320513866,9.172109820171725,14.687313529844367,58.227654691842744,175.7717091770446
2020-10-09,56.3374428959916,111.92973669738282,47.249335500651355,42.748700978073714,4.1766187098918,21.499670194818105,172.88349372413134
2020-10-10,14.097290976130349,1.9541694838367318,4.564874550238374,44.127993838617364,1.171306105690677,106.93681101522112,80.63839033294695
2020-10-11,86.7420211494261,65.29226164879837,14.002409755331769,23.315487807008505,11.047322756344686,55.242644776179226,136.8228805908692
2020-10-12,5.391341069511313,103.54232867694229,27.68143077913058,3.7849863654893734,11.904594654388031,85.16056122054293,142.93236934127893
2020-10-13,69.83970271986902,17.57329982896667,97.15326909010507,19.391304495846562,17.43826122561011,118.04538998509821,208.76632424004245
2020-10-14,81.3966952061365,70.12538624183615,33.134700710305076,40.17688297313017,11.539632248353637,6.02104203839688,164.2560280570213
2020-10-15,42.98118781924266,6.640621758273313,48.20410581120825,45.088701427311435,6.9096170744689145,11.603347174508055,108.78227279681958
2020-10-16,88.62498908535161,15.715699431004149,19.609771273839293,10.173637124879791,16.06023763052641,86.45480897553074,140.27383260083892
2020-10-17,4.575037490857414,79.38465524031922,61.07800710757682,3.348680601263576,10.805577863748422,33.81900039545664,109.509546374976
2020-10-18,5.602228312382163,26.54315080861207,28.068321551597432,43.86752265664193,1.5856056926238349,22.116167634011887,58.00126128933821
2020-10-19,123.39008409894873,113.50816965231164,20.699257843842677,19.470246948943764,11.317011206264933,4.723425578367539,216.48332606288943
2020-10-20,54.02859621168943,137.89299382745315,51.65726284459791,27.088048213378162,18.160370908433247,2.6216054383442167,169.63014281102718
2020-10-21,19.059076897782717,160.11733982181659,0.5505799160420821,48.40329060253794,7.926252509964411,92.9382723743749,158.72258510213283
2020-10-22,78.33648900822065,40.03004884896202,0.7664032649225327,3.3282363957111425,5.926516037996001,16.132011284346,92.6017166580008
2020-10-23,115.49903296479162,33.49651645181395,21.906880910185777,32.41590037260478,2.869389140360401,56.1264739165381,181.84563849989658
2020-10-24,32.37315412452648,20.91356806688005,3.672136250082114,3.7052711287433535,3.0289104387071464,72.70761782153797,73.10312190144286
2020-10-25,93.43357137285004,127.28604990872734,10.802575413069137,18.77344642332502,8.655429686836378,51.40221606826155,173.20516788093985
2020-10-26,12.802119749065199,141.29514529738023,33.88606493387516,40.190727259672336,11.913596483230592,3.2527982803479727,153.2906900120784
2020-10-27,7.752258175291154,6.3172289651284075,80.25856795798128,21.67361163778172,1.612308103392035,94.02018031054907,124.91474126118032
2020-10-28,79.7031947352222,187.24244924873796,57.204864336930086,49.85911769514752,18.791371780503315,1.2615869449984185,250.14387501810322
2020-10-29,81.09526824151598,10.394256730294483,51.26677259564164,27.952964247330108,15.10267234890392,91.42678732529808,180.0523247795484
2020-10-30,95.61448522473098,108.25926706021409,29.348882320812166,16.058107631797675,11.732478365673254,107.19653925457473,238.18176915029923
2020-10-31,108.91370005839923,141.8121038901833,93.17537194328163,11.005566295237657,16.568773418779816,51.940790526860674,287.402273367258
2020-11-01,146.37781191938018,174.19382474921713,39.70150412371917,17.52602671430809,1.6037351362422658,64.26509677173578,262.78807772658035
2020-11-02,77.4450522451793,142.81738642648557,8.70927667957715,18.62666368797754,9.536777554662487,57.23800711411845,198.35437947083193
2020-11-03,48.443470941186895,160.34561661395836,61.70665161178013,3.4356838861980488,12.601862537233268,46.70503423481266,198.03902339491762
2020-11-04,119.27792921530555,67.89003850856122,11.38383934766014,18.47870997133866,16.573058122365786,106.49094424444323,210.92636432197438
2020-11-05,40.624837689311136,162.96502274930245,34.52231428016921,23.211925986961248,15.669391200985354,107.27202128039886,192.1637093910084
2020-11-06,65.84571310584542,16.02296927693503,50.74119387178089,36.13688761194023,5.541384994267993,40.297963756984146,137.2915977443075
2020-11-07,11.768457201339894,178.96333121210552,87.42225246851758,32.8364742360804,18.817603391184086,73.80837048176376,218.12484797814074
2020-11-08,3.8026115123186264,109.51847523074724,49.35465803401187,35.438282761457714,2.486916828617407,111.2289074575037,168.62293338360166
2020-11-09,144.39726220168876,163.45955399249874,70.22587660316643,0.41818409384285493,17.502672372423042,115.44701987296219,319.29862892451627
2020-11-10,125.39701807683088,90.46365690366002,99.28168389990704,10.883369979026803,19.418804992092372,61.0750848506457,242.73873855362405
2020-11-11,104.3961309140547,128.71553903930499,13.148911989798162,33.084214419992826,3.5430704644525113,54.33897663411921,201.63344672736287
2020-11-12,61.34294166214048,105.28053218722265,27.47315255195195,24.199468408987357,14.441321284075705,33.443317911423094,173.05863862326237
2020-11-13,25.994148010626866,146.31790435106637,39.45760755976464,0.2656737834172973,0.8057103755599693,115.0646247828492,166.6181997739295
2020-11-14,23.46555640066291,16.325996406117916,42.18281785388314,40.22473212159112,8.108456502783099,17.137716536744083,102.04158901148821
2020-11-15,37.5364347246893,12.07041679811276,41.102107526554576,38.64047866451687,10.325665983953481,69.579549125727,128.6566923582259
2020-11-16,82.38399970591807,49.42064680202929,90.76110025565549,27.420958149678132,11.612904518192682,33.906032102236665,198.0334974613092
2020-11-17,107.18938840500935,31.90893602263767,71.40326444668564,3.323166288813606,18.71874496497119,33.480994841735594,181.20828224577977
2020-11-18,99.0296065076597,174.35671331844034,60.79052140907037,38.32575247662923,13.445013745883895,48.59623048514261,251.32405486167022
2020-11-19,41.99008454189143,43.84279747160886,30.93727178627821,29.185679386568196,9.62555902438474,119.85515229787855,140.07072681850065
2020-11-20,143.2297920994791,195.17305116382627,82.37903842212947,39.097998857897956,16.193500725317787,6.595956820778648,317.6005439973764
2020-11-21,110.68453750436528,67.37915835422137,95.5060511484989,37.58734961979202,19.01065641908818,69.42501818442378,256.71803536256505
2020-11-22,83.15310787671011,36.423583137739854,82.11982825502265,40.15010359789186,0.44132297364581685,9.908658964233261,169.28375162339128
2020-11-23,91.75811193515284,157.93970142849582,0.15651051914729042,25.90040332023124,19.650425445120774,18.54249959886228,188.8896219348421
2020-11-24,62.94000936416849,131.74155510017522,63.6401370183407,7.016225909675749,1.7226427812736067,52.747553012747844,184.57812775350425
2020-11-25,37.15964842517362,99.6391432906278,5.1135381442100725,33.557873668984435,16.287735585375227,61.255215761572956,152.89165756413877
2020-11-26,53.39590179768924,111.07271018752624,25.760722033372186,31.02368925259853,5.60669505102825,31.05508900374288,149.01541583557648
2020-11-27,113.67691656965536,143.84035565445276,5.952470034777169,37.11265935995436,2.643593155077435,37.974855704929944,193.4545647117933
2020-11-28,2.1590232944633803,45.690948266259745,60.37954529493877,8.494050302536765,8.797112794276698,10.436042430711968,91.46314089921532
2020-11-29,17.410896076037435,199.26678321134838,68.65899134926067,9.748759995014462,12.879131588952271,36.386374061310065,191.56965982392916
2020-11-30,6.900396303262912,194.9586324293566,11.448763806590511,44.52047586096642,7.6190369004695,115.9870127256653,191.29195039449826
2020-12-01,6.109320347845521,130.06513726938738,38.38388830449795,37.49888992260354,1.0913081656539791,113.3648858006978,181.69199541304363
2020-12-02,128.3190876016511,39.908490185829024,45.6236508955542,45.411424435016144,11.989222793174331,40.1853948164382,208.45177832906012
2020-12-03,105.54867890700355,136.04564848625827,36.90530217609166,37.93576605819604,18.048065522213495,68.5024723534514,247.59302316947372
2020-12-04,71.12607436309878,14.439681795835169,12.102500048519305,29.857765299515094,7.664307318945034,109.15144693331332,129.2763300494618
2020-12-05,14.675124097650222,6.130500441161213,41.89477901874754,32.70663685139368,4.326655552616541,0.742058716907601,65.7497958832686
2020-12-06,73.74238126752485,51.53657770224274,75.11780478084181,44.456396197000494,8.851546918656307,97.28202844051103,216.99295898501194
2020-12-07,71.02076561708485,92.52459134786326,7.100766453325546,28.940337725597026,0.9672542209756174,113.80434633467029,156.25217731461936
2020-12-08,25.980280486502277,173.6545010816761,8.018001408190345,31.619566216419372,16.409751689605496,10.959088120026848,153.3566783454375
2020-12-09,65.07774738569596,145.4338139532616,35.47712918359842,7.823835800180029,16.526816219003734,19.373722323950524,177.9389310469461
2020-12-10,59.775710159606014,148.5413042399962,94.1725711618925,23.696061005805134,11.760009268592569,115.28955633256265,259.3423620951235
2020-12-11,92.37751470783247,85.09866688961507,66.85726467229141,35.81985559790495,7.062057778767789,64.50481723684156,227.27271172263053
2020-12-12,95.26404763014656,69.18699850939258,67.86699566725648,13.54713491581827,15.995667288915667,1.7035961366068442,184.8618394385361
2020-12-13,6.795601465806678,74.20775259692054,36.1919990837865,10.112709026226746,11.093740495767344,30.9158398516235,111.07380361589665
2020-12-14,56.19189219397068,197.52991274721157,59.36607912085384,15.691340411220779,16.518646171000324,53.993240912263154,221.21771252297768
2020-12-15,93.87898735713546,8.021838282496496,1.0131184027743378,12.075031399641672,12.629175851660413,83.14906932297212,133.05344241655035
2020-12-16,75.47043878701315,173.40629922448971,63.60960464095422,10.745631851819793,15.688109464255946,87.97924537641595,248.20926753391137
2020-12-17,128.47347617824835,115.73508171447868,91.32869475762368,21.242542143404346,11.971259864355199,119.45058155105474,285.183754977008
2020-12-18,98.80404474284175,87.7230838379181,61.25734683448192,45.391925694176706,8.282821364313325,34.501343926051085,223.8381027330917
2020-12-19,24.440164062214453,145.0515320830273,87.3698593466345,25.352982336935913,19.15891719852275,64.58641222421703,234.77291166297638
2020-12-20,10.585312110064477,97.33378828494057,72.39730554660937,9.396019040766152,10.822276497576894,63.9988257431526,148.62038753785006
2020-12-21,96.36289173094734,174.68464761633211,12.055841640369025,3.848583469043704,12.101790370810768,48.6774311336685,210.59367109254325
2020-12-22,3.9766965812432717,180.1403728022517,90.24533072858418,34.80780725689626,4.409752788294985,20.299427261090422,190.24169270232207
2020-12-23,87.8663371910195,84.34418537469108,6.644384435577488,19.139938221819392,12.51301578854553,117.2947875820611,179.6439770216007
2020-12-24,141.03453621374365,55.36555944701031,53.39674725477638,41.09154732926796,11.432152989658878,102.39806239999032,235.5836200430733
2020-12-25,86.32112668138184,118.47006571867244,14.213712379345766,32.97553843203851,3.696767958940499,59.79996339530847,178.21619761942304
2020-12-26,58.22548893097829,182.4726691233382,1.1706610730904066,39.81207252706842,1.1917419470628743,72.38945072208358,178.63219620552877
2020-12-27,96.49323276635297,42.132437801133314,42.2034260127639,13.597301970922437,12.087186394295422,27.271326427159476,174.7896036114581
2020-12-28,68.73793357372749,124.59331671269655,29.504070765415623,34.6179461230529,15.27384538700641,65.25444844700962,197.40776571283016
2020-12-29,81.84251839739024,126.31204401850411,48.6000493797603,13.203099234685938,10.468027418440165,83.3964159745771,209.8925286097633
2020-12-30,141.21972131647877,146.6226044830562,57.71998867345508,46.95342397251458,4.5354525063929145,61.82004340639065,292.5645886158263
2020-12-31,57.91539567011614,26.31353702545196,4.373907230894735,31.81871407666872,13.330439533860698,118.83422047019295,129.95562129643938
2021-01-01,144.17858457358713,143.16499293641772,12.300329512374564,16.225590008767103,1.602114532192045,73.36099874972714,228.38861098981923
2021-01-02,135.80259629340955,181.8065041331282,55.86423964504254,13.475593114613632,8.836674096039092,44.51684551106028,273.1761203049352
2021-01-03,29.368670218394467,35.93662177404839,34.316735317265824,9.546329253582176,3.2673351679684037,92.65824331390057,121.50434822694174
2021-01-04,10.404195131274818,47.50866498477553,72.9173487549448,34.73204794468639,3.689181021197667,20.455501389797046,120.4783754193654
2021-01-05,15.116700206613999,194.27901880832792,65.22916485919397,10.935780649896365,4.045878983164073,46.141897644751985,186.03605492873604
2021-01-06,2.733273847732459,36.19539054189795,84.56043629899068,29.765163296374453,7.734141140879558,41.635074045310304,121.73165173352898
2021-01-07,14.16644411338926,170.8770186739158,69.24928266692253,13.231751346267867,1.0230041124079525,51.816851412933275,178.83501612388403
2021-01-08,102.45101601245352,98.45557128960695,42.99310773901481,33.09844723969343,7.955868818581964,93.81357911144715,227.84508484848791
2021-01-09,10.678297269034347,49.44621488063541,67.29666223944324,40.74698642702696,10.234148942294016,58.1007638596089,126.97291752351043
2021-01-10,47.846344544064195,174.14998025450228,27.538117425541852,38.90126215723266,9.665885699326504,95.28173403191553,215.24228821321296
2021-01-11,126.73129664541818,89.0610510005331,30.63134987782127,38.042566546539085,7.655682008060811,69.1786683767839,214.0077422277902
2021-01-12,3.4907903603738797,102.96347078593804,78.89851599207933,9.386120284612604,16.78293216141505,41.04833215890664,147.46979828433564
2021-01-13,122.17027238834036,71.84667387995314,44.64195164015822,4.419247349225936,2.906533848410082,97.19744924201669,204.24885015378857
2021-01-14,42.27821621600999,118.59017028698548,79.83803405183525,34.94744142436928,10.113934875627479,28.59476046637099,215.90700860964873
2021-01-15,17.724724143248437,32.70477451700455,82.24223736682784,18.417360689717565,1.240828339131086,26.92595757597546,110.64033384180209
2021-01-16,104.51057480462259,78.21630733035214,85.75623376612837,21.617311320167364,1.423113577558195,60.54035088658029,207.17091084908304
2021-01-17,94.34142701698259,193.8824644670575,91.66352358412072,1.5574546396695532,11.477316993541926,31.30190951545067,259.0218601333998
2021-01-18,131.62080202905796,51.626686540225506,43.098522051329624,12.97882246375246,11.32036849775642,1.0904441941459586,184.8843405895594
2021-01-19,110.26065657058287,131.34733290825844,31.886681832113883,1.6838201937232011,17.56067025688914,77.79570327585618,240.86968511237708
2021-01-20,120.52213955772729,65.03801284493898,58.21987465941139,43.95928863006238,11.157473513201463,61.33125857668776,224.74590910144596
2021-01-21,42.30518588569597,154.69462513732012,37.117242343762754,12.169834160926523,19.195820408097003,53.46213773917934,167.31224513712934
2021-01-22,26.615931566958423,26.174732143669964,60.1074166800233,27.866858478650403,0.9738969679985954,116.03622175419784,148.63478417579597
2021-01-23,112.59221274612875,193.96420901570895,70.55858626438246,1.9489660330565206,1.9601536956148213,68.54390207554964,252.99197680693575
2021-01-24,121.0252108900896,90.75790827672785,68.84050184921368,33.3423695652829,0.8813172314076279,103.61178933472614,248.2692427111374
2021-01-25,148.575771300101,47.21009266929279,37.45528870201213,16.151367287704694,3.7055370066708004,16.73402834461922,185.82757562749998
2021-01-26,61.89265153671397,14.69934946600253,16.68602016987528,44.89595934788329,10.825402218833561,68.30477557553132,131.85002338417678
2021-01-27,55.802712868917475,33.95158101750815,43.05293384622075,44.40590944670179,12.911443628548561,104.15755520770834,178.57352608378406
2021-01-28,116.46194411129953,103.95478971120353,14.259414408190874,16.264530918087388,0.911703158973376,69.97269087358777,186.86052515087474
2021-01-29,51.120531037952674,67.40063528625726,89.00970351838083,45.04804478452339,18.919417796911986,86.16170137524018,212.68722585272064
2021-01-30,139.6135988405347,165.77667317652188,34.58774607378574,49.80788367493894,16.84330753300762,44.64522813746488,281.54973262250104
2021-01-31,128.76191277645177,86.17750473236119,15.445974722332378,41.2707832061974,5.932249643141862,11.093942044447992,192.94551588848785
2021-02-01,64.34910410625275,49.742854517525984,2.5447759905750877,42.24356738776145,1.5437506045293592,54.94803541524857,127.8250556270797
2021-02-02,112.6306601687246,123.428997320806,64.58223862864843,12.450436805454496,3.3977414643811454,47.3375269006629,230.84989174914327
2021-02-03,113.18143111270236,141.35544337708916,63.69023174547432,28.835119942887815,2.5388882750994535,104.04722188547368,275.44938406446755
2021-02-04,15.46858032538989,33.408381580189975,34.060416658129164,3.3627956983683926,2.465675585978937,29.27943628229667,72.79624782692774
2021-02-05,135.382936001935,33.52384325766353,7.171188884765101,4.745896841083486,10.371233773314678,116.00810730421297,193.208849307126
2021-02-06,75.78785586717858,7.334285386708594,40.9628894895232,49.94463060166453,4.916948849868006,114.97657437653953,157.53188043879436
2021-02-07,123.96861991616124,147.2804030131281,31.12174950633936,16.331962471295547,7.162794330582889,29.715797168572642,223.2346103333184
2021-02-08,48.00744015459176,132.76090552436102,67.71206397350093,37.40919560244232,19.790106667686448,41.76623465727846,213.94303237261525
2021-02-09,134.32848427443008,94.92617514996277,60.57792494526903,40.33325265134082,13.686284978506896,107.4666889048662,284.12411803532547
2021-02-10,58.38025181012447,168.83408979383944,36.459372819754,42.90116355036146,18.979613340940027,115.9946665075329,238.93951631658524
2021-02-11,1.625647722044754,161.13403059001064,21.78925542549901,49.881414870107825,2.851131100662312,53.21269234032528,144.3095633703949
2021-02-12,135.80729646288955,117.07087287935043,98.80359661555919,12.074824262843393,7.642789496651385,38.51964547690774,260.1340477834977
2021-02-13,13.693001517920035,173.65425610265171,45.40016211961149,2.0175413429849853,11.094636065647085,63.13128159018505,171.37399164925074
2021-02-14,47.89704563856223,41.16824200735365,68.82742357802371,20.5595758997293,1.5351612377747603,82.53230476388818,164.1500771277754
2021-02-15,142.50929505762073,22.383923879545577,14.055296757836079,6.504033491447347,0.0837488725591573,32.81694184499757,148.06807546160928
2021-02-16,142.5910720406334,53.949922303397926,48.55896996593978,1.1212944581027562,13.40868667593835,88.37678095428873,232.2100279615557
2021-02-17,86.01568321849291,11.417371217862971,2.7536719869465487,18.021341357074306,12.836390336028707,6.198882853756924,102.52870992440752
2021-02-18,94.77558182546989,106.2339056002064,50.545511791044994,39.18691255376182,8.215776199992234,5.915339131729973,196.34890050752836
2021-02-19,67.26682829674796,187.3211384589923,96.40174071177023,28.309034561253544,9.792881520640652,46.35452461746543,257.1822320192689
2021-02-20,43.98161575470968,7.868708133701929,38.420671298580025,15.638899460517703,8.308860011841793,42.41678304728647,107.30825713152913
2021-02-21,49.299681805487396,24.42198280200536,3.8996012574911587,32.71710027463598,0.48010089689777713,37.87598584405827,92.84898120312
2021-02-22,100.87776841155576,90.43980565668706,3.095579091934353,11.600909015440536,6.707432124349248,58.9223715202692,187.4134601277049
2021-02-23,112.85617941565201,186.77500350558097,38.798675994686946,0.7190723036042512,3.5416451079457967,38.48802987738855,221.32340798188892
2021-02-24,118.73685655887728,63.2312209953501,16.002493646319405,38.21766932182137,1.9684837820273748,23.07095021617103,176.91847540088608
2021-02-25,118.44272141918309,101.44696173767849,2.335209632818591,31.187154243200453,19.134408677786997,37.13634589063211,192.60809336122503
2021-02-26,13.680915457303556,8.31457181007842,75.62136139501769,38.115131225047996,11.987194500843312,116.98851273722819,139.79706025818703
2021-02-27,74.16304570538722,29.668640192417772,45.85230088818907,1.9469008343832805,14.573125684732053,49.33361003938183,140.17009354454282
2021-02-28,8.633814002496642,197.32602459176937,28.924477197265453,41.85598139153261,6.30727486532235,53.36553322300029,179.32707183294795
2021-03-01,82.42933234856034,193.0237392872091,90.00831830164807,30.976310001815165,7.862942589880304,69.1853987941368,307.97948773384354
2021-03-02,66.22957520600656,0.9879961868819231,11.613896020052561,28.169767535632005,4.73847987793447,118.00089220970719,128.13277661085405
2021-03-03,133.15562741374495,190.36235708464778,95.59188289553192,31.23070240572658,1.9393134193084949,28.992153172291562,289.39887599507557
2021-03-04,52.6372518828118,127.82398756310008,31.396671737735282,43.2216623434182,3.580632748831676,81.75385326389205,192.58668086471428
2021-03-05,17.56005246414088,173.58365890400444,88.84036723086813,29.346825327945353,15.950280905929716,85.9181632250069,208.61234141156564
2021-03-06,21.44875230792538,90.94797112677182,60.294287647946156,29.047518994408968,13.550916103675517,72.87893001516791,162.69532883326636
2021-03-07,114.22659475762083,103.11920571585004,82.67073597414874,49.53395785328829,10.938577519709538,10.629400756397288,244.78750145114788
2021-03-08,92.73270949743916,97.76931605138404,98.40131632104642,37.8365083534284,9.50179745733536,81.22467309930917,263.6411428412105
2021-03-09,15.168401418418537,133.37285150922088,28.840543781874572,22.114690272556764,18.44868567312249,7.691365324341057,141.69492743001666
2021-03-10,12.616020917249616,27.93025095126258,96.1135485407593,35.369850001646384,1.454698955573368,71.53711794598763,137.44771623828422
2021-03-11,105.145369718868,5.9947179745355905,38.94818949024204,19.461523584589425,5.612016264758319,88.74974126660912,165.09887255491208
2021-03-12,10.914450954629029,61.58598831823818,38.55119047369223,11.44377312417495,6.998757071414281,25.31638687439405,82.1408799368356
2021-03-13,123.27900889355344,140.93615254732933,34.03871042545057,29.84259384438797,15.648516244255756,100.99464090513288,254.024832426762
2021-03-14,105.93633407347443,40.370690424589675,54.14076073475852,46.409104905697575,19.850292403239425,3.6424566639605116,193.0996015511299
2021-03-15,12.202317096284965,134.68648666498348,15.41450431784871,46.45697600077314,4.813410295143061,101.25754363899674,147.86866686773914
2021-03-16,12.725657112778787,193.98240922145408,55.37114853580112,17.095263905274514,17.486146682741612,55.23948607713181,189.87575005877713
2021-03-17,147.99593677517632,18.78014315788368,54.1704812410004,26.38387331108475,16.612455208635826,26.11055279179734,196.98017305993287
2021-03-18,56.14061936341805,134.52042364502526,76.190181260487,10.58179492849306,4.493147952835333,16.05337739927616,187.81692713284866
2021-03-19,55.596322060033636,88.75004386091423,83.36499619375856,49.78155547494417,7.986651603984452,114.3968601098847,248.03754167928625
2021-03-20,121.91993508862538,173.62845087550107,44.044135031242405,49.05589539339679,8.193457385850383,8.719870509738804,242.46078528968613
2021-03-21,142.08728660757882,35.42995788947718,30.233324935149376,32.475446485372366,19.564413370531167,23.89121039231108,180.6676749380564
2021-03-22,147.90015957343064,138.5251904452329,25.933489731709447,40.22070298387367,3.6178380275779665,41.73868169196552,248.57124553198747
2021-03-23,113.00672778884125,167.62305792962204,19.462383670487192,35.755008064185,15.98315942209564,74.42818187533446,253.6066787933335
2021-03-24,56.43893782963737,188.92284389480466,5.764758219902488,29.65791095197341,6.683854283462198,65.3761302331318,195.7951635521697
2021-03-25,12.525107504800314,136.64960565792916,34.244797883471335,2.6673998494448847,14.617406915523208,15.077219089477678,118.6400359683202
2021-03-26,116.57203738911552,99.43495280168545,27.024769213078326,22.738217127633053,8.400220085913258,34.767358048585756,194.99612334637175
2021-03-27,83.76063746037076,123.56944804024278,96.64173858664074,33.739315108370526,11.5671952623308,28.65021253032289,242.23170491772174
2021-03-28,63.633301387046444,173.78099689574364,55.77088262500439,33.876580694184234,16.652235466522622,25.625142538840965,232.8040836733777
2021-03-29,135.9531577642104,114.12194932776593,34.72770390305075,18.65613092111918,16.083311299677682,49.337320377598445,215.9859927776248
2021-03-30,16.679622345922702,6.077411939367372,58.0467600993696,47.084599332901526,17.328463670794005,84.48377431099883,130.965628153521
2021-03-31,73.89376564362887,186.18973910139556,13.91967013456955,8.36785161183905,1.1923465068931804,26.094351866068312,180.62330266894483
2021-04-01,1.7030467151128603,137.90535020631222,44.40437492022029,25.01797231077803,13.841011060794896,44.00146556435777,137.28669344021856
2021-04-02,70.29909629911894,135.30267715544932,62.62343214210638,34.54419882754114,2.7997475344352574,46.91009122093947,227.0490430000595
2021-04-03,8.445491352275603,43.13503047954343,48.889783179245136,34.85679029459046,8.316371360368219,117.17478353224922,131.46137955876176
2021-04-04,17.82268744021079,131.77709404653143,40.177880065432426,32.43194783844078,10.97176830109377,114.55996282548827,183.0160314554084
2021-04-05,17.628937016565732,78.77288113083169,99.38483888996981,13.764410672593009,8.054789694936614,96.01650993024911,182.5337594711686
2021-04-06,97.38154531740953,130.24659540829842,88.0314762148927,7.810328434331098,10.39223351606015,28.99907049830222,224.37655484485643
2021-04-07,111.9067318898135,21.318606061598146,62.34059581594401,31.797016341335542,19.930526175972382,8.164477691000362,165.6388495753431
2021-04-08,87.50531476457394,131.5690609206072,56.93773611822828,29.965105806971888,2.7043462742570945,38.02849652647497,206.9830260271617
2021-04-09,144.32588227118129,199.88274515413332,62.06604798245841,8.967800514462049,13.509120906728512,32.0153459320597,299.4877450385598
2021-04-10,56.23058692855561,9.642407772111206,20.131210782243325,35.25695727852817,7.920019327712304,60.711096017567264,113.0951998777039
2021-04-11,42.85681294227911,195.43483684426346,39.51377432643186,22.75859958668282,2.6601959781465756,93.32734920813517,204.5784436054632
2021-04-12,130.28986922841904,81.38159214457413,3.945953289089932,33.38802958015765,3.1747352674861906,102.99875266546296,221.0311614074298
2021-04-13,33.5393757779179,174.15069006745182,47.554603748682666,41.868353988507536,18.98546212491234,101.38369024926102,226.6487237251376
2021-04-14,144.4833809160917,156.4770968116547,54.302458395766315,8.486421428846159,17.592029934235242,43.161067346768135,264.92447261606156
2021-04-15,1.8231712034724512,113.40325219733356,22.77497361032096,0.9572433998418339,18.140839208300438,82.46812121528195,125.48555529879076
2021-04-16,145.48182400614584,147.6898418502653,96.40288471655137,38.955129319789336,19.83065551654773,37.54010370290641,321.65661056575226
2021-04-17,6.473986792586417,175.7031122602696,90.9454610937242,30.484871257630797,4.166307800170359,7.308665188221926,205.47376949715687
2021-04-18,133.67146705471066,80.8280643302066,72.21432354559059,34.98197848110608,7.1087867472812345,84.18783187235307,267.23582127751746
2021-04-19,79.15516636294498,65.40663231264774,53.33866287653626,41.90774874943213,13.384380598497334,1.1793063083745414,182.62522723579536
2021-04-20,148.94471941789504,133.51867711271694,86.99691596476849,40.14054674122502,9.676050797212945,49.10191049501863,294.186831236368
2021-04-21,11.06948471030983,161.56918838825172,13.065234382346292,48.046007346441236,8.36779066756667,39.525512316249085,140.69598590549572
2021-04-22,83.07814266019811,152.45702695532316,79.0509794274885,26.79675394260591,7.156224986711861,83.20530462226229,254.45080340376236
2021-04-23,145.39538034286485,159.5627297717269,12.48208139668483,24.42478163299527,11.875612638869043,91.94945673124548,268.0295283377082
2021-04-24,78.46467662552232,87.1166629625866,79.42106625494054,20.094359994536504,11.51186857280164,36.49135631655406,188.15353198538858
2021-04-25,94.40979572028938,163.5668432350043,27.576756825135696,7.684552142210227,3.2291566812848016,97.39524173338242,221.3371116641239
2021-04-26,104.36230334769257,24.04181107412169,87.7090581018189,28.63036164410112,9.43479675036878,35.27001126059205,200.6778034697088
2021-04-27,68.18115971516599,108.89781959216991,94.40420938253979,13.85062621629894,11.069435524196997,53.559163198387346,218.37725106708797
2021-04-28,94.13371201260952,1.151732099624314,14.879596940511563,46.06537561064877,11.40573877462781,87.24222324169607,164.14271161233333
2021-04-29,87.64714678846504,64.91716598005407,46.267560506539354,29.15954021385488,4.202143858247036,83.15042750697462,192.41106468027616
2021-04-30,135.17370157364834,73.29230697427957,98.09873781626851,29.642009025405507,14.845427845045736,118.484216677464,286.92392177151595
2021-05-01,6.81695705121868,79.23453832185108,48.34074359731466,17.746233043850502,0.5039818964213927,27.019322905911825,95.67940174898659
2021-05-02,42.14447843883455,139.09344133797242,86.35475225145451,2.5994675988853744,7.096637110863253,79.47814962474989,191.45902982514139
2021-05-03,142.56172261148382,77.71162025406915,58.87315221313199,1.587188268649431,15.604252970712672,73.16182899309328,256.2250173893333
2021-05-04,133.53956758363745,89.73872452450613,37.53299079196019,21.166757207659874,11.277858421108046,109.81181453880359,244.88346624884272
2021-05-05,68.34851291785694,47.50882617486549,28.57835555258702,4.228268904861893,5.223248650217204,18.763456997385006,110.93280967764731
2021-05-06,93.01988967023051,74.65035832586801,20.322309108608728,30.342347777006957,13.899062386860955,90.21577963043195,183.47966312717173
2021-05-07,41.6071774471699,45.453925452630294,76.17981913776973,44.04865028198287,11.347818883121468,68.1922339522522,202.6142778486676
2021-05-08,28.218173958564197,14.639184753688728,38.65405068230279,44.14574082593611,15.924872189127743,32.95990437454865,100.22247791467481
2021-05-09,69.55476074099732,120.68971867627558,51.12754622007512,32.95227050661162,14.700503723796468,56.93218969766089,203.2641625633757
2021-05-10,53.00283420390792,133.64255971100326,49.23254800011819,10.56159157364655,12.202158440724693,40.05319164837574,181.18487338176178
2021-05-11,87.5484167776308,123.8980692019229,57.727902923313124,43.149841567943604,9.76355350621628,69.5176083346153,240.883576157035
2021-05-12,11.660195544747726,92.69880876011447,86.55771456245522,44.30467176566041,2.663642513350468,106.6800732977599,197.49939220224653
2021-05-13,146.15922114992497,75.95715603584597,98.07393435834294,9.832679247647935,5.226660357707676,68.31659812946424,279.56403518870707
2021-05-14,147.93161167194043,172.66672991436505,40.758420857381694,36.871304288533864,8.381989458341705,75.80669019919009,298.26037461481314
2021-05-15,104.72425710296177,103.81635702724361,82.7518922106303,14.325977446356147,11.985985740127774,62.249741653765135,227.3364710392005
2021-05-16,80.41445495161805,95.8363755259462,76.45277946547176,40.13201561764648,10.274157104306097,6.139860773457109,198.97914117272617
2021-05-17,46.429142442949164,5.1284131612871375,57.352895145557326,49.86189499518014,5.76369051919059,27.94302682513131,129.21454005646402
2021-05-18,122.0692529560423,68.24956552523128,95.60471436119332,1.5013002664696407,0.12928715579421102,59.04020753184993,244.0189672081796
2021-05-19,102.70967588308189,76.03912375717141,20.04745155284028,44.86829328954659,9.924784438016278,37.22823404936457,170.9870394754849
2021-05-20,24.392540901733696,79.7645561793801,10.92642103096214,31.131526679932904,5.712519771244862,21.811631731343304,111.61540707962021
2021-05-21,136.63907767407636,116.03447384546645,85.39619669554222,48.669130958241055,14.692166014210702,60.4959410302126,295.5277848441574
2021-05-22,123.38058643847535,106.72050934537569,43.91498166337483,23.25047587632138,0.4789253054096698,38.73717521374204,221.05970472628363
2021-05-23,142.4699869937886,121.58101855868892,84.69688542070605,42.369396528568686,11.696556226115817,30.972917180809766,281.37207689547967
2021-05-24,108.857926258254,152.97665230842566,89.30902051954149,3.1197034299138613,18.82948475012131,55.678250092845694,258.7563135934276
2021-05-25,92.01227939036848,162.5971477432187,6.245759361907144,16.763952503914787,3.48818534222999,15.994110969860778,186.38453942955263
2021-05-26,62.73645544359283,143.62461524529888,88.34647629860606,3.3508268875604985,9.432989815011908,111.32948796904887,245.42029781127073
2021-05-27,139.909272503102,191.10473919098695,44.831905536942216,48.76715667395353,1.8284398363427634,104.12425175030869,321.13828168843594
2021-05-28,129.90958342506124,3.646516535272326,51.04324890042322,40.84869536359184,12.513638245227053,84.91447028886424,211.08543263860025
2021-05-29,6.782800515928411,39.15559713670922,62.659251109321026,42.62737106229852,11.010633611924511,12.745659310614744,103.45155113678062
2021-05-30,3.9550461745878005,1.512574995628424,92.63826067300867,46.89826157169471,8.147310484256646,93.10527053636316,125.89288155174519
2021-05-31,56.46950503170744,129.4949428309206,1.911609442976403,4.255174305989268,10.427540429474824,96.95487937308228,170.17477745165763
2021-06-01,121.58299961727494,179.6061097899974,47.68434683178171,19.27987962566667,17.931493169380204,92.13175412572052,289.2463654736361
2021-06-02,148.09141939724168,48.69645931525986,68.77220424305607,3.551744452200106,3.9258860462213407,13.67590645430894,192.4387885115658
2021-06-03,22.562533665529227,185.40690895926133,72.27069576982285,10.53965507750143,0.4512902341069447,77.26895484813177,193.5947679144136
2021-06-04,89.11960730282027,12.05347805791217,69.2532431537108,11.468288851883617,17.23329769398202,100.11897548992782,183.57063839098055
2021-06-05,57.13362849465323,186.88720536110287,13.443512940812186,23.455360552378934,11.54234164775813,69.28240814636013,185.90540728797208
2021-06-06,145.48715967219047,70.32453744792689,29.93955883716812,13.428108372682129,17.81316910923685,77.56888502737068,219.4491349145529
2021-06-07,126.3178384703563,20.284165689843302,35.87155254170135,5.048905340888055,11.938904468263452,55.00361753115674,160.74394107076674
2021-06-08,125.74930570667068,97.17435183726512,80.4437207679505,8.374554454705386,16.20322179919405,63.444878386086316,246.3580185491875
2021-06-09,70.30397396924555,51.35531354410159,27.875987241455302,7.363778177604546,8.593467267102959,4.125223002207026,107.84952868100854
2021-06-10,62.222925350649774,56.97458039238457,21.070496386720315,48.653839895614915,14.997198625765375,76.67556263679415,150.1049364940243
2021-06-11,41.011060789605935,61.45799298525731,95.74480190380962,37.96462534592368,18.26082933779712,9.773665546939103,193.90809659302218
2021-06-12,8.456324497639066,160.60517956653268,0.88632851134689,48.3880732634781,11.442459274444126,52.20175132082681,160.42524448303
2021-06-13,129.708356438258,107.8322553350509,99.78208556819781,21.987024325395428,3.6157030112475907,35.118611720088936,250.23387049406614
2021-06-14,121.93515136951163,62.26153983120073,67.68212988573956,13.91842408313283,5.375952300603963,65.45135402540556,218.15054902834896
2021-06-15,149.95765099291958,122.06675666218368,82.84692994491171,39.91465986045933,3.9728915379481156,16.00996026278485,277.09538339062146
2021-06-16,149.4955255610858,143.2301348446387,29.461939634619316,16.31269590205734,4.937140551914658,82.99720823679819,271.17563149583316
2021-06-17,83.31475584039411,54.52480014670675,1.4315277667059978,14.969168685267414,6.128308987020727,95.40138443141645,139.3877569878078
2021-06-18,115.34811227707658,82.70982030507031,73.78695185615301,11.62529961039156,11.10267573506377,19.60253396917878,221.01393562879161
2021-06-19,141.7148594823642,24.37721866738951,83.41445970006758,6.483948911211767,11.759832589276655,12.51757048222586,197.95281253753046
2021-06-20,127.44710860161172,36.22986990693606,74.04761319535191,12.823153050838298,8.529994944837222,17.4618579344831,180.90295748446735
2021-06-21,37.10221526147965,136.22357079299655,14.285028730083859,17.765987423694384,12.308415596416708,105.25530742782021,178.87373277200544
2021-06-22,67.58162029651403,36.28766953912539,75.34279222569691,33.69971040728652,1.6314985122273185,63.38271141076274,184.89792927566765
2021-06-23,19.373912272724247,105.03267673341203,76.8922782107641,3.128242110972579,1.7557647411631994,56.07131952090031,173.60481400971767
2021-06-24,143.10765408880835,141.80925234448654,65.85405156700548,10.525346983267148,3.436589207153169,12.805418292282514,234.0216386826028
2021-06-25,90.926195167632,21.375384618948768,76.61159327955862,40.45118201458382,10.361549960806895,77.94672081083542,208.82075308788959
2021-06-26,34.296420825519405,113.4624439257807,84.59214396777321,7.346096179188538,4.279893573966271,104.15995102741078,189.20838929785887
2021-06-27,100.7551026608785,51.312556740272754,61.360411423745845,17.132257326126076,5.665688069851546,99.38230431881435,212.1776309867694
2021-06-28,92.71923606868438,192.58537504751595,8.860471396967906,43.23294609290701,8.006256723459881,75.12656507769616,225.16153558220705
2021-06-29,53.72440770492607,96.70912934398494,48.76278096672109,7.746265557172133,16.237322480207595,9.033445998200836,135.71506772142288
2021-06-30,17.03363882994435,161.19850995503162,7.764933467160507,4.136841780909495,0.27724271825720237,13.487643261121555,100.0295520562446
2021-07-01,100.73597933891995,110.04530843125235,40.75430310324308,24.22689975400054,12.987576404732447,5.917078453178961,193.52088031364426
2021-07-02,78.046155135569,8.682506570963833,40.71064891256276,15.12097556392682,13.377530620813706,30.897505979096316,122.33618425607443
2021-07-03,115.8477587603459,126.63027511880446,6.600984414024158,28.170418224192705,15.97311560713273,16.27937605924533,204.99438250126326
2021-07-04,78.02452516679901,190.28066844133141,34.88205339694793,40.19024452417376,18.655058781206264,31.20576483029207,245.63234346425432
2021-07-05,127.82722504778101,120.32236402926624,11.099809879131485,6.857424407637158,0.40275697898579654,46.2069666862754,199.14832698088318
2021-07-06,82.78602581617284,163.83777188535805,80.82352100092221,29.03495422771425,3.0756741102643237,113.15793408853628,286.3643005641525
2021-07-07,84.14069573030794,176.84129266968156,94.76880259644707,25.275438019493198,17.723425881119862,73.24512717380304,286.6440280053786
2021-07-08,131.49804039875175,45.615954389786495,7.231647525793861,7.203939300659979,9.170371243740307,100.19685428195548,173.55403509109317
2021-07-09,60.522429931859556,42.40896798164533,95.51152072917014,31.19992427644912,11.29181277866927,85.24218008547987,213.09371568297658
2021-07-10,20.10228426759611,122.19619777019834,52.25765993367452,13.682020893038583,13.260544074462947,13.50037566319581,133.25257836480637
2021-07-11,4.3174014470008455,82.20569396134094,29.95656779538739,24.391715927200625,13.581332089912747,88.31044876487385,136.81295853508942
2021-07-12,113.27058835104285,167.97226057334407,7.686207527616351,4.113616213853094,18.634808066330166,33.01186578709493,228.16453170523582
2021-07-13,93.0464327030197,180.00462467960224,50.06242680704178,22.979202860681152,19.938988348233394,76.69294163936476,266.4598252600148
2021-07-14,105.61196521488354,70.68427586054362,79.45155444907486,15.323173402141016,14.403149218618804,40.91543683715862,199.00912315778953
2021-07-15,31.94462422633661,47.374111794896415,70.70864772666981,41.119060559267716,5.744424184103016,119.7206715917591,167.2863737600454
2021-07-16,20.455721338015465,156.10510304877238,5.022601146397376,2.848936349868414,17.595048045886873,31.626177539613337,141.35577013319264
2021-07-17,2.181699850182289,54.96120710962722,7.290183536790352,20.930363745916498,0.9844182908152321,33.49565649291236,59.48032236073307
2021-07-18,52.58813382098955,164.5228637027357,40.28732826326371,22.9215712065719,4.6216170574899245,111.68067066748779,215.91347038454495
2021-07-19,88.48765302819496,84.74765072975256,29.52904940479433,36.250303814955934,17.947714349274296,2.9573285563587204,180.50858315828827
2021-07-20,58.836606764959846,133.5099798582941,23.238432305604782,28.714378754510548,5.123830288787099,83.60267854478363,192.33555250636968
2021-07-21,65.62123830355937,19.107062766933637,28.10044989087136,33.360616859709054,4.41302119243497,87.03916688830537,143.31259101811793
2021-07-22,135.62380417406226,124.7718649353146,80.34827432968846,38.8524642825878,2.762505862804945,100.36542928924791,290.98598968726066
2021-07-23,52.23832005349505,90.35353574744582,92.92280536318539,43.11014868290944,17.18223515293833,116.93271727661704,236.98989097146213
2021-07-24,77.09842337397161,117.32169263509482,40.510269452756646,15.693774836123525,10.001165183821733,117.07223029879829,222.52196757320075
2021-07-25,117.54795191117147,33.602841548972684,90.61110021324971,26.901135268195148,13.497864061083096,7.833210907975667,211.2252909424584
2021-07-26,59.481417348190526,147.37474898883642,32.1495701247882,42.005403921959996,4.781327681500594,98.6207187303483,210.1589322128103
2021-07-27,93.31300503418102,172.5594155086457,47.64369863437916,49.472556548252825,15.16080842022433,77.55719203888576,279.4529622783724
2021-07-28,129.35455631201177,43.34796001815513,22.602899781599973,44.47596555218816,15.20011089924197,77.68105612477095,211.12741534504818
2021-07-29,142.42809354864633,19.142911104032343,64.0476042175844,18.57336313121884,6.251960498166003,15.401991193763376,182.76221040448442
2021-07-30,22.06102213935569,4.727717209267279,97.89811151748088,9.758325860932521,8.213652660205657,78.0224599734784,125.40791428945731
2021-07-31,138.98814377422417,128.3943000886532,60.34930960433786,24.469626870329435,4.193805548604017,117.89790967214974,273.46013840844597
2021-08-01,73.81744396193073,121.41880721775615,35.78140841135489,37.08207259180211,19.531220466458088,109.41822834473363,225.68087781312124
2021-08-02,38.73665824484375,109.33948254281401,64.78174459905284,24.62845353766488,12.912051541168232,52.695679296582064,190.8197220982641
2021-08-03,68.8703634357392,46.389419223195084,12.292067846538757,24.159043165683425,18.69087761431031,4.793756794331321,112.0792145124828
2021-08-04,147.00488629282157,78.18119918110294,88.86590802653987,41.91152105409003,6.067710872582664,43.47521880002458,268.78334179135595
2021-08-05,73.89271409893044,118.8952670372346,50.30839507798363,18.070188953359317,15.637818259937795,99.16683739206663,211.79367265886228
2021-08-06,49.31274154312623,99.35337177183388,44.93497420396421,42.98973374058228,15.31717287769484,84.17989217581993,191.2295233550812
2021-08-07,95.01012814750887,197.55710404297747,58.58647884535192,20.340240047586178,13.83311303733083,55.12123867127477,247.39921884204898
2021-08-08,36.02184281672896,27.287950511346626,62.47838627894025,16.41165528391697,19.31277950533601,6.612184219059731,113.86430602552579
2021-08-09,11.379499216299587,139.02891080951875,7.177580622651303,22.69949555998495,7.871106722126311,51.22736733879631,122.8999477370285
2021-08-10,19.331958286597384,80.86375362085843,68.26172212234025,38.12234793374342,2.614346471795146,56.28299276614602,156.82304605702234
2021-08-11,19.206875843665866,85.63992298512295,24.193168031552958,6.300101393199714,13.434177184881214,111.42666394729632,137.7949748033664
2021-08-12,22.78540402684415,143.51955313163523,71.39526325065899,9.82096079360087,14.586196009544123,76.93033242985913,177.77314866992765
2021-08-13,20.82407589741152,138.48723026487392,82.25347943841967,47.5722412831546,11.501211469176294,37.39834999855787,208.17606898926996
2021-08-14,96.13121172048218,198.25119874043767,80.39585075525203,8.77458136906787,4.136357862667925,63.03819173408657,268.61344226897745
2021-08-15,27.282012659871725,25.678857890825046,55.25009674078891,28.38636589655273,10.089118833387108,7.926636938659208,104.60672322708072
2021-08-16,51.85009249857948,20.821929876833266,52.016989231075115,28.965723333096893,6.243794731382588,116.70818827796842,157.89323243447123
2021-08-17,134.51826148590177,144.86776342574822,14.287596133941172,24.48122310251224,8.54933056333378,43.20718823168712,224.53824038431472
2021-08-18,71.09424603943086,115.67738340128182,77.53461504031355,32.23726242884093,12.904371516893278,57.344082589576296,225.06026731623137
2021-08-19,100.13366077815408,54.83213331196117,27.140938044671437,11.491336289880921,14.90429485381669,42.634076908430714,168.63983417479557
2021-08-20,25.847980680244476,15.883873797797321,49.669542281794655,27.633113388837412,4.644493818026863,81.90140761394402,99.44051964199917
2021-08-21,28.843352821300616,17.131649919286108,28.42740929275167,18.608662762344856,8.106507212939068,79.46785899955117,96.40028309702129
2021-08-22,6.1302924399718295,178.83817493282365,13.382836299969314,33.08336298145945,5.383231419832583,85.83867726349628,160.17223409645544
2021-08-23,25.340259460824683,38.37346494374858,62.95576968917366,7.061177168657473,3.9726322772373823,32.1771875534305,106.7726352519787
2021-08-24,41.78855085479379,64.67431242310415,5.4332034822903825,28.543870841973813,15.667744399916767,37.88021773968792,127.8837289532462
2021-08-25,26.551572641512024,45.3312804453976,74.86452341262,9.263517769166185,18.185053888739848,15.030147731544954,116.53137483275816
2021-08-26,13.305380063558342,70.99926116638746,31.758679526111667,13.93215315575182,7.404643713691534,78.6611966215335,109.88334171852703
2021-08-27,18.095380665090122,13.884768549218673,0.013469300448532007,10.93549001617916,15.025578487475338,4.775655280278306,38.297352971076535
2021-08-28,69.11681520490886,103.81195818165408,51.11291392372298,9.141888993440855,17.93990578728822,71.72188026281509,185.28299581006476
2021-08-29,30.950057760868876,13.52251271844298,4.6851908527603126,41.28554757803335,16.92248421060463,104.36350618219606,113.07603802296879
2021-08-30,54.64047915721132,160.07130156447232,27.616955782089946,14.285378383044517,3.656267770784518,106.89985779475603,205.40973649678307
2021-08-31,75.51259062822854,46.7424163820866,70.69764874557161,46.35618909322247,19.125837630267227,53.884531244395404,189.31205968281498
2021-09-01,103.5592242944048,108.00238292090212,6.268962162186586,48.49632626725954,7.533528808589249,55.116442585568855,203.4395370833481
2021-09-02,5.8968209761648405,176.01581751229165,83.93384923560023,28.563023496854868,6.784813223476727,9.236301960962084,161.3987044854413
2021-09-03,119.91155983635639,130.17547380943884,0.3819922658583108,7.15005613328632,1.2486265455556067,80.49180305316429,193.28151818772085
2021-09-04,94.18505842363616,106.59155731026706,24.682386920190226,18.727412168979065,9.72347308209766,98.55113044474146,202.0346284891677
2021-09-05,12.263854792330786,64.86675062307512,74.09040561520715,39.8866131674107,2.180272312818574,29.358606552565565,148.4939954081972
2021-09-06,131.03679361601658,66.60038261163959,31.627014972930677,18.369536434853522,4.97079641854852,50.556105796003756,193.23839458816494
2021-09-07,138.130860079772,133.89739103963802,10.189238806601352,4.350860915139437,6.338852435345627,100.66072041183244,211.15318791937605
2021-09-08,9.161693978229563,198.8278722442335,36.02339188004279,27.839245546409398,16.176526469833682,105.25445611947457,185.33498015060363
2021-09-09,41.53164722208056,132.36783796987572,27.039328638452552,42.25604257480174,17.50977300791793,29.181597631707113,171.46212297767596
2021-09-10,120.9301919689592,111.55668347400498,84.27119021605549,39.79631935717512,6.049326349229394,66.06847614496371,273.39961280790476
2021-09-11,112.23895355754875,146.13010204784922,31.334791758514314,8.756157006517661,17.173962424891478,23.099178076299246,218.49505829402878
2021-09-12,27.6781529034566,93.04112245674364,78.89324717760073,33.63823072062333,17.14461874739582,12.225451696746784,166.06733361719645
2021-09-13,31.402398500506546,12.028468520157043,89.18721448107347,11.025213171782354,15.29301900769747,109.3344601670349,169.30242824910297
2021-09-14,55.5708154187073,112.45936317558196,43.381741957652956,10.910376727608611,2.9339022803036308,98.4609005078531,174.22873937772223
2021-09-15,72.6784477786532,191.52505690107603,90.9943143854392,43.70358866525926,13.80645693801458,91.20418821638087,301.68005203345734
2021-09-16,92.7382157295444,35.06058847153193,37.73180539631929,12.483447637011508,18.900481291611374,5.85195825757685,128.6542667942487
2021-09-17,55.33704593546586,138.00097816413316,96.40784164901082,13.16236732590056,13.65080957534314,101.2474551252309,232.3882677188077
2021-09-18,69.38020741997218,40.18673773181129,8.928952452557294,0.03266953806497774,6.632336982156679,52.56528910864605,90.79220821959376
2021-09-19,112.12064072006348,107.16553689461625,68.70192665032427,43.53345170627588,10.011586348616625,41.08741479550316,240.18764132760973
2021-09-20,5.502480433589685,19.335289929343922,49.38140404569287,39.62974066045673,12.914500867021072,65.57716332304517,109.80576047667637
2021-09-21,37.86554165160311,90.07418725163703,38.76488054556471,31.3664467545339,10.21140817457007,10.9623891268267,136.00104931182557
2021-09-22,107.00243788268287,151.23266577904923,63.27118787486009,37.51328819694211,2.3990588346193964,90.79758592228787,267.11310847518223
2021-09-23,134.2810256530799,69.51430484779641,70.38570916343312,7.60242837122459,6.241280893040413,69.89220922659551,220.31192956975732
2021-09-24,76.75161631734991,132.9823448974436,0.43632696503090873,22.916179729378772,16.04792061107265,22.390811624780103,163.4446469714959
2021-09-25,79.81702278979735,159.08999215794583,16.69530887471987,17.560969367439043,17.228360921910348,22.587863972285472,175.18811587615414
2021-09-26,16.07580170096641,185.43556389589054,71.30460506343186,4.688826312850825,2.7460006543114046,22.109838188720907,183.25256825652235
2021-09-27,67.1118550235182,46.928416371090705,66.63854135782064,24.306524260746205,19.04773504797449,6.840286506232078,155.22740112797194
2021-09-28,79.89258996825347,79.86318316186163,96.60475051286772,46.03698251713177,6.576452356972187,70.53581392460218,228.335449925499
2021-09-29,36.37057554520945,30.483202666083486,76.1037790250783,2.002955952534724,13.246274774614399,100.84178131062097,166.9602437641271
2021-09-30,40.38648464240715,198.49670043167504,95.0772707731338,14.573045674689695,15.036502919133623,2.099785678486632,208.80575643889335
2021-10-01,56.5926244656934,185.40019358485907,70.25405015348069,10.377046810285172,16.238924692757667,5.880557396552826,199.08964360037515
2021-10-02,3.0106796666589553,107.99142605611192,29.805220863944314,11.907332683284816,18.914994044518604,68.7324332024335,117.96657564846953
2021-10-03,48.31187483747674,168.40665887528425,10.536492225085647,45.42172759396876,6.2583909605764525,98.33948224632628,201.77104136761923
2021-10-04,31.717201049481698,104.19159545440844,78.18238633449356,23.403452711714507,17.17012909103109,39.20866686823603,181.6921998535621
2021-10-05,49.124602826687195,124.71713760055194,64.4149221475916,23.31497064699094,2.6337380687241407,41.95372785692666,187.28628903893514
2021-10-06,17.964319772887684,17.824886423203324,4.818601239329623,38.02878212276411,14.100818127071854,71.5615796996131,116.5095105402606
2021-10-07,133.57909211098425,151.05408409936157,36.005046590097834,7.72461020024629,14.839554590279718,32.90554669489764,216.25210773888764
2021-10-08,89.03886803310729,25.542696727046966,95.67998154842861,24.36326770500254,13.55446482402641,3.1930039293220958,185.15996630150767
2021-10-09,101.86534787167344,165.21352605050566,50.04011457102012,21.499260706052986,5.04629472270306,88.22742217219152,246.2880063395245
2021-10-10,118.37568579110075,156.40561753407718,43.272913601970465,29.845534527332806,17.460862940304068,75.07798955297437,260.9835386162739
2021-10-11,74.76632983935859,141.74893954859527,45.7699605159294,49.97788516252193,3.3771692674079,69.69071988667909,217.43125611724824
2021-10-12,13.038043213113554,7.232076104952423,20.88827240051637,38.47244470410235,1.0726958304166168,89.00209547901878,79.23029785669266
2021-10-13,80.56598127278217,60.62567118906572,36.87071708647952,19.89328515087136,14.349299812238243,81.02770050744451,194.68179204384384
2021-10-14,88.02616770313188,52.62251398216857,36.98132559871766,41.377652613702345,9.509514304654674,24.705838581398538,174.3095822178012
2021-10-15,111.8159211276495,72.02728149430382,5.2355020187472405,8.535418165624009,16.98196039917352,42.297725633202134,166.68729435987976
2021-10-16,64.7489319344519,17.52854935276771,76.75676285179182,1.5231843154480063,7.667942821165179,15.133217001435,141.67165767396114
2021-10-17,19.137045419334562,187.39156460621257,41.6504431903879,10.222418623213652,3.3655717701542565,15.582841610145724,138.43104162998202
2021-10-18,42.56638586980867,110.76044814247525,82.21798868164232,17.020577805712982,16.728843849397393,81.14348956278471,191.40457550392426
2021-10-19,54.46234445979526,61.10486213160471,85.03480011198954,25.529037872977995,10.978192632801434,103.03201283789979,178.27759061855238
2021-10-20,96.88758619974018,79.39630341485669,21.199405469865805,30.75645702705999,3.7839158478070978,115.52791006333668,193.12422159949074
2021-10-21,85.61674570033678,89.44050810096714,65.73534821701286,45.53028586072109,14.407679971728914,75.40165410593333,231.29112476307154
2021-10-22,53.414508884676934,120.11886667212346,47.22818041629817,25.492700477522884,10.22227276979001,22.092158803314838,170.21188181518602
2021-10-23,147.97728731894696,103.13588553929955,88.0156737921485,25.063782231286467,12.086259644806397,12.678041453871685,264.0412829905564
2021-10-24,90.86622290353307,183.87839464288348,21.57406791764541,2.5121504911491064,9.217966764131639,97.54211658441093,214.44376189213148
2021-10-25,35.584018760399175,99.39269658116605,67.78132003100443,1.7455776328111905,16.574179676360128,69.45077716319992,177.3864539004365
2021-10-26,15.267370893060562,198.43160296466255,60.775212225272256,27.557998095818604,16.591254313660997,74.19420252164639,217.5132306853049
2021-10-27,22.928870877649803,170.28499154901914,29.53014775718328,21.908930662417227,14.187776436487724,93.7754506505651,194.91177617183303
2021-10-28,36.89365925767622,41.70210287146716,13.660090365117261,41.95901974901493,2.1080275479292454,84.3932673278942,101.83036389525907
2021-10-29,24.10220598893335,186.11904292878324,65.16397604772766,8.033979235592259,16.777077238081375,100.1349903427316,221.0447312696468
2021-10-30,27.985053607695864,23.273279577095217,73.85974581323308,1.24858310585248,13.420259610658196,6.745668655185417,89.37450331997022
2021-10-31,42.76427530407707,163.4899416982383,31.562734376335,22.451938396506293,13.94048332008599,89.70247640958058,195.9756612201151
2021-11-01,26.006039294213224,76.12465869531601,64.48326040223138,11.873927837612875,7.259656808077432,102.10233087865146,163.84807223225238
2021-11-02,134.5148136939638,175.5948640890139,39.51309076115032,2.4807186669418724,17.585591123140134,34.33620509499772,255.02932784403268
2021-11-03,12.03506184924633,173.61133802149007,71.32068832826177,36.22991434238145,14.507432004697149,76.85367287919034,203.3789070834646
2021-11-04,78.6767084355382,161.18508002352422,19.92152748940531,5.579649997862374,2.2518093305838893,37.699447660436654,177.99590502503816
2021-11-05,61.55952404844923,158.0060872614123,89.02150026361744,30.415975000388585,8.155560688123254,114.95652797789448,246.82256071226317
2021-11-06,147.35679253629095,60.93582781960816,28.74095964655797,14.052487508344457,17.727607239202833,4.010828692260451,205.9653641476038
2021-11-07,16.805835325207852,16.183856610250437,36.77859877561529,8.6748025177511,0.9439340339475799,69.5751412599546,79.11325415844502
2021-11-08,59.67833985686124,80.5960357530323,5.8091952080349785,18.987576145965875,19.22833239284099,19.98042564594181,139.98284094969605
2021-11-09,145.42056499130533,34.70490299730174,11.15122123212764,40.072288811147686,13.583251366391256,85.46642462125904,206.68431084816842
2021-11-10,129.82606888409703,138.99021778049234,51.58619027123281,19.604678845228634,12.627519552867533,21.10683401023945,235.8008458121347
2021-11-11,122.56081064239198,69.21994530755711,26.75926767279715,37.538482460552785,5.4111851297598275,28.245991427802906,182.4397933365084
2021-11-12,38.68542405674098,195.12204017198297,83.54802257421944,6.274314839957534,4.975835774783541,59.32449732549097,227.72735448174473
2021-11-13,25.633138108509872,128.1944154690664,1.4693388654953843,38.638570983253956,18.841164389771908,109.78019399962537,162.59021199450035
2021-11-14,100.29648298866465,164.49611272687218,37.90940486719362,11.846666245332433,5.965449084682454,25.4057246577565,218.10697427207137
2021-11-15,139.40639836913786,26.504934548369686,33.73455467690927,33.86965649444364,15.510105934379988,17.308802534172422,185.77166051791582
2021-11-16,83.51443395208946,172.40289645452452,1.9327630917601035,28.289077742049816,7.862435964141583,91.07721982248367,195.08682349620048
2021-11-17,85.74190342048497,184.55143810267887,12.436839900051023,46.45723586058437,2.7850814156940795,60.074343880071716,218.28254138240243
2021-11-18,41.99686404904263,97.41238376378718,41.36426749186353,19.366125898765702,0.214305953907179,109.41421348581257,155.0458245139046
2021-11-19,115.42393997879053,121.25058755019549,49.28645844474466,3.308259441722022,10.885146740305016,17.593746859181074,206.62308038125497
2021-11-20,28.056562283628505,152.96196018059908,40.42897472548691,0.9577742775626452,19.515576370978653,77.51134716276472,164.46565703382257
2021-11-21,48.55188546063655,34.96772545208251,53.093767841209385,41.34292804863765,7.382723876184089,27.945497538217804,145.37916692357862
2021-11-22,63.81546579246252,100.51321529268849,59.51316749056815,26.236781883071608,7.143846679860896,18.811251438196717,171.7534706371782
2021-11-23,76.14155680266825,79.73260555446262,0.992382112783563,38.76220259174746,6.881832356988841,82.01152981887246,161.95383835461445
2021-11-24,36.36145986226204,29.27479843244982,46.409515945350385,11.721280000575735,10.410876746097168,71.24215438904798,127.67156847310773
2021-11-25,17.22552371088053,73.50688445830629,96.34992408875883,17.254187275661685,8.813297668485871,90.57929500347974,182.13407566917357
2021-11-26,91.5930063662449,13.634461877098714,51.90322801295487,1.505193610565947,17.59829253454029,37.135509173541884,147.81869123975977
2021-11-27,43.294582986038364,5.162381389897397,67.75422674589532,48.07461622870561,10.110415834469805,53.75659876586279,136.37959630500453
2021-11-28,87.18573321339184,27.03325783096455,31.18638579168832,33.39339533504067,10.155156763771377,48.656601159650215,135.994308131535
2021-11-29,23.154407291130347,192.62302231783477,77.39913781527625,46.66025438796531,2.767431894411132,118.0907356759817,239.8770715003051
2021-11-30,72.17101527822263,109.90590717900339,77.2921481876115,13.274820371453616,19.65479081820772,35.069874808726546,200.30430095967796
2021-12-01,79.88841488273788,193.164432230644,52.129604765413895,30.573180561283042,4.999457817376594,35.37806860161203,235.04889370027854
2021-12-02,7.773530523364036,86.4995756660264,97.60138232792136,33.924998414631894,1.4672813491920533,42.54578505943289,153.03197735669423
2021-12-03,50.49064172908809,62.363226617051915,12.555021476265338,15.877485012879422,13.262924979504175,67.75128975483858,135.8056108369133
2021-12-04,20.162201540846137,101.22837256804883,1.6947664889580993,42.405461750781505,11.907327403137453,30.27872931164943,110.07181478421748
2021-12-05,9.506245570915162,87.90233772658202,77.0158211757096,47.35807314501239,8.302913079854914,109.83479284551287,184.71821127157244
2021-12-06,148.49403485849177,21.132936852348784,80.71555373648826,44.24275588480022,8.443844677613562,31.88226778395162,244.60047921479148
2021-12-07,48.353076746208444,128.16526293804125,12.020722912057625,36.953348796968626,15.701278420928624,107.49788778722336,193.90016601588366
2021-12-08,121.48116687819522,43.20763650191992,26.55828329586061,13.873233986247701,3.914252801992981,12.417007637590158,153.5927456123113
2021-12-09,38.19609821456458,123.91759097956592,1.755236336662891,14.080802105281586,16.405066378897793,78.78752428795828,142.45294579710716
2021-12-10,102.22540833358939,130.04021847963068,29.33086107805647,48.1680160223019,12.974942277900363,108.83826221258924,245.11328724270376
2021-12-11,114.03417898345299,30.40497062572962,77.31418739186715,0.5142247967846014,8.379395475590488,20.249932607787542,167.99359099363195
2021-12-12,89.34581109117664,12.269925422133632,51.79605277125789,35.802498662107226,9.160572331677372,116.1992352119106,184.66448824659787
2021-12-13,70.73642828252376,156.15231721368795,34.80955931682881,35.31230812776311,5.132944143721916,54.346003249861404,214.13408704803845
2021-12-14,61.77613712209028,91.96008475386404,37.17392949063303,31.134477047489874,15.042286653939495,113.48581301292293,196.8168894273333
2021-12-15,52.330239981449296,11.632759101095157,0.1353625715468154,49.50544230434329,10.257494846105356,81.21840523560564,105.69996748032052
2021-12-16,139.4293716371739,198.97326343395343,29.98005275652359,15.593971788186261,6.4170908549968715,36.19042438482619,279.3057934832196
2021-12-17,124.59291116815938,11.556112199273327,64.64587416379305,16.998593189662408,11.921002315219004,22.59630299005277,183.87072805378662
2021-12-18,144.7540365999769,139.00704577171064,97.41944438163571,3.9469701473277774,19.91468904102646,36.44820554701192,274.3016136719754
2021-12-19,18.64458352283171,196.73578505268273,84.70608269838995,22.139906827186874,8.705245593131076,11.162089111520999,193.74282873580995
2021-12-20,109.63012128054663,47.836020843185125,2.3594964645529126,13.052426311742405,18.413828015572392,17.26415596119957,145.6921821850415
2021-12-21,140.75106852315568,28.449873737439233,89.85606046748393,17.169335108882212,6.900336798491322,12.559252841577738,228.3065602680593
2021-12-22,27.18495992484902,24.276987884485777,78.3198413298626,41.72858951278138,1.0946541384997177,50.75322524898693,123.95285876235056
2021-12-23,9.974440105016624,60.65502951351911,78.03761235709804,46.77422567637478,4.084842127368578,95.46940515091038,172.6224580651217
2021-12-24,111.16809739350886,20.20916220212934,45.79957590035715,9.286653600259282,8.373902866553685,16.966026505960823,164.98854175828342
2021-12-25,86.17096697698679,138.4322683388264,39.80052929545028,18.625446577673294,4.39269857189138,15.638451980680305,181.11081266065048
2021-12-26,126.27431651374081,12.458359626012538,30.29157288331926,46.4315281057697,0.00454076436511075,77.21147394207969,184.42519098194234
2021-12-27,20.965856493943424,101.88442562995795,6.569485895436578,3.0904230344611316,18.300030754950544,23.661957836167954,89.73951029780096
2021-12-28,119.29009677898352,199.33937077059537,22.82353634936991,4.6180264055689255,16.87758822461858,11.713204573078993,231.68955391697008
2021-12-29,30.24409800716168,162.79405390120377,24.66036349780246,8.139549460311468,14.845844629738941,20.021829384669317,148.74238165818326
2021-12-30,24.548391429855677,123.04388764620218,48.40770697102016,29.760641706343737,3.3562919129205726,110.84776750521313,186.85870657504347
2021-12-31,24.63986968964894,61.25072415732233,74.7444406596694,7.523613550299873,2.407271524199721,98.5765503331429,159.6715336375702
2022-01-01,122.18620803470732,124.77916725832769,47.38098283979466,48.40381907253668,1.352094989447663,42.48774748261129,233.07855332563895
2022-01-02,99.77958310443002,105.40829278233032,5.784444944716061,22.335726362926017,14.480583775458424,78.69849207928713,174.81703174113355
2022-01-03,78.4598137153679,85.2166767780743,95.77898009882038,25.07589801750832,18.576159213757705,64.47308084016457,229.76234207669606
2022-01-04,53.82457261852537,26.142075348039896,94.27243190941122,12.332930790270325,8.61071641826074,81.25491161790767,172.70814130287445
2022-01-05,131.58008112196623,177.32084304809334,78.51895431484084,23.548012621736675,2.3828134399209633,81.92053829553112,300.42348630604204
2022-01-06,58.86676611339531,89.9569297642645,99.13279015642206,33.095681631850574,10.247856414642131,75.44808180719915,217.4578108824214
2022-01-07,122.48991592073656,38.924502364153014,54.448233280026294,37.55885684770214,6.976638149172603,31.93216422447703,198.40262234399097
2022-01-08,65.87023628553277,73.55187017545792,96.27683502532061,37.69340413549565,7.496498486999954,4.680770491538175,203.2555560336147
2022-01-09,56.541664413736136,82.8259505057854,7.560504061675077,28.894555634704417,12.426612483114145,54.66801383881305,146.14389146782986
2022-01-10,69.40196785044097,165.50757911337485,36.568074826137135,45.217988749692864,14.374362265244047,106.91686616288446,242.97379771899452
2022-01-11,45.20668112462131,146.7228761122804,22.538126800676583,40.87039236530547,2.212071977463217,68.33967102222911,174.15046215314277
2022-01-12,112.14140702643766,153.86097872826795,19.583308413427,37.852405734931274,0.7118046161295277,99.88692500422896,241.96024489507263
2022-01-13,75.40805851387188,2.206252885729443,14.08029488926761,2.780276084023031,19.886606053714296,118.99492115534738,154.81725885565157
2022-01-14,34.8319042720226,83.23079963595231,62.241364156599666,0.3438981109824657,4.654566978311037,19.633944496593152,123.4658979956587
2022-01-15,134.93618599118528,96.26883032706472,78.1321855747305,10.622363859773648,1.0766104981691815,83.01331669703788,251.1256448566165
2022-01-16,57.583683205981714,3.8384553646113373,57.82983994203607,33.176179695672616,3.7975065819183995,80.91522884400295,139.3334817758846
2022-01-17,81.53292916709829,51.96264174900684,14.696270958820968,20.559874444127292,0.7791569269692844,117.59465368299341,172.55991482772245
2022-01-18,135.97081664468203,152.057964624427,81.11237699334708,20.120312964965585,7.836217892343433,118.27208807433604,327.6162911825717
2022-01-19,93.63569938709881,27.42194114579981,63.59547071637285,44.22934441148069,16.048035689026484,82.40143340689553,211.5839022081243
2022-01-20,17.53470610625461,107.06202629051833,38.81657061269955,44.77814240659194,6.824888995154412,29.23377503786331,140.26090205174629
2022-01-21,140.97481854202127,43.0403744034475,67.4130295536063,45.458763202679286,8.88366813756733,95.82670057567188,255.4582305302944
2022-01-22,94.15620796071268,2.4241549287786546,25.990497924283286,15.693903825751365,13.511735471348775,12.843496105324572,97.60162715389485
2022-01-23,50.23584219856292,48.2402915199083,34.51922084942105,34.55279063696309,10.177881401397604,93.68391650059544,163.28911699992128
2022-01-24,20.89081089950809,195.17475098201075,91.74858431319902,13.581659063718481,17.228913720426483,109.22353489736356,247.21012913536995
2022-01-25,119.10377839054439,160.3074223765979,29.05045056714204,9.530491653722489,17.32071350091513,45.94000737221223,239.73840989628317
2022-01-26,93.01091338927702,191.91532886420669,46.99882681579366,9.231622867368461,0.19821390982307285,75.67623539796966,232.1388123721932
2022-01-27,80.01916379644823,97.57080878527249,89.01411373960147,17.1053810431797,15.560926129663983,51.61712785161916,216.18095954099803
2022-01-28,134.08388745764364,21.947239735500702,70.77213502675275,21.497880988991085,9.214672004833478,52.531806598575415,205.87563102473538
2022-01-29,118.28958168367961,109.59189779473859,6.220322616470275,41.54745855275342,19.776810826073262,37.244506692974404,221.6234774688803
2022-01-30,22.751231959912676,90.87546691199218,14.730304427897034,5.994554673635605,9.664641517508702,91.45555445403896,119.03946570897799
2022-01-31,46.75831016933223,168.8714165479232,0.7841590771916818,36.74629236974471,19.737918907765952,112.34118769998062,227.96624850338796
2022-02-01,37.273370972169865,19.616516156848917,63.09217902291634,26.572745709465266,15.091387224114731,112.89010310813534,162.7820415329887
2022-02-02,111.59194388590154,97.64822740435564,44.767342541041835,14.397267133799623,4.972097692266127,20.97375418499206,178.18073186698714
2022-02-03,5.029865210366907,30.00973293879685,13.427485090227552,24.640979226641228,10.767899585739153,104.96923795878793,93.60592761499682
2022-02-04,85.48345273069748,64.935185378012,95.79341210567705,14.997103488851133,19.842712789571657,88.49177297125466,223.64640491840078
2022-02-05,114.36880286110357,147.47141547755993,52.96597239456199,29.804097761915298,17.150612155038473,30.34048808283471,225.8173108354737
2022-02-06,131.51484551426242,95.20362587375331,24.189329411288917,21.69219614276221,1.947337875824422,8.074153550581746,203.73851253145875
2022-02-07,51.31226230738612,75.17765702915386,50.06035711547076,8.220276453943937,14.127439936199922,32.15967202612536,151.22304438891186
2022-02-08,123.18859570080193,78.89525571400706,67.96203327351078,5.829153727784836,6.911591717416261,109.46498841378308,244.4079210359545
2022-02-09,16.594760543281083,91.88935368119732,7.623921797356448,27.33478410360651,0.13964523760696235,75.98144098749268,113.1303947073773
2022-02-10,126.96784376017773,157.00330876741137,27.4703815047892,45.12065166430517,8.069619380539992,86.52655930774462,254.43069292244283
2022-02-11,19.123299349797364,178.41693778804688,80.69654908839937,17.197884327884278,4.695088434499426,30.8582821330915,183.04614438120316
2022-02-12,59.59309358405509,191.06693730078567,45.966487040266124,36.65000536113116,16.37738541040943,86.32657866897843,255.0625737473019
2022-02-13,119.59430486693304,157.380677251059,54.65771420322949,32.93306774698835,6.74661217691531,3.374580753350851,229.2956060722687
2022-02-14,22.487614102316066,63.08137914960255,43.28160022094693,46.57774571547405,16.550473879076343,45.03856149276166,115.36770636636663
2022-02-15,34.387709284896225,137.62694121730843,4.389994264300512,41.049050864957046,0.01195877669590617,75.21040182507974,151.84992809180474
2022-02-16,108.33788525895994,87.52062481107839,16.574977982015593,28.330262945273148,6.156383000522383,17.531587864958425,170.16706727346013
2022-02-17,108.00548048191115,50.934124409210234,44.554163874189086,32.85152491170537,4.823304286155238,98.76042893363217,207.9710558442293
2022-02-18,96.1721449327946,168.1743158851845,20.918546540792782,44.919323329201745,4.671347221372219,28.203755857430238,225.39035174225637
2022-02-19,104.092266670065,7.685269792464999,4.997902865967873,19.97593922934674,1.363732395309254,78.27373353821355,141.5134544694459
2022-02-20,81.40866650213943,180.3523984270847,84.36496640518237,16.339735292888868,3.7424854082100345,48.62365710903956,249.56784783805892
2022-02-21,37.769858836042914,92.29549292494683,98.11925291641158,0.540554181759817,11.110991397712397,71.52523145731766,195.9367418035871
2022-02-22,51.85439902558792,127.44029536165608,79.31428739967394,41.32755370957321,5.82722145675489,12.894066315468976,180.73262833594794
2022-02-23,27.23965752021385,131.87078444115653,85.3784921704667,40.04903502016825,8.347895646582959,2.029535990592879,184.89222239111268
2022-02-24,136.26758420004424,179.0235481413073,24.197713031704538,5.222725905007569,7.537337606943771,109.14773128563614,275.30595608976006
2022-02-25,87.50876921491808,127.33393643344147,96.06269755131997,28.842869056635013,17.51809849999789,32.355601052061935,234.53649951858063
2022-02-26,60.12771251454598,122.78671695201236,19.692570445342838,23.199084908344368,18.10597998021031,98.36124033365509,177.81095077321697
2022-02-27,69.3008705466199,13.330408112137992,95.14298103618323,5.9354547754555735,9.859139433117202,119.92203605666403,181.6498787316816
2022-02-28,142.0925009417723,103.68160438904081,99.4819293965951,49.02841135303618,6.603119006312088,25.37175095986934,274.04529340185223
2022-03-01,23.00271046741203,30.03380016340833,71.17228057460487,10.734794373167771,2.1360140800472727,31.820488942002672,111.86534436562579
2022-03-02,87.93447480251959,147.48675374429712,98.1143731791822,3.3617090045280573,19.0680575876419,79.54317451615988,257.6211771407393
2022-03-03,75.8833018326699,102.4443841625349,56.95397795671037,29.74236897509548,1.204538898005949,115.85383615207455,208.50417378838105
2022-03-04,91.71813531519717,136.04555584167065,25.954178317609035,36.943333856651634,5.953005551365608,109.89772178288928,224.93166765174954
2022-03-05,2.7165275731260765,8.334580120476854,43.699588566562085,1.6221723023593482,5.961324023400083,60.34506240787019,78.59306742249863
2022-03-06,130.81858634162273,16.958403209160643,59.35609353787859,32.93588193635111,6.4080257228042985,95.41323390320696,218.50781577178037
2022-03-07,139.81774237254186,143.26467761253645,7.308156202701499,26.614593797572724,3.2857368654481856,16.289502371988128,212.2514521988659
2022-03-08,84.76997753838134,14.416867199734673,62.234326461724606,5.163250443752421,15.663228618473944,117.29258210448148,181.60027803143973
2022-03-09,104.49762358153384,14.25134555305172,98.11778367622945,8.626193847318103,2.4499572393197844,115.72238808431838,225.99645661588482
2022-03-10,138.37490717659435,2.42169504697749,19.010764978372762,28.398714865804024,12.698133183063256,19.647474945500516,154.0531302460323
2022-03-11,106.08579514700979,191.30027965989603,79.25951162883833,14.81788067566442,2.476920534116349,35.930774976372795,274.6477838737962
2022-03-12,22.8808564371392,147.50167189180138,90.78987937796194,46.9157864325658,1.4107127518591311,12.018599700812032,191.93995286593798
2022-03-13,86.44325402502197,70.65028170041283,94.37015928202209,40.93701147420254,18.18859007371753,32.606111867781564,222.9090444458659
2022-03-14,91.00725695742838,59.30711625753104,96.01356044054472,49.17836032568315,3.8025753263741136,97.9146947298248,266.77307286350884
2022-03-15,63.6196006953579,69.9406459491699,52.14596387214719,12.983541947520699,16.425003091194085,45.39787285983114,152.5435604379079
2022-03-16,110.46663534370842,154.93070623623638,97.73079079915037,48.48618163989885,10.892617422142717,10.607636057611005,273.8514764437323
2022-03-17,140.1550522153522,132.27412221408287,75.73102071344388,21.561693489577895,1.557130392175392,41.067062973468545,249.71376362318594
2022-03-18,138.83527693601644,37.03911357349359,16.16714362369619,17.375939765687733,19.10896382876135,117.76600010895362,225.1594299263883
2022-03-19,67.62590571061982,34.82186706681687,47.690010646797,2.517476348467662,4.9392233398378504,75.56203143110434,157.96715427855537
2022-03-20,16.985706876113287,19.679129942679463,71.8331175372004,2.638262892980131,17.19290690705213,49.93931356873893,127.4428399419476
2022-03-21,147.72617984435018,132.06054394026762,24.734031581908333,34.600562797332735,3.3762001156912835,19.9846216196724,245.5572919148006
2022-03-22,125.83471296689012,152.87453244434718,64.06151835488873,22.896449721701394,17.078857642837058,118.34121567404337,296.41722274733974
2022-03-23,18.699402180490026,53.0092856650008,66.66004790466192,11.326081301805285,0.2645762581058797,98.50188111157546,130.90830819326595
2022-03-24,138.12628239260584,4.188992206182562,16.26997438085659,30.69851531626163,10.235609131389614,33.77727629411033,148.4148742844867
2022-03-25,130.48445430931923,16.43433349528547,56.50853124527563,12.642905912505558,15.388851588431136,8.408243486542734,197.31844479031744
2022-03-26,77.82570856891081,193.57200696900608,77.16269109786077,28.88158771722113,18.695910349855666,6.795066885306964,254.62353358894447
2022-03-27,88.69131536173938,59.08895549548405,49.88956645359419,17.960437349134516,18.18404272412974,14.44537794066406,163.42070954341773
2022-03-28,59.85040558051954,153.84462956762673,1.2103116776107425,41.17761133059095,16.392497390952897,69.6922300337306,206.2671327761306
2022-03-29,8.2142458233047,124.93271377085276,0.9038469079292177,41.034808038338966,17.763826993226083,111.45161054465909,145.1317745467911
2022-03-30,50.27958624688514,76.38792793057918,35.702934397001215,23.867519906120066,3.98439371674153,59.609211360718135,149.22605821595195
2022-03-31,120.42801728970171,41.13745243911102,92.6194068431782,17.54095546675078,5.683685914234575,101.15345789474365,236.11970725939233
2022-04-01,0.6948034506904288,24.277283631881286,22.867677960360876,18.12798982795473,5.77937049842117,53.50639438317694,72.56941564617128
2022-04-02,50.02487575367163,123.00259360777332,63.43636888716871,40.285726283410895,7.541078620033977,85.03002549213903,210.2613369609136
2022-04-03,59.7253040386415,154.9267561275576,22.207587069332057,16.4089741398806,7.866413407703774,87.8247284743801,178.33470127272602
2022-04-04,80.60934044068843,128.78085070822613,32.16699896595486,10.4529686853423,10.89110649309351,20.87564470840064,176.5745956478824
2022-04-05,137.97834246191408,106.06042664983167,84.8042089601484,4.234417093765341,3.1975952673288277,43.345927077097414,256.0213318129987
2022-04-06,51.951899154894186,8.390244686327254,72.88614422699469,23.33465604422042,13.824933275719786,76.47625878456287,153.51851565594063
2022-04-07,52.04298028443415,193.69775551887676,9.539927731321063,24.106604945992093,3.35133078609013,8.483592982123941,173.78596048272726
2022-04-08,110.62518721646225,159.7428383309149,42.87020209864336,42.04543552014536,6.20616964209095,43.38482253155479,236.09215855352807
2022-04-09,67.83269113347107,58.56440734019295,2.916976364526447,11.061934822303199,10.06690261212308,64.17593595374309,126.69537972513326
2022-04-10,33.690723440997296,195.99406587177012,48.0890146603009,19.049563683419997,15.928811230469545,119.54693916535663,225.951261383625
2022-04-11,67.86592741990401,120.37631792726442,66.24340117010681,40.42028694468455,14.789384664774545,56.94402751469289,228.66131949066227
2022-04-12,21.128553056969977,116.4845316414493,11.850262359815156,41.181180537448675,12.910687128210444,97.92681085371883,159.25425862013734
2022-04-13,26.458047975933496,149.6146358859064,28.888493890916568,19.23055379893841,3.115465211603403,51.84807420799413,158.1779194637115
2022-04-14,74.75516591092196,162.35395761802752,39.783662550215695,22.956201164334043,10.940906912311554,95.56688671436507,241.5540711899078
2022-04-15,62.83881742568219,131.29572146630053,91.95310246560497,15.164294542464146,1.748930035997709,71.449776194413,226.45479638647498
2022-04-16,137.226885160215,25.619149273240005,99.32550154229641,46.6277439209656,7.547263535933015,106.3914529802878,272.17588291437016
2022-04-17,54.359084867494964,67.65350119889968,4.491129899561585,5.932188287079016,8.270330605799183,49.31310628201319,101.20353986829683
2022-04-18,87.08825254170652,185.61672806520994,76.1007923495392,46.6874711500735,0.7962287889150765,72.51653037857747,273.45736035547725
2022-04-19,94.83964318792955,44.923122368770386,37.17240664023432,34.19332259176716,5.479761989399437,75.60224167425929,174.71173237795801
2022-04-20,1.9641684882500454,74.43340476750267,39.245818622948,26.57860763433656,19.112989345329787,50.0859530160568,116.00270684119417
2022-04-21,99.53060580250659,86.4153765888392,75.42649733470228,1.6329530392247937,19.07265215659379,17.317445242497783,196.95751642468235
2022-04-22,26.705395030462714,87.88099793889043,91.84264321454087,23.779809591100413,7.0465410850507855,11.227128829480266,144.8960337591696
2022-04-23,144.16054762041827,122.5879164989051,95.09285945025483,20.387405250136613,0.8620021789664811,2.000586071955972,237.4224916095598
2022-04-24,22.299409162966942,188.6151675489415,57.712258603832076,8.060940598756128,3.581898786563631,104.82411170942575,195.85417959518037
2022-04-25,62.19361855905356,48.13854236650099,35.71211593005028,32.82048017503285,7.844355868670803,28.376989468643345,138.8594458750509
2022-04-26,12.802450211796579,24.30027526018361,78.75490858587793,48.55754536841429,18.955593959384597,25.380809913812165,120.38564910538827
2022-04-27,149.5311377768921,39.494097971987465,25.100138326230027,28.109440553226257,2.8239812707436984,88.32424805112787,211.83582509664092
2022-04-28,75.32925154968639,177.3849800418539,56.40740288335178,35.73766382219729,15.270316873364244,38.40193357048701,257.99041442967297
2022-04-29,89.30775259800657,129.1621625310412,35.85784615248732,3.422522628300839,2.1736507874938416,60.72536308942039,199.6582857246825
2022-04-30,10.061471608264123,57.181357847832025,65.66310737078761,20.883349790849735,19.62515154782554,19.501327835694756,137.03262386311468
2022-05-01,112.49407055987668,163.18938779372345,24.03989128935069,5.817924258224794,7.6323299821827,115.16948657543631,248.7567991857096
2022-05-02,31.485838964337866,172.2739992726872,19.159294573482576,30.63979177682552,15.504690777981121,102.18976800206849,209.62627920622188
2022-05-03,134.70814341610705,169.3028677380556,91.8239086675437,46.92410791070773,6.851821656222636,103.6547547558004,325.2380435038613
2022-05-04,30.770946072301076,183.7853067279109,10.18036829495369,33.08888662358193,12.553377543176174,48.81284982864062,167.86877705250797
2022-05-05,28.603158099549987,50.448204034672315,50.595790773493164,3.8401524157210765,3.8403216948007346,91.48334564486073,98.48599920974422
2022-05-06,5.482450177214232,151.00838574925567,22.085278296300892,17.733310249254142,2.920420385939251,17.265138646773618,127.3857225198401
2022-05-07,70.8100417664999,92.107899454828,3.892996332566745,27.533168972042578,18.761282791362625,1.0342803110136334,154.64908839146685
2022-05-08,84.72616998939246,168.3997105780123,3.601881829142639,20.160387806662612,18.35294555808867,2.396751909363375,178.54292055746996
2022-05-09,9.856295914252854,145.69813543232263,17.522177210582733,41.68220052375862,17.749378804257645,70.39220848854725,159.6007560645051
2022-05-10,116.32914250425159,155.28948929994493,86.67703545060003,40.73355023549946,12.50866900333187,54.647388629752896,281.4002500280837
2022-05-11,67.99332521220414,131.2323675362143,28.247874397702667,30.591551005161072,16.165364224325565,62.16184186902237,201.37938668363586
2022-05-12,78.65854039913701,35.48575389394137,95.04591705752958,18.672897256635263,1.3807387382274983,0.8955768500663286,171.25581061799585
2022-05-13,66.11441204073422,109.00538377938767,58.16222929891936,12.766818688162207,6.695780837813583,50.72239435889109,164.65531400320037
2022-05-14,60.1144591312989,196.93394790490163,43.66141897687661,5.2937159106564655,6.2740624951431245,86.1681793441033,224.50607737739006
2022-05-15,83.94604969623268,187.47761329942378,58.00888346694546,17.7448841743277,12.712906439052265,53.123244236092305,242.072991110549
2022-05-16,23.286036889606876,8.634747159402334,51.669838522626776,20.658625860385975,7.11915546941281,87.86630475746666,114.19797131858208
2022-05-17,27.28921957429067,32.96296314588743,75.87762537573252,33.79114625520368,2.970135632873616,27.962275727620174,130.14985512588845
2022-05-18,129.26784315202758,26.345754690912383,28.249606597285226,32.90799121487867,11.929341508270873,97.57704053780705,203.99187039894352
2022-05-19,141.9173193200449,145.1959819970591,35.30503916003024,3.5054069820628477,16.28767841338163,70.61174885441427,254.8163596355757
2022-05-20,55.99639744196294,163.55706597138902,89.40943025332507,19.762965771557887,7.642469889199464,25.29157193158875,215.87613157689577
2022-05-21,40.61170097153307,42.70227326213438,94.64565131504055,9.088943360868097,2.645374301969634,28.406457102459953,148.99240107598237
2022-05-22,96.59993148585237,101.1705385903658,89.25582274864745,7.840635265840285,3.933763946256461,75.36365574834444,232.92212101966575
2022-05-23,61.31012566471446,168.14060560224,41.94479939573136,41.36510748686229,4.74966610338768,99.5927511854932,233.61646274664068
2022-05-24,3.807953349051729,146.56030895325011,78.03655030068816,2.0957608358128765,5.997951859890724,49.87533384349862,144.84833186821416
2022-05-25,23.422889604928553,108.44744109836965,47.63357333010988,20.959143795106066,12.855901410126183,30.996051495311065,139.0639542763747
2022-05-26,107.39583432710963,118.06953809175458,49.75398521461022,8.41018278832591,12.01890969075438,104.04139282927206,246.2456032875672
2022-05-27,98.8385912865227,101.67210938325599,20.468010905728395,43.9665107839237,13.921597231340783,80.31219501010018,215.6457230686963
2022-05-28,4.0643988755225235,59.509690263764114,59.113030325851646,27.852025663751757,7.250039690630263,53.77025847396918,125.72515466569358
2022-05-29,33.295824289942416,113.00439857180322,18.613589775334795,11.5690318188424,16.479953037599564,58.54802343351622,159.02607576241778
2022-05-30,34.66121948821071,137.77706041001812,33.15646990671938,25.12136435831882,4.081753223115205,24.51077615236757,158.76380239911134
2022-05-31,100.78391153980927,174.66458317216154,85.50302016199352,36.574317985155794,9.380814950363078,75.21631560778127,289.21696879785384
2022-06-01,2.9565806631546234,127.25827079584961,20.707580921085523,47.90590044597169,16.018774430828607,43.04910126514664,135.7598926326385
2022-06-02,15.616287297686076,152.2243074086316,7.115828517343282,11.022300212270947,3.603172954652385,119.47742120092191,125.69797181096445
2022-06-03,119.98741280597841,32.0143269909146,6.90075926128163,44.309088606467256,2.197262274815659,57.622021831426544,166.7555739421937
2022-06-04,26.781699308150042,92.31149488395798,94.07845205031079,46.71520570837451,17.673679353759795,58.306272742753585,197.43384230605804
2022-06-05,97.91191617778121,1.8663239654186592,50.69204379618346,45.82102722660331,6.8585932551839175,67.90221448928062,179.47702358755626
2022-06-06,35.72741715700898,49.33577290432461,40.941207181701834,31.770717843095493,13.67740249818064,110.0107203742496,155.74599403913362
2022-06-07,14.916208913901773,145.29234302260096,81.08785810079185,31.491032721735383,0.5069720852787696,96.09817198317003,195.92695202166837
2022-06-08,36.475828649918114,198.36199026987268,83.5825927910516,20.16053165919114,13.800937768188993,54.13560837574097,215.24689004071587
2022-06-09,108.34003977834887,19.835619917443182,33.21910331156046,37.619894115189396,6.322026230939411,86.24391191673551,173.20286065164566
2022-06-10,128.35447021594285,80.29886317225765,69.36180574737952,26.564700917546595,1.1148170717488348,70.3482598536914,241.23424204663286
2022-06-11,124.53297968504874,160.0141937398319,77.11228158518865,33.871903561414726,12.19625523096234,59.08404584414987,305.7045442212888
2022-06-12,59.577529442768224,40.80712692577977,65.46506868659546,21.42289519243977,4.8160763214634645,23.077892734122063,139.33524415869485
2022-06-13,100.21277048559692,111.01698986045724,15.159507480009937,36.574823202156956,7.7361448410376,55.67235161458691,200.74484221451715
2022-06-14,30.747644312373147,146.61425920593496,87.5883083517057,41.22357588022745,1.6116162457302718,29.49823044270896,206.72573479496532
2022-06-15,43.97215953915199,123.1970900520358,53.90945527360087,7.321812830140805,2.9432650218989065,109.78105798219856,177.3584013975305
2022-06-16,134.45037277816797,37.604946923083226,28.24724263700037,41.6464857787114,5.959544709916875,40.248817619561635,196.25499071680736
2022-06-17,1.9502885266104053,71.07691373714789,42.52281854376939,27.014826589515362,1.7951900112031427,114.27168174400467,122.99299926857317
2022-06-18,12.826279628170212,156.75835689707944,3.757109039890738,42.233295454511214,18.216525293726306,63.966634811365346,167.23992682551605
2022-06-19,31.1829382719041,110.84530282640333,12.786680122241755,21.56508531705073,0.12094086367956836,75.78532544113924,134.19573673980923
2022-06-20,3.9798305810729575,1.0459227085825473,76.55467505158609,18.952024269151753,9.677204377286229,65.15285333871932,106.42145633161068
2022-06-21,27.2153152634696,152.19815200561877,0.0011634755366141114,45.75303662586112,2.464949162651029,15.525674036004107,125.92670250857904
2022-06-22,87.45623414545382,7.062270988047814,41.65658284822922,12.558463377420065,6.15358178955897,45.09854628095292,140.83877454969155
2022-06-23,63.21368258887469,149.14675654624642,52.251018108558846,42.210616264307156,18.521191196365308,11.897533473314873,229.32162145716336
2022-06-24,133.90075666154624,40.49611203304748,5.4634420000972295,24.201028625470205,3.233891065479737,74.7544853020058,168.44686704656294
2022-06-25,122.61653426076613,191.61469602387604,97.30781629723329,25.704772127562986,19.316646394366654,53.62490342405267,312.8762631532278
2022-06-26,51.272602754681394,73.5881502604169,22.612533124967193,15.4234140744742,4.115887539788434,93.35819658851241,146.25863112901058
2022-06-27,38.91351501469387,65.38632326761582,30.419871963628086,28.652110030950784,14.831322169336591,26.45645771992438,134.103985199004
2022-06-28,56.95386122509004,29.777610066488936,30.39425122550273,16.260559813810566,10.933545297946235,19.74792701152019,103.62810447931976
2022-06-29,88.54424137722116,61.120843098042975,23.04166621173499,1.9634707120826156,17.689574551935184,48.759867715652135,125.7973247078376
2022-06-30,40.20954612343144,175.33015236564012,0.1473822086311416,13.599930267217802,11.079865110062618,111.19024598620574,196.1357107231166
2022-07-01,93.6223361773701,199.26686752544947,72.93447940879963,0.31895217032953393,10.691184383126174,85.25061780148941,277.104183854229
2022-07-02,61.41174782868607,73.66190610136967,96.68454997992853,48.91773935284283,3.9091600073679977,50.27083497515024,189.18728260311397
2022-07-03,82.80707712779703,89.72212619090851,22.429348328504506,48.287360490987375,3.3245872410331745,62.07266037051727,177.52518966957865
2022-07-04,65.4189793702975,144.4141876405474,66.30471918034225,19.75776487361525,18.329783022310284,10.1055613412518,219.03109321877366
2022-07-05,44.16986393128765,177.2391560930149,74.18963269587151,36.4185427169823,6.556763977000681,118.14910756513358,265.37803249876976
2022-07-06,142.2679960443235,118.60886683735683,84.84253790905247,17.290304920521248,7.441645099257919,79.96887656339027,290.9542211842643
2022-07-07,114.54086912396413,78.30513963556587,42.262919701360914,33.5546578542988,15.196473168567767,34.2484882156107,206.1172004188428
2022-07-08,21.01697636496788,82.52436816972475,30.293090564042924,40.27150215229896,6.776469648456147,70.29700730582933,138.49132965711345
2022-07-09,130.27019638468693,139.12362929936137,32.52951340230311,47.33781223461204,19.041248932780054,13.137883928279276,246.03433803936215
2022-07-10,73.11467973742705,0.6436527208557363,71.26213330985128,20.0106137924836,14.758555379976006,115.90040025691003,191.62868952018636
2022-07-11,134.1828340341137,123.91786749196814,81.6779466505636,39.16489914780239,11.9485848514684,20.97419854600391,260.363684837123
2022-07-12,119.97828839209728,71.09860208827148,18.161396775660265,13.29642253160594,17.61790321089505,77.7636381666257,191.1263346273531
2022-07-13,63.78202567038502,158.83946625541685,37.09410081577652,49.51661518968242,0.992118166989655,29.454535504671654,208.89865976938896
2022-07-14,3.3703962480176095,18.598127964626432,90.19401967491501,1.2884799382175571,5.141253843784175,86.1073659178243,114.53074298751821
2022-07-15,40.301603907741914,117.6404533896781,80.66935196947392,30.17644032505605,9.3007266844182,93.21856406883373,225.07867359274593
2022-07-16,81.24513219913004,96.19457797722475,98.48584027624759,32.97529908256636,4.539570789430421,80.81036746937191,231.5133010192602
2022-07-17,95.02173297392208,128.4651051810455,75.42482596820807,34.402277853706444,14.878103746043038,73.7399352306231,256.02716771992965
2022-07-18,38.683152814980346,12.97071889659367,39.319520102792225,6.019378939454451,18.384160621074503,107.0962912742414,118.72730435613242
2022-07-19,20.90341111092362,115.99675748562626,59.06378339946377,46.92648917365652,8.475402398618467,9.435205318770965,155.69722061587126
2022-07-20,125.23953551989487,112.29691759190474,66.10142542473203,9.05916395250414,6.842652002237899,39.709771893623426,215.3034095701587
2022-07-21,147.66032710553282,112.13201888323418,7.845581631712395,31.137670161992055,19.231014642751326,29.794497555701515,222.7181583566444
2022-07-22,78.85352734540288,120.69753331929095,54.44969591038651,11.133803956154248,8.897048656550817,118.56167544785059,209.29613336768568
2022-07-23,25.751892877245524,135.29358744527244,70.93208284726096,15.360820851063545,9.780968008985663,46.72677356002482,181.55007149216306
2022-07-24,40.84609897790534,160.99779993615394,16.732130400106037,27.322927086406217,7.032997446838108,87.91352390884785,189.94302734560915
2022-07-25,2.75860148212001,53.96414402564287,78.06317174255571,20.859670928228823,18.19096946024277,82.16701966572055,128.28502905090699
2022-07-26,137.14482098407484,165.0098820360124,58.37727805141116,8.011280048825315,11.379109665637015,25.449748497285327,271.65161602354226
2022-07-27,17.66266243352117,99.65113645269072,95.22217856975946,8.546820121042414,15.243491743632893,28.679721625386158,185.90449772824195
2022-07-28,86.47747132713803,15.411655826866234,4.24222982068917,20.907239408139983,16.236134367017726,33.754147626364094,120.97595334273497
2022-07-29,41.1082831030809,11.71018584879584,26.5326137555467,37.86414891377504,6.836980838345164,49.335273391125504,99.50928789272476
2022-07-30,83.126700377369,66.84766373921217,60.15538792998241,44.89823234238943,8.6738866264076,28.119007878063215,216.27031015294523
2022-07-31,97.71305825277963,156.97939542229352,29.65599122059307,4.206383112969142,16.969435488125292,2.3581779296217364,182.96924616370345
2022-08-01,124.46127055608025,141.53618694818314,71.44241640712423,19.655195377970053,7.265107033516205,105.52716681686346,281.09044635632574
2022-08-02,30.96319076409048,157.72299293448128,75.9005282521931,5.012278186143831,15.878702669037025,115.87317976570608,222.2061128014695
2022-08-03,1.6493742987720716,103.45381128832187,10.251596406647446,0.8296240316298942,18.819846451488743,40.988446443788156,107.50501357518901
2022-08-04,20.53284451032109,88.03979959109812,51.38544642067677,33.08593413219783,12.46420746136014,40.620825531056745,147.33105505651307
2022-08-05,135.00279627721577,29.49050534125679,50.889055559105586,30.12247209832939,14.832545749037777,0.8510175329245184,185.14667107219182
2022-08-06,131.0835116343773,65.63855072186232,36.92807702155411,8.150955690744311,16.1019462408227,81.63008259964488,206.05825295068632
2022-08-07,89.61196532554625,86.80387323477505,93.29248625696721,11.690641654653206,16.900792977932852,99.05278748983545,238.8242447241059
2022-08-08,90.07752906504801,17.720085935923446,82.75063198732212,1.185387682225919,7.901066757135919,17.59299604320038,143.6376261097122
2022-08-09,99.75550118193833,44.12239054224225,69.72093819096368,41.74736028472019,1.0252691835199634,19.159961924058088,184.78364935381651
2022-08-10,26.30569179351744,119.64505881274776,71.43266357349975,48.73452980242757,8.03752542473479,94.80998999657253,199.62647230637967
2022-08-11,137.16179188874398,147.13262284783798,46.17161438131191,6.7729768397345405,13.475124595681795,73.95488980249736,246.44885122988828
2022-08-12,62.815578733810966,199.66950227858993,92.09945210965759,11.573760688264906,9.007007715615856,5.3832669153260415,244.3121586099967
2022-08-13,57.470779237424615,186.62266626871153,69.45954272532853,43.4204761973467,14.979263017207971,74.70563885547381,252.34878917381977
2022-08-14,77.83765579242564,128.51303990703832,72.89810616558164,46.32318989780924,7.1396485893732775,37.070126741251926,213.92159921923596
2022-08-15,7.044895016258257,84.2496106588144,86.16909037873452,20.981369140340515,12.69488282208059,44.24701865650151,148.10951674933
2022-08-16,24.94250531341191,127.23547294164655,27.4071589342191,2.5311236134537065,3.7283960970794916,92.36777019562562,145.26180636887676
2022-08-17,110.70504246395556,157.13032361604638,80.7070903866703,1.96959168464097,14.987388732899138,97.31222312071327,259.7547859127456
2022-08-18,12.41980018876897,23.667238184677466,19.524060295649203,28.69749330345052,10.913919376260516,48.04279522077968,85.01091963058263
2022-08-19,90.47281641995824,81.98097793925766,34.53419522448878,19.64475544465895,4.081287770932011,113.65835232076257,187.9944562647741
2022-08-20,36.80236645219814,167.96045712712345,33.56104542698427,1.4326213788827258,5.838223469956145,48.775526154248666,179.64932602810674
2022-08-21,58.394342106296484,76.7665903866088,97.85254683891405,29.16261961562784,14.972174171636647,92.6203242276132,226.8558150012437
2022-08-22,43.30406051560498,114.3744542454373,85.65372237479268,0.5651268294511236,9.652024713230414,58.06527174771109,180.04108833512686
2022-08-23,53.35090746974237,117.55387217243964,70.11698615902597,39.368597907463645,4.3206288078614445,107.70387918265008,213.6791510147719
2022-08-24,107.85688577763682,36.89525062672787,72.70567616153902,15.321641135168578,19.345423807405954,108.93134923802144,224.75383597588956
2022-08-25,44.568257343476255,72.44708833045767,56.20727944025711,2.012900150461605,14.30250039633776,10.490016944530062,135.6271502888157
2022-08-26,84.96069604453457,66.90225774838643,94.70906671085191,29.417611049157667,19.142696650795923,112.37919975722708,247.291764639667
2022-08-27,71.40756032986495,5.239341706412959,49.62587528823615,19.884220721652735,8.542100907206864,99.06418098244988,151.55633938995294
2022-08-28,99.55067480439722,4.838352778271049,38.05177098698945,48.690020667857475,9.50200681383441,94.95728571752002,185.02839165189837
2022-08-29,140.5244608987137,166.3394087351547,16.3035336931591,27.20993312518511,17.959104323700384,24.109360762262693,243.0960554307366
2022-08-30,109.88581458153755,54.61416199456248,78.6205652261058,13.761959051850415,10.500986804907694,96.61430505055979,223.17185462810608
2022-08-31,32.24105678861351,103.61575324776308,73.44439320755914,35.47194323169874,14.145578238113343,102.01592816220442,182.9744305292167
2022-09-01,4.677470259192701,59.74511471775461,38.43550385241349,13.574600127135566,5.043457549910599,34.698040134498115,96.81973649644472
2022-09-02,39.33960664497376,188.1358490230681,2.519341395922936,45.212164570378256,8.934529374052811,114.27120940347885,211.16798554814275
2022-09-03,89.26168960503823,51.85935177315475,83.89973277180107,18.73609852536882,2.468997316207102,5.98321756789971,164.19132579750197
2022-09-04,7.713872022637553,85.93136254778702,1.1417983454073632,27.49342813881026,4.1196007175392335,17.98911038965676,96.32272923227525
2022-09-05,74.45493708018545,174.54605009692037,70.3699779629051,2.5286551912114428,0.01886830535262174,64.50973656618172,224.30419330658287
2022-09-06,89.52642733753338,168.38671335836173,97.02571097260571,21.30606189761154,0.7853010329732046,69.09509653467717,254.49950719239325
2022-09-07,50.13658362254412,37.220283569255464,43.766132814820345,41.61817698304975,19.545676463538587,77.41800999610841,171.4522948731998
2022-09-08,115.63683056187328,160.52866195914208,23.497340499595275,40.28244026816709,4.8470739027352465,2.036295517855975,222.54876482438337
2022-09-09,15.98973797006577,91.63737734757854,70.48710100433817,11.215927942676313,13.266214190080039,115.24401295465563,176.66400432626088
2022-09-10,11.270667260371315,96.59377441707105,81.71281420155852,11.303953550528135,16.78199397599223,5.350571128097279,134.28123007135645
2022-09-11,109.2283134305405,26.695994483188755,54.64303160778473,40.86526561066184,11.013209184731284,17.167434326808287,184.78374871263503
2022-09-12,74.32369743092977,16.12030275142493,96.70352752561462,46.51992100846628,3.062890001679124,1.6817421031268376,163.93524613401723
2022-09-13,103.2603594641604,145.58786139475305,5.166872165796111,4.768046063650178,14.562328746723328,68.02301199529137,207.75457160957822
2022-09-14,65.22410079056193,99.29223047105995,50.479559830452814,22.502931971311263,12.00502820199166,111.87202607051667,187.16673820197605
2022-09-15,36.960304985866024,87.37014052303591,71.845394732255,16.872713948211448,14.625011786947502,79.91365992965571,174.45795888203926
2022-09-16,122.86534765112995,145.90164573047934,86.2640471149179,43.53442277287197,15.394932457141744,98.71889621765128,328.3131363068794
2022-09-17,119.91238184534689,153.10257979822194,17.925561190779003,4.176245734000938,19.508207353694903,1.5937444150296098,198.0590454796686
2022-09-18,104.20447062816402,31.78163353387071,80.00034817636814,10.556297127901871,11.471265600534199,65.04183581756713,191.89090566224118
2022-09-19,40.8217705844944,122.04502989552826,55.27070757185453,37.623416879324715,6.8328222538120365,55.147557300662626,178.6724264074488
2022-09-20,88.53460003036307,27.070816455537106,39.65536819899632,2.564692449060779,12.969291138004742,59.87615330649517,137.13542344870882
2022-09-21,54.14608454100402,150.27501720580915,13.171502857909356,24.626769035714464,1.3688141848525226,8.665582240222554,125.06584755784678
2022-09-22,13.737310998995122,131.3910312534279,86.52957589089124,22.105351733986,17.947946366431726,82.13224332831689,197.21946366580474
2022-09-23,137.5970363193364,191.3229242166916,15.727320817971535,16.720058949437433,2.3876202267639357,60.386449783036134,254.442283464176
2022-09-24,20.52279463784421,13.791603271284236,30.978785920909925,19.728615765946188,6.556856757716365,91.81786198335168,98.93962214002103
2022-09-25,142.53560307312037,11.410944230250863,29.004553196243688,26.497029346511646,16.31490761252242,58.234876087405844,192.46394108565295
2022-09-26,66.90086594369336,56.43741493864003,87.14140341908544,8.068367919419156,11.946247566614236,17.92579634717185,165.9317534266114
