date,pm25,pm10,no2,so2,co,o3,aqi,pm_ratio,pollution_index,aqi_category
2020-01-01,56.18101782710438,37.02658576772393,26.1705683735906,33.6351497104449,11.439917565671855,47.23626243329305,120.68781476512268,1.4774142009559401,35.28158361297145,2
2020-01-02,142.60714596148742,108.38018947567164,24.697879907199983,39.834069859568615,16.108646585999725,56.81227912500257,251.4215370923324,1.3037749033448705,64.74003515248833,4
2020-01-03,109.79909127171076,174.58916717528166,90.62545805210368,12.523394939624948,15.20321859580318,102.54568718426164,303.69635945857937,0.6253181391429686,84.21433620313098,5
2020-01-04,89.79877262955549,146.44497728191223,24.95461998495061,31.243704980349943,3.0779980938754736,40.80052632718706,209.9447688487213,0.6090324288080821,56.05343321630514,4
2020-01-05,23.40279606636548,161.31222957228994,27.1949726128631,28.587299157187434,2.984989394829478,104.35796217746056,172.0880693719391,0.1441838124461376,57.973374830165994,3
2020-01-06,23.3991780504304,131.75667334214347,75.93982624179637,41.64151883941356,5.363487354898266,10.57613171720298,172.1381410528927,0.17625613433477288,48.11280259098084,3
2020-01-07,8.71254182522992,138.4553129035705,44.973984245054,45.30435302406303,7.221494526820744,93.21581246503568,164.99754280383138,0.06247551021060346,56.31391649829565,3
2020-01-08,129.92642186624028,169.83913031306386,77.67105569551812,0.6078385738693404,8.169111628169652,101.70571596656836,298.6445794519356,0.7605191013800482,81.31987900723827,4
2020-01-09,90.16725176148132,49.93360177183719,6.536615756438524,33.700995952939635,13.593944336666905,21.81811834048065,148.04733993996808,1.770290115460432,35.958421319974036,2
2020-01-10,106.21088666940682,97.88499272862808,48.75711936733843,2.5917899559864512,1.133608643316708,51.64158388466405,196.23119477369465,1.0740849924607199,51.36999687489009,3
2020-01-11,3.087674144370367,44.241888363920445,3.3613600183282637,27.4429332538678,0.6934540845213277,19.859972959638675,51.99408363610106,0.06824812703513784,16.44788047077448,1
2020-01-12,145.48647782429916,197.5336015993294,6.265320345535452,14.38163645218391,7.83821125887818,84.79249547930613,273.2898064048899,0.7328053118076844,76.0496238265887,4
2020-01-13,124.86639612006326,188.81186793732263,90.64374533444108,15.33882997610706,13.94327384275961,64.24173216739881,321.2420009930141,0.6578429340429605,82.9743075630154,5
2020-01-14,31.850866601741423,7.88536227370118,13.924537111759516,17.64792517261783,3.8687068591296514,76.23880160499853,80.88571974484204,3.584644679712537,25.236033270658023,1
2020-01-15,27.27374508106509,141.11503450313768,53.24206822752171,31.064622452480503,12.830089625125034,23.578436034745337,170.64964146078592,0.19191315807239895,48.18399932067923,3
2020-01-16,27.51067647801507,185.0496634831332,41.10956026007065,16.70249828343846,5.196562758805989,25.409503446290344,157.3110089457186,0.14786738101522617,50.16307745162562,3
2020-01-17,45.63633644393066,36.11506902546671,34.73433262588427,36.63495252951402,17.721722176270326,4.979679061188764,110.12041999084076,1.2295905044017845,29.30368197704246,2
2020-01-18,78.71346474483568,113.5890461105259,89.98333456872724,20.22636927869349,17.91379888533233,38.648104223487564,227.44924423358384,0.6869196264092579,59.84568630193369,4
2020-01-19,64.79175279631737,183.0976595176084,2.18233967754895,3.41766001549793,5.945744085626529,67.169359360041,190.21871466754047,0.35194229500848284,54.43408590877336,3
2020-01-20,43.68437102970629,6.789195717159768,66.37896861755891,39.187992124205365,4.599875079264811,102.95218967967944,151.07812318985376,5.60832884625927,43.9320987079291,3
2020-01-21,91.77793420835692,139.484053449368,96.33944342135504,14.2879162296353,8.226079441324625,80.03129369504168,256.2315579061869,0.6532978794026235,71.69112007418026,4
2020-01-22,20.924079097806278,59.46980147451016,56.0168183461842,21.63834397996313,4.810631703602974,52.24755880797017,119.82868285719393,0.34602526529918254,35.85120556833949,2
2020-01-23,43.82169728028272,184.8792390753061,93.68224620330918,34.27219416109508,13.447676865834072,114.37441372729654,266.14297416257875,0.23575358656664738,80.74624455218726,4
2020-01-24,54.95427649405376,194.21164903307357,5.225787928602377,16.6228078574356,16.52129369096571,86.30942406909982,207.0436304828601,0.2815112559432515,62.30753984553848,4
2020-01-25,68.41049763255539,188.8532978226868,41.87933190741614,2.8292828073357814,13.46184261822434,111.619824343506,221.95916067899836,0.36033347019574696,71.17567952195408,4
2020-01-26,117.77639420895204,94.84284333149276,26.015779096205115,18.69605235064068,16.48700894498699,63.31055679265988,224.04314034485552,1.228849125454234,56.188105787489576,4
2020-01-27,29.95106732375396,172.4085301978627,73.08209649807299,47.22242913471517,7.939843244149483,31.068512975176752,202.57508511592533,0.17271968852731281,60.27874656228851,4
2020-01-28,77.13516576204174,168.90987970701408,98.12970904972468,32.08671986492791,3.126339414177217,6.339202363766638,246.674321989552,0.45397693115344784,64.28783602694203,4
2020-01-29,88.86218532930637,63.82009464865113,25.65300624442478,33.57395743336035,14.759018947951844,87.13018217806206,176.53647836932694,1.3709048993367299,52.29974079695942,3
2020-01-30,6.9675619079996585,165.78309483013547,65.41746014740745,31.614107681881997,7.209490102831078,14.556359760664094,172.22576995605766,0.04177618789899511,48.59134573848663,3
2020-01-31,91.13172778521576,7.401526943098524,19.809763275974014,9.94960694797184,13.42541650458265,36.333015392636064,129.77827125101058,10.84704344846223,29.675176141579808,2
2020-02-01,25.57861855309373,119.2539756964106,56.53302545716099,20.916693205114008,5.412878839635313,63.89650894606768,166.4852316879192,0.2127049721638202,48.598616782913716,3
2020-02-02,9.757738947791928,46.00176745754061,46.39324866883362,37.54698991816591,1.6245926961334534,67.72999053356972,104.420387328037,0.20760365993910024,34.84238803700587,2
2020-02-03,142.33283058799998,24.11337715545576,97.2005329631537,5.068644877657958,19.851635909755267,72.06998363845632,246.19446071907328,5.667610122961055,60.10616752207983,4
2020-02-04,144.8448049611839,15.390640325841831,60.85272726964666,13.892638804485614,3.1240301586119856,19.95063964196408,173.4649776555046,8.837043707976347,43.00924686028902,3
2020-02-05,121.25960221746917,139.25775517562795,34.95063720868188,13.815955423292682,19.768419879269626,45.56848857859785,232.88291943366215,0.8645482887247862,62.43680974715652,4
2020-02-06,45.6920653760056,67.97499275361322,11.409578488793336,21.6009463797253,19.545598651328945,74.063307254036,148.99891414496534,0.6624439315162095,40.04774815058373,2
2020-02-07,14.65081710095758,144.9533543057523,15.124682873493455,49.01843704710925,15.876362078160792,116.37826375605415,193.00272171682695,0.10038013289003364,59.33365286025458,3
2020-02-08,102.63495397682354,13.071268159788474,22.53169299512351,3.375127334191097,13.18845924163995,87.31573652396264,153.38859611091954,7.2939377468566695,40.3528730385882,3
2020-02-09,66.0228740609402,63.05806756612207,25.0966661340298,25.935049719029752,11.556141005021694,110.71245085127494,162.413470642853,1.0306722723533615,50.39687488940307,3
2020-02-10,18.305735226716823,107.89825847506744,85.06160578411378,8.968234100610523,17.322030907556695,91.46544699770124,192.1496656657766,0.16809943045056108,54.836885248627745,3
2020-02-11,74.27653651669053,158.14463296779272,56.12227882825249,48.53382727048721,5.788790432389758,71.00603626708805,240.7055755122841,0.4667234774528804,68.97868371378347,4
2020-02-12,5.158278167282759,63.75050058641399,52.33909113743665,5.66517523637321,9.35362424969754,23.042804296361343,70.47056932603087,0.07966391179321745,26.551578945594247,1
2020-02-13,136.39806031181732,125.17827528740182,11.476887186921749,20.180050118079564,12.387799387330038,80.00227822710157,242.82566599745056,1.0809948067616033,64.27055841977536,4
2020-02-14,38.816997240002536,177.1955496472374,86.0139693349435,36.89424924173031,8.223809517389821,74.80554791518885,239.0790200881488,0.21783370750193323,70.32502048274874,4
2020-02-15,99.37834265309728,123.17263763646092,72.28143032084837,35.227721401372264,8.54972908180536,72.29630045487197,261.4604158415299,0.8003240049071546,68.48436025807602,4
2020-02-16,46.75666141341164,46.591894950726754,6.766836190000158,21.136431844696613,6.605693350041689,58.77430415858889,96.6220615359558,0.9824500886510223,31.105303651244295,1
2020-02-17,78.01020317667162,4.880156311307604,70.78350972297687,17.326208397635913,11.28463633369072,63.43879247871308,128.55707410150336,13.266688680819106,40.953917736832636,2
2020-02-18,82.00654190149194,174.01977478018597,54.353821734264606,19.88061892764353,17.01149056030232,40.13310325417249,236.74558887125085,0.4685558646415075,64.56755852634349,4
2020-02-19,27.728168328829057,4.253882170077428,8.172534574677826,13.213813157931964,4.030567560126257,62.317523117076384,69.42869466289953,5.277653253578852,19.952748151453154,1
2020-02-20,145.4376941646838,174.94033453683988,45.830064152865646,10.26664693533999,18.68866077506883,23.70670868141739,251.4571175624413,0.8266307697296711,69.81168487436926,4
2020-02-21,116.26992350416718,105.7874268054424,48.469628713004695,24.1519848779445,13.781753074964591,96.6209276832452,235.5965366140251,1.0887978761394925,67.5136074431281,4
2020-02-22,140.92484123462836,187.81353970257925,16.577454016327575,13.426687803380366,16.465464253600604,22.293234563844937,277.59526242342736,0.7463704216160261,66.25020359572684,4
2020-02-23,134.22410256414733,159.7566471547331,94.56981470002825,14.373083244862508,11.123813852600232,10.195954786735973,273.11403410611825,0.8349521151368168,70.70723605051789,4
2020-02-24,89.68499682166276,199.58682210666748,84.99753714806619,32.837803173727856,15.59033402848127,52.34952316285889,293.0230660730859,0.44711310483781597,79.17450274024408,4
2020-02-25,138.2811352534675,70.14236309034203,66.90223373291083,48.42686658499461,0.3240079467893442,78.99689274072742,246.9675392866969,1.943724234713254,67.17891655820529,4
2020-02-26,13.273875307787923,153.43765778622537,46.22955610006072,30.181860027968757,16.367608495590705,52.526018992024966,152.64596068047683,0.08594973206704414,52.00276278494308,3
2020-02-27,29.39742936287178,80.38618272184843,41.17655415845085,3.848973353248314,0.8027771817073304,33.21049583415703,107.14812210332656,0.36120909446438415,31.470402102047288,2
2020-02-28,6.78409333658071,95.97512406078177,65.09734671509541,3.779180692703349,17.79826752725725,66.98054206685289,141.4050998142559,0.06995704725604267,42.73575906654523,2
2020-02-29,48.79954961448965,125.501092643674,54.54318694069055,47.5711610422783,19.839254944772865,41.64028024946399,199.02577266067647,0.38576385859327983,56.31575423922823,3
2020-03-01,58.3015934534223,174.73542283726775,6.227310588188562,14.86453951536668,5.881349243535556,111.94412281519595,196.2112823925202,0.33175777832457826,61.9923897421628,3
2020-03-02,40.70235476608438,196.81669383985903,51.25026487703317,4.603349304123771,4.206371125715873,110.71741675242863,220.32280915976665,0.20575793668371922,68.04940844420746,4
2020-03-03,124.3106263727894,153.65468277290364,80.64036172328395,29.95222935751908,15.307267277160816,60.28461839665145,287.08465170106075,0.803794777784571,77.35829765005138,4
2020-03-04,53.51299900403839,83.55335643346675,45.923987759695805,31.182438914513305,5.060526818405064,39.34607928219102,143.09617637042646,0.6328902986381936,43.09656470205172,2
2020-03-05,42.14017645310712,84.27140045541404,5.195657755426842,32.42524100593441,17.31124766344407,88.4558896747967,154.7642731051899,0.494188863183278,44.96660216802053,3
2020-03-06,81.40441247373727,147.5164603177783,78.6278199384033,13.370101392877064,2.056851843149534,4.405553217967997,186.0629653232851,0.5481171063433478,54.56353319731892,3
2020-03-07,21.1386337462144,47.75542915366047,20.13637821359744,0.7555342107237517,2.519103927587165,56.97228072523815,59.88993810183592,0.43356471501035587,24.87955999617023,1
2020-03-08,120.32954711310596,22.094822626278933,25.86208348880388,48.25076847272359,19.583031102012317,40.35880731244002,195.52502439322387,5.210239067876037,46.07984335256078,3
2020-03-09,11.182596551965624,70.92443152815531,16.47063534322959,12.544652284555124,13.476777965400093,110.46430621230655,124.8495544917802,0.1554770237925081,39.17723331426871,2
2020-03-10,148.03304049007758,57.44779833081635,33.02150648714976,33.801314402627376,16.937744488579057,1.4403632727219051,205.79233643812108,2.53273937971463,48.44696124532868,4
2020-03-11,115.8367153944986,59.261624091198016,75.6751505688635,35.33149349393548,6.486587547030361,66.33778508620189,214.890243635021,1.9222302276353358,59.82155936362131,4
2020-03-12,29.80735223012586,46.721550209981984,51.93858595039374,30.500370853974285,13.529674990412088,88.87962972799512,142.51333954258007,0.6246098900595022,43.56286066048051,2
2020-03-13,0.8283175685403599,8.418637927272377,20.48812741507125,15.645369710682411,11.884836546171943,58.20215850288495,59.950632851271486,0.08794451755512375,19.24457461177055,1
2020-03-14,122.31921426822512,3.574786946682762,87.78300781520409,13.554812688203288,12.06300240245894,10.2483636195266,168.22086589576887,26.737685425311533,41.59053129005014,3
2020-03-15,106.02860157714257,197.5444779472063,87.95818549515292,29.883414135135155,13.650649190754432,116.69536680334826,314.6693429757913,0.5340294662102663,91.96011585812327,5
2020-03-16,109.3510752061481,85.55462674717246,87.05784250460069,43.304781680584576,11.50718346258197,62.16125176513175,258.9258015042192,1.2633764284555746,66.48946022770325,4
2020-03-17,115.69055200289186,76.86532943193633,23.87962113815393,47.33668644616978,8.581247386053318,73.70234931828136,227.579969000344,1.4857774679296687,57.67596428724776,4
2020-03-18,11.106697760113557,135.92945653861398,45.12393441809881,5.295290220187882,5.518453887610937,28.39317392490088,123.74354524440442,0.0811125527032343,38.56116779158768,2
2020-03-19,53.76985928164089,43.65077757301283,98.49896561408752,7.741430629885992,15.37162661826404,58.01977021281645,183.0426661043372,1.2042311960573713,46.17540498828462,3
2020-03-20,17.380358928769457,189.99223679004507,77.20124763099903,47.23681293915399,4.525448600063724,51.49793903499862,196.81484529141196,0.09100034232216164,64.63900732067165,3
2020-03-21,129.46551388133904,157.2690028831104,2.716742122555982,36.82676141673963,13.847086123088284,8.987501040238048,228.85657922047017,0.8180092849700696,58.18543457784523,4
2020-03-22,93.49471902413369,17.8822004624519,6.5204591260492055,44.149691241488654,4.666656452986533,12.739242425696066,116.04721521435204,4.951473701915839,29.908828122134338,2
2020-03-23,49.634703727897374,83.51615515698568,46.39313768123328,10.131631706767156,12.506603399089078,100.49670235425296,174.54809612969538,0.5872806641014694,50.446489004370925,3
2020-03-24,9.533752542903546,175.82366151243295,90.922020586156,29.37929355547009,14.941565342580578,28.77839426479083,199.2930656659723,0.05391672393478404,58.229781300722344,3
2020-03-25,46.64734825734933,188.94640445828205,53.87017979527143,35.056979720873684,4.374277778130784,23.394992579835662,217.03338165432504,0.24558163335802702,58.71503043162382,4
2020-03-26,48.777498304012056,93.48030224997396,49.78125080342903,34.00559427234863,1.1988660172261656,60.58937415001671,157.58275448611718,0.5162716158015414,47.97214763283443,3
2020-03-27,109.4409267507096,122.68227784214154,10.547369995663058,20.407584543334902,2.6194748598834816,92.24965576350156,214.05504269951763,0.8848553621432449,59.657881625872356,4
2020-03-28,95.63362070328196,33.40678921841504,65.6780104724294,0.7697445845654238,12.119939345420509,7.43358222947855,150.73304892297745,2.779498548853183,35.84028109226515,3
2020-03-29,133.08191138644898,198.2337252273953,82.21031606002255,29.14630284021316,16.98892812451471,69.2169503565907,322.01115534360343,0.6679687951151645,88.14635566586423,5
2020-03-30,70.83223877429239,46.33434027668868,38.04200075075623,12.655076958980436,0.8999364247084873,14.305253140868803,118.74891296568896,1.4964239146515794,30.51147438771584,2
2020-03-31,17.939136890745257,188.54635482702517,77.56118509253275,22.51271230714452,14.683025180832924,4.375326099074215,182.93306593260655,0.09464247891823624,54.269623399559144,3
2020-04-01,106.98671808344923,129.9293297984737,96.44766539008116,47.879050754190864,6.8263729190010425,6.329274259466087,255.32929126338823,0.8171333210681143,65.73306853411034,4
2020-04-02,114.11775729253462,121.54735897577184,20.376645912768907,19.951765882121737,9.57056739839045,100.09969298501296,226.3295026214633,0.9312135181558356,64.2772980744334,4
2020-04-03,84.19157963542443,102.53770220330172,52.33296311947413,41.990080333221336,18.577190996911312,14.156698035367388,205.24379078898957,0.8131490060510502,52.29770238728339,4
2020-04-04,115.64507699318416,46.13396234355174,28.713795808457554,9.427030287462555,6.639430094716909,5.418163729475034,150.32672203868486,2.453540318767731,35.32957654280799,3
2020-04-05,74.06933945465862,35.305606401101656,79.28544190338394,33.62302490125144,9.30673867878972,52.54798645714948,189.95710392729023,2.040162575342938,47.35635629938914,3
2020-04-06,78.40992440729912,44.09724181403507,57.75933658811575,48.85034772194717,0.2736482952136221,101.27921663304298,204.51136095708927,1.7386855881482433,55.11161924327562,4
2020-04-07,64.13115275378244,37.287652428850905,63.45824175503038,5.094655043646839,1.6319744000967673,31.489005178716237,120.98445648545632,1.6749826297905295,33.8487802600206,2
2020-04-08,3.8128690116142794,155.91689471335067,79.79141596158941,0.4159971113596006,5.1718318226956805,50.60551410310997,170.6969112934729,0.024298651962106895,49.2857537872866,3
2020-04-09,16.183714048995668,70.02505183334603,39.59704726624549,21.67913963163072,0.5570448164214881,4.790703907650147,79.23917164796066,0.2278592360195571,25.472116917381587,1
2020-04-10,4.714377853010138,11.568535312679272,91.50900684070432,4.63127415256836,12.62750652096502,53.8894216961851,115.18992264750167,0.37509365536445793,29.823353729352036,2
2020-04-11,95.46156168956706,193.82052602816228,53.302886724614,37.419217483811565,8.527967136032451,69.31356967645604,274.6410497032918,0.48999745373733167,76.30762145644056,4
2020-04-12,47.153397161449,176.75717699268515,15.7954822835348,45.727433192427945,10.96290405456044,68.50884645025738,182.7515870520152,0.2652685982034323,60.81754002248579,3
2020-04-13,76.28560367470541,185.55045663904255,69.58991181688025,21.701048635437942,3.492943717926591,39.89120306092382,235.5672017481621,0.4089274561375683,66.08519459081943,4
2020-04-14,136.13497108891394,198.98156452928703,79.32613504382545,12.935582107772047,5.918640588732322,37.86398167957626,287.47581099920217,0.6807376040353817,78.52681250635118,4
2020-04-15,37.39383437233124,34.77904984389746,31.67616770675267,21.72016595033049,13.276489497054502,12.794834272391746,91.9891310616909,1.0451321243990273,25.27342360712635,1
2020-04-16,61.55743845534446,79.24840378053175,85.7179256998753,36.17239089250005,19.306054472608,44.01579847755221,219.0664269033123,0.7670861419710667,54.33633529640196,4
2020-04-17,113.3326707814573,151.64769514081826,90.61432547657664,0.4527080790185489,1.008335472044184,11.93936026475576,229.33809150095763,0.7424460007529583,61.49918253577844,4
2020-04-18,34.31972482374337,139.20412361075844,27.69044873778089,29.472699474234854,17.807686417105323,91.9915133654462,178.88452929575425,0.2447839902271596,56.747699404844845,3
2020-04-19,11.546986474318947,30.77918126797101,98.3521472715222,30.664584244368957,11.537624026224169,115.9529157297823,169.39441076569318,0.36335065957022317,49.80557316903127,3
2020-04-20,43.46271793706521,163.16662499812355,14.071152804875842,31.884412344796772,11.278391335112474,116.40893480000484,208.9039648035924,0.2647475876266689,63.37870570332978,4
2020-04-21,24.183193088100666,44.888114367332136,20.201566840249,12.10110399904386,10.005570704155208,103.80853192504726,112.30431138540452,0.527003417366758,35.86468015398802,2
2020-04-22,139.45464785138597,44.76352296452462,18.422483923802613,35.70263616890634,1.3878817180836678,72.0950579207543,210.01362238264628,3.047288294642213,51.97103842457625,4
2020-04-23,121.21805693466254,107.39488457868272,89.39897100078704,4.56957431658882,1.7975370347232134,84.10388366926558,256.5620055461737,1.11830053056306,68.08048458911833,4
2020-04-24,95.01056347656352,118.58798696834064,65.42925523249619,9.96351682334004,12.018240113181722,34.22469632164969,189.8052144553816,0.7944825051843738,55.87237648926197,3
2020-04-25,130.71908852815767,116.01724156756224,15.210428322227289,43.873502332724094,6.819171428711166,75.69245042071448,230.67485765055656,1.117092547876241,64.72198043334949,4
2020-04-26,120.55081153486717,18.29736747955097,44.032341836834895,36.93615753632832,18.34536133155361,54.67794593278529,191.337249353246,6.24700813013031,48.80666427532004,3
2020-04-27,27.98550883290537,175.49217252607608,61.52980250698021,0.6872777005672626,8.131810747189444,57.8420807732319,188.86679322064637,0.15856515579335742,55.278108847825045,3
2020-04-28,133.88384977349668,53.12000851774121,8.34640849893833,12.41881301849001,2.8656291740528217,90.93318724501896,159.66502842893277,2.4738327550264128,50.261316037956334,3
2020-04-29,80.9013362873476,25.902984256560835,88.24163684073388,10.720324149658229,14.29437667004072,33.8302026716702,197.7610185953491,3.0071510103054155,42.31514347933524,3
2020-04-30,121.11602327460938,177.74961597379544,80.36035354415351,13.540316401848628,5.867068428820197,38.16475340334239,276.00058782481904,0.677573613877665,72.79968850442826,4
2020-05-01,134.413694988524,191.13029964595069,50.52067735766382,12.37798851399432,10.509406147117865,110.9570149354364,301.21741261831335,0.6995965510708915,84.98484693144785,5
2020-05-02,47.70052124577958,172.42552345309014,96.71266152591704,3.126314787142287,13.9566557101034,6.746915382116669,221.02326411972723,0.27504902563365824,56.778098684024854,4
2020-05-03,16.507788679151513,161.90321494497562,41.77609792750997,22.947025829841017,18.00528222404141,58.276115809600846,200.1210633165745,0.10133494716312018,53.235920902520064,4
2020-05-04,34.19027438129125,131.04839612780435,98.4110319036498,36.63667373930826,15.843823896033522,109.5360960489434,250.5274905169665,0.2589222995802225,70.94438268283844,4
2020-05-05,64.06616829393845,110.17147412182786,66.79199988036271,30.33658623587182,13.527221357454485,73.24356093817885,222.25507791553844,0.5762824393578805,59.6895018046057,4
2020-05-06,122.70221488837396,17.39735198228203,63.46712732539415,33.64358342990399,13.59266364790287,65.56884890545585,211.2414241774973,6.669558478119297,52.72863169655215,4
2020-05-07,129.10958748845152,81.69064261413975,16.5954895295785,4.057458926811957,18.91849288064173,29.969301507522623,185.78341598654035,1.5613566832575847,46.72349549119102,3
2020-05-08,1.0428195796786055,74.5377034024628,88.1927758304644,47.57453550883936,5.916481949930721,41.1930586877338,145.42687454158514,0.013805285740850388,43.07622915985161,2
2020-05-09,76.61209538663486,51.95075675206524,42.74896879206152,41.92459169215124,0.0222418839237481,102.24580989656316,175.00130959208553,1.446855533063685,52.58407740056663,3
2020-05-10,62.611650472316846,144.684022737717,16.223340578247935,40.254515924783135,5.439091187963974,67.10617581221497,182.80789110341405,0.4297770565070136,56.05313278554065,3
2020-05-11,33.31617157060954,99.17514701575416,1.260751997575904,41.14919025208837,4.35782759253488,61.76906325081359,116.93666180409784,0.3325792131392633,40.17135861322941,2
2020-05-12,17.97980510005242,16.209243181529587,55.975568363838256,46.63552540663807,13.236691702279964,11.949565624803473,105.58681304459948,1.0447760491495561,26.997733229856962,2
2020-05-13,50.64227571054419,44.036640389962265,52.73996221226764,27.212698305684885,12.67423199531058,1.9233787746147744,111.10721782877631,1.1244683278336034,31.538197898064055,2
2020-05-14,141.43645558687788,136.65175273191915,71.93536223691585,10.014100893381295,11.869227654094477,115.64222264244589,296.68661412443225,1.027494766901585,81.25818695760574,4
2020-05-15,48.480439803113285,15.226171898060038,89.02580530178021,30.839180392627057,0.324868864189074,45.238340074421,145.24342166545816,2.9877928144536354,38.18913438903177,2
2020-05-16,77.81859326150492,170.24138280975373,7.940658464302952,37.14407468339695,14.57556108901295,72.38556745194052,218.7620566938858,0.4544380101622985,63.35097295998532,4
2020-05-17,105.45284383427668,99.02930540279486,73.14964903403623,36.89586966770127,6.47060824970983,9.5658087824742,211.6477591307935,1.0542194950733936,55.09401416183218,4
2020-05-18,54.5444403568941,96.1173154653296,18.741194409758226,26.07245120834401,13.301119780132622,81.97371428676558,195.9856140486479,0.5616345560577835,48.45837258453736,3
2020-05-19,145.7673124081441,118.48155693190353,85.8177053157164,3.422935966678903,11.131568570043068,111.90800504471532,306.3635564262039,1.2199984344966455,79.42151403953355,5
2020-05-20,144.3670942413167,164.93619318502982,81.90635138616561,18.55564692150639,6.854618508558144,69.07983035969036,287.7852699095193,0.8700157058583226,80.9499557670445,4
2020-05-21,37.76734437380463,69.56184158043861,54.07937549855444,46.03833042316786,2.691525342082155,15.133838685049268,141.27794654831445,0.5352375097913349,37.54537598384949,2
2020-05-22,74.58727588385781,135.6032305118127,71.02427986233116,29.2224454878713,1.888377953209619,69.80658329681721,218.26401120658952,0.546013996919406,63.688698832649976,4
2020-05-23,45.13174647251545,113.1463927991582,31.43501131837484,26.91659716278567,16.63036666224447,91.96166557255827,172.4402587560945,0.395384780594208,54.20362999793949,3
2020-05-24,42.72607415662014,53.40565403388426,47.11678989328146,13.442675719109676,18.36795084163116,48.76998438888224,124.56947350078264,0.7853241527068127,37.30485483890149,2
2020-05-25,5.53304210317992,175.7259972710316,82.16368977104716,18.422445995828944,12.995760935285992,105.58052975297616,219.1080464058305,0.031308591767029624,66.7369109715583,4
2020-05-26,91.43465009698453,159.48520432138562,45.92651971732139,44.76730445765846,2.0686822972096675,77.84195440288374,238.0840621929469,0.569738814762504,70.25405254890724,4
2020-05-27,75.40185348432922,131.6903669316851,35.77982653254418,33.32315237634179,8.040544337764814,107.9098701947043,231.285134474014,0.5682541636436159,65.35760230956156,4
2020-05-28,7.721812687498403,170.11634581884837,49.42124472502999,39.36935133761664,14.578784002103143,74.82063734968047,202.43908785658328,0.0451260962273766,59.3380293201295,4
2020-05-29,41.79696963549171,173.45884019196046,82.82492524372184,22.71727115338276,15.596417680201364,15.754556640578908,225.8525485875358,0.239580691866928,58.691496757556166,4
2020-05-30,136.23988289499806,141.67259534300695,33.520804737087275,31.512360972807897,2.364372445821772,37.163005332622696,230.66945356069544,0.9549127677074658,63.745503621057445,4
2020-05-31,35.934283600045866,167.4026656727344,17.37615931357438,12.419180437160376,0.0006143769076483,24.21539379029483,146.50394606045708,0.21338310445678346,42.89138286511959,2
2020-06-01,21.734230813683464,139.49429233385672,71.20140203307808,35.27304151417432,14.2427409176121,109.05917972602349,220.90601803221764,0.15469831871914333,65.16748122307136,4
2020-06-02,73.41791404163445,136.02815435206008,82.59782127080818,21.380066685166867,7.131923519724113,91.24800807449792,235.57107595651468,0.5357870752094143,68.63398132398194,4
2020-06-03,147.8475681165901,123.72227564303688,10.063747852353334,22.12727574073728,5.089626632365205,81.16780426920073,229.7902473587605,1.1854142923092528,65.00304970904726,4
2020-06-04,36.30829072672506,150.54332791152825,23.98741127559447,32.466116228844086,0.2579493957905088,36.11595835579461,171.36289862365575,0.2395901635994296,46.61317564904616,3
2020-06-05,100.82033211088178,31.72102105861474,14.19719897609939,46.81403107344633,10.805988135229994,22.085372646025625,155.37773128278795,3.081209841535124,37.74065733338298,3
2020-06-06,114.24294229930764,176.17415183978568,34.79414115821666,3.200317330431046,17.023014708519636,90.7741305586694,263.74756193660204,0.6448059218176181,72.70144964915501,4
2020-06-07,35.64563159885995,174.3687055490464,45.03509789054127,41.23716186735038,19.15263292545176,56.89895350548956,203.74391461422343,0.203261074929305,62.05636388945655,4
2020-06-08,109.23245229177894,5.849456606911829,74.88263369633064,14.619155520609656,11.314899012265784,27.094746258075496,160.3284899857238,15.947608483503902,40.498890564328725,3
2020-06-09,55.167469907887984,165.16335011295254,65.11475848816741,22.19597272531889,10.289226554797883,73.99463737983301,218.7772266660254,0.33200744851609515,65.32090252815962,4
2020-06-10,94.84587458903692,25.77397349468904,62.09285674784312,1.0956664387504478,1.701127709784822,4.840062256614237,135.1129119728666,3.5424653949048994,31.72492687278643,2
2020-06-11,95.0294566141342,67.02377085182837,35.23749466096544,15.05230389171565,10.977456030851997,39.14043049539042,158.12676187267618,1.397003656576618,43.74348542414768,3
2020-06-12,80.36620261121377,148.70165125832156,84.144755308476,25.131562131506524,7.599581579307893,56.22683935093616,241.85596478821665,0.5368424592226827,67.02843203996032,4
2020-06-13,13.543465508161246,32.15197920966164,47.12871673981645,2.8088038673719504,12.142705617671538,17.7550000931287,62.73152926212538,0.4085266047770146,20.921778505968586,1
2020-06-14,125.2953743383857,163.59340482381245,97.91049380151546,24.55478646915826,7.774526957530934,118.15853731090075,308.36323438661,0.7612417670836022,89.54785395021726,5
2020-06-15,48.11700974576038,166.42683559154838,63.41421382957368,46.35553144292137,4.805982469007335,25.09168375075371,214.9814643440137,0.28739126302993506,59.035209471594136,4
2020-06-16,27.977776559978132,101.49354675216723,12.626474156450271,5.2696609053902606,1.89930550456753,15.642375605191866,99.13355347578194,0.2729711035137589,27.48485658062421,1
2020-06-17,6.116271233214587,1.277174343366716,67.6177562075434,38.22203640377522,6.298368891777915,24.424184866427566,87.31669364110302,2.6859038048759643,23.992631991017564,1
2020-06-18,88.63394147823627,57.40762663498256,32.5104015431699,20.483552668799632,1.9328966857550456,92.28733597916693,163.1352774996558,1.5175063015683299,48.87595916501839,3
2020-06-19,101.63465427634236,123.38538367514845,68.63271966860974,32.7586857262169,3.5379390164796787,51.06067911262114,224.0329117070251,0.8170948327962463,63.501676912569714,4
2020-06-20,2.488174339178423,196.2372356054847,6.964114816240574,13.011829899261468,19.74672317159092,67.84991277030456,153.97046908815088,0.012615134923890775,51.04966510034344,3
2020-06-21,76.81395874489215,126.36270540333368,17.48814371759594,7.974613127067914,8.882071138132373,2.5210988383632893,157.10647665225582,0.6031118646674223,40.007098494897555,3
2020-06-22,33.97436627969069,51.96071621283196,85.57372589057863,8.023130713561322,10.637435330100333,4.131757028797747,138.384189203763,0.6415012618628253,32.38352190926012,2
2020-06-23,96.77591856141748,126.80114061992226,22.71795570235149,3.5245972821572327,17.472370574744307,53.49906597924194,190.99807507418248,0.7572383007850212,53.465174786639125,3
2020-06-24,26.15496435074872,107.9970759431711,83.704112524294,9.282335245062152,19.91137800981376,97.99862918419484,184.6695569888901,0.2399602386066338,57.508082542880764,3
2020-06-25,103.64066071536988,155.96907903022873,27.927608845441043,33.21096924944841,11.654288986893633,106.22866544490785,256.03173847371875,0.6602616346841852,73.10521204538159,4
2020-06-26,58.01030194508061,21.39612776539168,64.28819100587077,44.084530592175405,16.249476420883433,10.404788111476826,139.10985181530242,2.590193383104505,35.738902640146456,2
2020-06-27,140.50949831051017,152.2055805004056,69.4150573509831,40.70628427955809,6.538820486733505,64.60357225212273,288.0685405623312,0.917130419476712,78.99646886338553,4
2020-06-28,20.628141621898987,108.25331573522206,51.265475314505295,34.25671549372421,6.114879148945822,109.58756235351244,189.66021026134504,0.1888102112332386,55.01768161130147,3
2020-06-29,51.15995265753877,192.5984007717989,30.531067669673128,5.521593170555134,8.054074419891204,46.55673052774637,196.05437925769303,0.26425813670766196,55.736969869533915,3
2020-06-30,17.021028186088362,68.37443320773721,21.26443763710961,14.459372314797491,13.450145253472982,99.54789977140425,124.8688026467964,0.24535015853924175,39.01955272843498,2
2020-07-01,138.7040427417844,126.52437862678964,3.318935456242622,15.490343766123448,13.643833785101975,16.043478527932344,191.82053639250367,1.0876668777796044,52.28750215066241,3
2020-07-02,131.60090300714714,186.4056211020035,30.39464012407238,12.49784731988106,6.304788692989016,112.24733876013585,279.9457004379498,0.7022249505286596,79.90852316770481,4
2020-07-03,38.69124415727334,20.50194559813585,65.3162790531283,25.750282985486155,2.6641984827325738,90.17079810375633,151.46820403720525,1.7994299158038862,40.51579139675209,3
2020-07-04,98.99760690512686,187.44569744729023,93.83048184484826,26.77769074398363,12.64792512931017,112.9601271344282,307.4797327980256,0.5253375813094235,88.77658820083123,5
2020-07-05,122.58333003018238,137.57714446016266,87.1204482263052,17.84429875855551,2.5665172437752903,81.19406802630078,286.8447628975594,0.8845854813051218,74.81430112421364,4
2020-07-06,83.28012173991935,13.56741182103438,76.60647765353026,17.6894579368218,11.5698501645866,43.60847183993124,178.4297192012994,5.716878383273847,41.05363185930394,3
2020-07-07,79.44758675340097,60.19271338936325,78.84473432532987,41.42777989530407,13.86844256112618,112.5817407029667,247.85403096995068,1.298317762899052,64.39383293791518,4
2020-07-08,36.27784363506776,141.6344177290563,66.49849034759953,39.46464241598428,14.012229927889033,33.06801315710142,198.9578559287468,0.2543414430588553,55.159272868783056,3
2020-07-09,13.96541517088488,13.47012029375434,26.0286857566003,15.389791584037283,15.069442213191934,39.86070264740791,80.74204331252368,0.9651208758031332,20.630692944312774,1
2020-07-10,134.58236369299902,116.43409203525464,90.719503070583,45.68942219366296,17.45718843131329,84.09701016020884,320.2923889732088,1.1460246454887764,81.49659659733696,5
2020-07-11,135.06270857449957,69.17661139059135,67.0732311905834,47.6407508501253,9.999179839295769,91.83795594304635,268.3825685016534,1.9246114324723231,70.13173963135695,4
2020-07-12,94.9652185909902,124.18310355349544,56.04406309804399,16.33712710150204,14.604983790591424,111.52841806189846,239.84035863746143,0.7586105144805585,69.61048569942027,4
2020-07-13,50.85446865730511,9.148406762502573,11.098946921348109,17.721247439652743,12.383454707316734,24.576289086745145,80.1499861218352,5.011079063681965,20.963802262478403,1
2020-07-14,52.381436191899134,174.3073612304753,44.70555438064254,25.28170767109794,3.7327987959536513,95.75976422630688,219.57071638248397,0.2987976992194506,66.0281037493959,4
2020-07-15,108.8933518305359,194.6977938354794,46.03582712019263,47.05604062668368,0.5137928973881634,88.62552640763562,267.9292916935549,0.556436277059317,80.97038878631922,4
2020-07-16,134.56653899288656,193.7755710571383,86.45636095226699,43.815971657115576,5.690827713538676,7.655346750431744,298.1013468724502,0.690879961293559,78.66010285389632,4
2020-07-17,133.0629636397676,149.93036634858495,54.66482201877885,5.12839812917949,8.860674126752388,46.46677694522484,260.28475705122906,0.8816182379922721,66.3523335347147,4
2020-07-18,116.98133187864356,26.0172480261264,38.04005489704097,19.63653716357081,12.342118888573124,33.93185484721183,147.77176066899693,4.329875928352121,41.158190950194445,2
2020-07-19,96.30474692314316,151.6526391858045,97.68003285106592,27.668559487488597,16.999186610064108,36.53885092248365,283.10690515565244,0.63087508631884,71.14066933000832,4
2020-07-20,12.620994749257324,4.917383291760302,11.072059332631568,25.156623627577,3.924914334123313,117.9536255465641,97.33751846104252,2.13286754076443,29.274266813652265,1
2020-07-21,24.244307114192065,4.424710305799451,42.25484283119446,9.693153396844634,2.510995797969542,77.13328961759134,85.51764877110064,4.469235359586475,26.71021651059858,1
2020-07-22,134.78312827906188,64.72204382990824,4.202467517140529,42.94083855840773,19.26959894948655,86.12113893521995,226.1187578425906,2.050805489675382,58.67320267820415,4
2020-07-23,90.9643589489385,97.72863808093317,73.99041207669303,33.84703914984187,2.1608911875281422,117.1941164778011,242.59124407216663,0.9213573763103076,69.31424265362263,4
2020-07-24,1.3795577424944472,154.08148356155863,91.80765521991506,41.89541874259018,9.569821402143784,45.26421389491664,206.5654263785524,0.008895696061269883,57.33302509393645,4
2020-07-25,15.220731429904816,136.65907532130103,28.003732955048942,42.93821396747361,11.711274575866035,96.22082021433673,184.72697088530632,0.11056831083878127,55.12564141065519,3
2020-07-26,99.52526536620836,89.18054127534967,85.83416767991208,37.41779268328699,10.827488418148764,52.14371559653944,223.3465944996717,1.1036223996740748,62.48816183657422,4
2020-07-27,0.759237576932803,54.72533325633317,29.221823046189776,21.960530062485866,1.720643140658864,104.34404061779756,110.76047006789096,0.013624639505345907,35.45526795006634,2
2020-07-28,24.1212077126248,199.42490003154225,91.07701616439152,30.527337750771228,1.1405382800723871,21.67890495735638,208.721498049983,0.1203503542166102,61.328317482793096,4
2020-07-29,82.31006840498792,85.2362604471946,75.3961903596784,8.018270305987157,2.109668549220713,113.72234124771356,214.27044428151987,0.9544716802207487,61.13213321913039,4
2020-07-30,103.784279653904,90.2774048659351,80.49067768414386,33.68227087374539,11.71175367745225,26.25260500930556,218.4788643629698,1.137020490518311,57.699831960747694,4
2020-07-31,97.79418892539007,32.72476423833383,1.80065556004545,8.962662786964037,10.886897752686425,39.146460837711786,144.17395282740006,2.8997738348673354,31.8859383501886,2
2020-08-01,33.64039641908397,158.96190974998586,96.2810357074026,34.69747952550784,4.674815840734885,90.74306809281366,245.51366441355927,0.21030254309705715,69.83311755592146,4
2020-08-02,106.82688320213038,138.73644515629772,72.66709920703232,11.479908037698433,12.755482836911831,47.2506169878488,235.56711311602533,0.7644883414820135,64.95273923798658,4
2020-08-03,35.58736312452001,44.15392255775208,30.47510953861333,5.877565007510999,16.401350041112988,72.9853652119736,106.01522251271678,0.7881344766670847,34.24677924691384,2
2020-08-04,48.80995472389016,16.476209123168537,82.9394664858847,8.26422450714787,0.8315791969318753,53.34882012833142,128.5334526038972,2.7929372085151973,35.111709027559094,2
2020-08-05,111.97371076770362,136.0998604149426,28.152119841493,0.0996067609535134,9.962598870960848,89.08439245077382,226.3402691923388,0.8167310340711297,62.56204818447123,4
2020-08-06,97.4449348570822,130.90224285622705,87.2753839566128,35.93698089267651,13.786208242053808,27.399750284233303,251.8315725900181,0.7387663222929183,65.45758351481427,4
2020-08-07,127.38351157412669,54.65190539964186,11.2580390411937,36.62005245291896,5.046238541393741,7.014958468425241,178.96434708201616,2.288933517358894,40.3291175796167,3
2020-08-08,98.64193384505153,190.1727124500821,70.36859774607957,25.74666749566297,6.1554181058629815,35.991527696767946,266.54160681652814,0.5159833355966446,71.17947622325117,4
2020-08-09,85.24629050032074,30.21157835618005,54.06984766449104,8.068140052769184,12.272758059787677,56.91703978421163,169.50058740017448,2.7312393345670567,41.13094240296005,3
2020-08-10,14.051215174213873,86.46696020852038,9.653447019544082,4.177716875534488,17.958705868874738,20.16240626312143,91.23484707597304,0.16064597581436366,25.41174190163483,1
2020-08-11,55.15737045891503,188.72318403351977,24.189382825883897,0.9564483218643504,16.198488406057987,42.57567475876664,173.7098475219782,0.29072551538651165,54.63342480083461,3
2020-08-12,39.78035515225882,83.94546338522446,1.240403627731479,8.287408848261036,11.66260438199167,47.99796219522823,107.37628717320273,0.4683046459097694,32.15236626511595,2
2020-08-13,36.59844650686254,127.70518953281712,46.876796546450585,44.54277674915733,14.604434355144983,6.887021242592826,179.17047241966264,0.284358747613131,46.202444155504224,3
2020-08-14,145.95158321286684,79.51887959255886,30.12652607600004,12.076842085084088,7.296449404155973,69.99686978210454,218.90570296215915,1.812638029135653,57.49452502546173,4
2020-08-15,58.96465870001406,54.84304046973401,59.83574842977588,17.71356636086078,12.819310561975154,106.1212113565545,186.12317864687475,1.055899861540883,51.71625597981907,3
2020-08-16,133.806983276567,196.79552959196565,29.72378077086172,5.267274224066659,9.32363182255114,18.20914955436629,241.89780780086085,0.6764914432221939,65.52105820672973,4
2020-08-17,94.67079389958944,81.8668012630086,29.99191115069847,11.118065237408514,3.798722729151218,71.73696160818169,166.1507293132002,1.142445375671211,48.86387598133965,3
2020-08-18,119.22169553124726,178.8198407358269,74.31931987316034,25.961228539010257,14.034765477545143,79.76870458930155,295.69286795257983,0.6630063459259522,82.02092579101524,4
2020-08-19,75.39556396577882,45.99092117821724,4.814283597835345,30.387634154782628,11.12929274697644,50.3201616503146,138.14939333581717,1.6044708653366135,36.33964288231751,2
2020-08-20,86.53558269395387,42.62094080501666,90.28949951919871,12.267615708310553,7.172431639071828,84.1317104837124,194.65315112013204,1.9838082603665848,53.83629680821067,3
2020-08-21,73.87765407282959,6.226816576902272,85.22638743911814,2.8866079612558604,18.226783801572616,49.28778521892144,157.36807459126828,10.22271055127523,39.288672511766656,3
2020-08-22,29.286448169706677,130.333365075177,66.78046832264066,19.55164345636993,0.4186823565346653,60.55647455729219,162.27792649696252,0.22299320628038974,51.15451365628686,3
2020-08-23,108.3678172892258,73.70526874475223,59.32215701073843,11.710168546316709,6.315463024989921,0.8823653465312375,189.327811275808,1.450604744619679,43.38387332709238,3
2020-08-24,42.11585436612837,172.8716499679274,89.23024981396523,10.977696161490098,1.1376279555529312,83.00641369616265,220.45817410611843,0.24222381494566317,66.55658199353778,4
2020-08-25,3.647394964718076,94.64198133831144,18.533017952871443,47.99314013567276,15.330546324432545,79.36112147336694,152.07739902194174,0.038135920164768,43.25120036489553,3
2020-08-26,96.82084438607517,193.63868558294436,7.896916219082861,30.815024296286204,14.042149082275852,4.608105279161348,228.06152902258395,0.4974388523848483,57.97028747430429,4
2020-08-27,26.56660191105734,37.10510314062423,23.95101699095381,27.843922158604794,6.62704437472634,44.19001288741597,96.1077837329912,0.6971927569127722,27.713950243897084,1
2020-08-28,141.06878765293715,173.72463359112217,79.45782787001903,20.78875517616609,13.51325804414146,117.4838208950001,316.8820528048776,0.8073777849954232,91.00618053823102,5
2020-08-29,143.0892865503881,155.31937055834834,3.4670266726483323,21.447216671507213,7.918744523918997,50.48838750823401,213.88960949073007,0.91536503786636,63.621672080840824,4
2020-08-30,137.2296585330673,154.1843689288104,58.28068350834896,27.04525019190404,15.125075828448686,60.23344861582101,266.88511682351,0.8843007802932802,75.34974760106674,4
2020-08-31,55.52380503831666,168.95664562337754,99.543751619131,34.82149035180536,9.08367325473412,109.19161897916622,257.5844924587576,0.3266939332361085,79.52016414442181,4
2020-09-01,2.3184924793301143,152.20479818859977,85.56960938375394,35.107304809091474,8.24559455663331,86.07142510389077,214.554603948988,0.015133288948796366,61.58620408688322,4
2020-09-02,139.2477843881588,125.24406432628308,52.14456890435895,8.584695385272479,18.694598309766015,69.84841573490682,261.59502578290494,1.1030046056523264,68.9606878414577,4
2020-09-03,64.22762224759715,26.24897553647752,6.364090928664234,25.00563760383135,5.017581997814005,95.73656176092872,130.67132552200422,2.3570655770752644,37.1000783458855,2
2020-09-04,144.99822285655043,6.505235898250383,83.13735143857099,20.597904751705094,2.408946799931309,103.72395197471678,211.25950791286192,19.319608979959224,60.228602286620834,4
2020-09-05,144.54299656338793,184.16956956313737,59.89785081772106,43.52634831346921,11.690862265189164,54.82656860847202,296.2362257826517,0.7805980048687374,83.10903268856279,4
2020-09-06,127.951418320104,123.3300629041476,11.493299705956684,31.57094606091882,19.386436245683576,57.013003791820246,240.13783544118417,1.0291269491172725,61.790861171438486,4
2020-09-07,44.16733381043785,159.30745819523526,9.38572848233562,26.62520332079909,7.556784274543733,46.32611227822029,165.73201995828563,0.2755164002204273,48.894770060261976,3
2020-09-08,57.76465929028879,96.30447030251,90.96268194365923,5.769732108945869,1.2407352725756304,116.00473680221526,207.5461828887632,0.5936485663064005,61.34116928669912,4
2020-09-09,127.67050072752852,23.461637792478896,66.92002629380784,30.281894466170574,6.7861053461913485,83.65995051484205,224.1002731671404,5.219213112818749,56.463352523503204,4
2020-09-10,47.53830077344165,25.037158440510087,82.92867993167555,5.860195284011671,10.118633086391169,9.986767944968676,141.5748679786859,1.8257868224006681,30.244955910166464,2
2020-09-11,25.423912002913877,137.11305744579428,87.89789002822673,16.860328778287602,3.238460132644274,103.5551547975622,202.66663001499373,0.184080437238109,62.34813386423816,4
2020-09-12,83.52018936875253,86.06117897989253,57.17723520483222,7.142098240716593,13.16204436112984,57.66719290035217,189.76247968449923,0.9593275711099912,50.788323175945976,3
2020-09-13,140.42321612411715,40.10494534006735,51.74463517550413,34.603682351218445,19.95498778020401,8.250468770698497,212.5601453006874,3.416212209075451,49.18032259030159,4
2020-09-14,104.40446950124596,98.31890934828738,43.042741032099016,10.31260569180763,9.034789519628877,65.96607061959733,227.43934758093923,1.051204349567762,55.17993095211102,4
2020-09-15,85.50917551340474,12.841787415026818,31.69465877911193,19.5929686594013,7.094571134604253,50.05971347708425,114.1857132270436,6.177610806287554,34.46547916310555,2
2020-09-16,14.57647406561528,116.39428038287976,43.459596085871176,44.78373888093893,8.014083336689332,105.32992858351498,183.32715661691972,0.12416681645881145,55.42635022258491,3
2020-09-17,92.25108400487548,53.798680887019536,77.38796557301563,10.215819169948514,2.3029235679040228,24.479352433126486,171.71762474726378,1.6834544648086136,43.40597093931495,3
2020-09-18,148.50807751563949,159.51182012743763,60.19234310151316,25.39025319793896,17.665472028524476,99.17575313906195,317.16810750919166,0.9252158339350471,85.07395318501928,5
2020-09-19,21.012602285478604,62.07239178471475,89.2523289954846,20.9635830583011,8.296513110427039,66.92264294225433,150.56325128889895,0.33315055432178636,44.75334369611007,3
2020-09-20,77.74944785456051,91.04402981636024,44.33800143791877,0.9062020522864866,7.745488228496827,6.553236385616286,148.4044790810527,0.8446984341046425,38.056067629206524,2
2020-09-21,131.60596078919332,2.324107981620127,60.7089578718754,39.63790567864064,13.193805458609486,116.62143615905816,238.36294171068863,39.5913615071705,60.68202898983285,4
2020-09-22,111.11529266313066,14.489377558911777,63.13075530919888,3.4522953157299865,8.84066841862247,61.51382929238399,206.09106411998985,7.17364479240812,43.75703642632963,4
2020-09-23,104.5523611492902,78.49871128133697,59.16971623063255,23.71275104884768,12.96466937615692,34.9052225077899,212.24834988652995,1.3151453585114254,52.30057193234237,4
2020-09-24,105.3726125980664,95.9877669434247,70.26337730855164,28.03391474694749,1.22892580261575,56.32882103871097,213.4535921718536,1.0864526106630827,59.53590307305283,4
2020-09-25,53.92367268296327,120.00410962386074,23.74334683748063,31.421322830729352,16.27446687444455,102.94293402209868,190.2007264185876,0.4456350519877722,58.05164214526288,3
2020-09-26,44.038776639674005,58.33251574186065,51.23637775457907,34.431581465393776,18.81007905758805,36.58837492620762,147.9519725285849,0.7422368003284158,40.572950930883856,2
2020-09-27,121.40417332177704,138.99637722530852,10.422480280834767,12.663619176135754,12.97530772318772,23.12116757840404,184.4852472282721,0.8671951069590221,53.263854217607964,3
2020-09-28,121.51700920187712,172.0244794378409,38.45113276448126,0.4989388329224686,19.091318577176214,15.488549631705776,230.51770797043903,0.7023110810486913,61.178571407667285,4
2020-09-29,130.06084778701555,155.97019777866996,48.76670686212644,36.1721831177456,3.028646287399266,35.74312780682535,262.2251053926902,0.8285703249887157,68.2902849399637,4
2020-09-30,136.9860828834707,7.923765069671429,65.22242595454725,26.78282996737893,9.548323789607077,93.60577044480522,208.5696233880232,15.350704754547564,56.67819968491343,4
2020-10-01,76.70135982914067,96.1013894515658,95.05310525862036,41.80588516036244,12.036134678908946,56.595163823431406,244.98790061724367,0.7899100132588662,63.048839700338256,4
2020-10-02,75.22744420307994,20.986035683634974,60.06510665483559,41.06941814503472,11.634732948423734,27.2977924432248,163.63032359140186,3.4216011147054823,39.3800883463723,3
2020-10-03,119.74427684501627,48.40900317250549,74.35939161765597,42.16630838939416,8.029235581780865,19.942199953169904,205.21214101342176,2.4235315257614847,52.10840259325378,4
2020-10-04,97.49458961666475,197.3325186534293,50.62660594952028,24.25473299897701,6.761688187325228,39.92753718124549,247.29463285180927,0.491571378604983,69.39961209786036,4
2020-10-05,105.2950315886555,28.499108580302646,63.41040313763313,16.681419791843282,2.536480451008376,112.79092474628506,216.2641340133568,3.569430964397475,54.86889471595467,4
2020-10-06,119.36890041541515,99.7776306902712,7.093221613377343,39.5779101295685,7.834849011245564,41.163205510802925,204.94806133407383,1.1844781386286223,52.469286228446784,4
2020-10-07,133.50080127263493,123.63114686362384,25.439158084184697,22.564705651462745,3.2532163021097027,118.57488911455624,250.40813536642952,1.0711672373416945,71.16065288142869,4
2020-10-08,50.69927352773037,140.4929941088208,36.185309320513866,9.172109820171723,14.687313529844369,58.22765469184274,175.7717091770446,0.3583164936684998,51.57744249982064,3
2020-10-09,56.3374428959916,111.92973669738282,47.24933550065136,42.748700978073714,4.1766187098918,21.499670194818105,172.88349372413134,0.4988716395129719,47.32358416280157,3
2020-10-10,14.097290976130347,1.954169483836732,4.564874550238374,44.12799383861736,1.171306105690677,106.93681101522112,80.63839033294695,4.771998036423242,28.80874099495577,1
2020-10-11,86.7420211494261,65.29226164879837,14.002409755331769,23.315487807008505,11.047322756344686,55.242644776179226,136.8228805908692,1.3084788328533123,42.60702464884811,2
2020-10-12,5.391341069511313,103.54232867694228,27.68143077913058,3.784986365489373,11.904594654388031,85.16056122054293,142.93236934127893,0.05157089131017626,39.57754046100075,2
2020-10-13,69.83970271986902,17.57329982896667,97.15326909010508,19.39130449584656,17.43826122561011,118.0453899850982,208.76632424004245,3.76022049732638,56.57353789091594,4
2020-10-14,81.3966952061365,70.12538624183615,33.13470071030508,40.17688297313017,11.539632248353636,6.02104203839688,164.2560280570213,1.1444112926062218,40.399056569693066,3
2020-10-15,42.98118781924266,6.640621758273313,48.20410581120825,45.08870142731144,6.9096170744689145,11.603347174508055,108.78227279681958,5.625352121730455,26.904596844168776,2
2020-10-16,88.62498908535161,15.715699431004149,19.609771273839293,10.173637124879791,16.06023763052641,86.45480897553074,140.27383260083892,5.301901332406748,39.439857253522,2
2020-10-17,4.575037490857414,79.38465524031922,61.07800710757682,3.348680601263576,10.805577863748422,33.81900039545664,109.509546374976,0.05691431377269469,32.168493116537014,2
2020-10-18,5.602228312382163,26.54315080861207,28.068321551597432,43.86752265664193,1.5856056926238349,22.116167634011887,58.00126128933821,0.20339823687239456,21.297166109311554,1
2020-10-19,123.39008409894872,113.50816965231164,20.69925784384268,19.470246948943764,11.317011206264931,4.723425578367539,216.48332606288943,1.0775657708406814,48.851365888113214,4
2020-10-20,54.02859621168943,137.89299382745315,51.65726284459791,27.08804821337816,18.160370908433247,2.6216054383442167,169.63014281102718,0.38899439577786904,48.574812907316016,3
2020-10-21,19.05907689778272,160.1173398218166,0.5505799160420821,48.40329060253794,7.926252509964411,92.9382723743749,158.72258510213285,0.1182931453489773,54.83246868708644,3
2020-10-22,78.33648900822065,40.03004884896202,0.7664032649225327,3.3282363957111425,5.926516037996001,16.132011284346,92.6017166580008,1.9092467887764266,24.086617473359723,1
2020-10-23,115.49903296479162,33.49651645181395,21.906880910185777,32.41590037260478,2.869389140360401,56.1264739165381,181.84563849989655,3.3481361263281486,43.719032292715774,3
2020-10-24,32.37315412452648,20.91356806688005,3.672136250082114,3.7052711287433535,3.0289104387071464,72.70761782153797,73.10312190144286,1.477310953000618,22.733442971746182,1
2020-10-25,93.43357137285004,127.28604990872734,10.802575413069135,18.77344642332502,8.655429686836378,51.40221606826155,173.20516788093985,0.7283221475704174,51.725548145511574,3
2020-10-26,12.8021197490652,141.29514529738023,33.88606493387516,40.190727259672336,11.913596483230592,3.2527982803479727,153.2906900120784,0.08996877386301737,40.55674200059525,3
2020-10-27,7.752258175291154,6.317228965128408,80.25856795798128,21.67361163778172,1.612308103392035,94.02018031054908,124.91474126118032,1.0594527261940219,35.27235919168728,2
2020-10-28,79.7031947352222,187.242449248738,57.204864336930086,49.85911769514752,18.791371780503315,1.2615869449984185,250.1438750181032,0.4234071276341329,65.67709745692326,4
2020-10-29,81.09526824151598,10.394256730294485,51.26677259564164,27.952964247330108,15.10267234890392,91.42678732529808,180.0523247795484,7.117205637986364,46.206453581497364,3
2020-10-30,95.61448522473098,108.25926706021409,29.34888232081217,16.058107631797675,11.732478365673254,107.19653925457472,238.18176915029923,0.8751155649985891,61.368293309633806,4
2020-10-31,108.91370005839924,141.8121038901833,93.17537194328165,11.005566295237657,16.568773418779816,51.940790526860674,287.402273367258,0.7626363388788772,70.56938435545706,4
2020-11-01,146.37781191938018,174.19382474921713,39.70150412371917,17.52602671430809,1.6037351362422658,64.26509677173578,262.78807772658035,0.8355192434945358,73.94466656910045,4
2020-11-02,77.4450522451793,142.81738642648557,8.70927667957715,18.62666368797754,9.536777554662487,57.23800711411845,198.35437947083196,0.538495756107809,52.39552728466675,3
2020-11-03,48.443470941186895,160.34561661395836,61.70665161178013,3.4356838861980488,12.601862537233268,46.70503423481266,198.0390233949176,0.3002465883972205,55.53971997086156,3
2020-11-04,119.27792921530556,67.89003850856122,11.38383934766014,18.47870997133866,16.573058122365786,106.49094424444324,210.9263643219744,1.7314249171232856,56.682419901612434,4
2020-11-05,40.624837689311136,162.96502274930245,34.52231428016921,23.211925986961248,15.669391200985354,107.27202128039886,192.1637093910084,0.24776526729987577,64.0442521978547,3
2020-11-06,65.84571310584542,16.02296927693503,50.74119387178089,36.13688761194023,5.541384994267993,40.29796375698415,137.2915977443075,3.868050986560958,35.76435210295895,2
2020-11-07,11.768457201339894,178.96333121210552,87.42225246851758,32.8364742360804,18.81760339118409,73.80837048176376,218.12484797814076,0.06539363948242069,67.26941483183187,4
2020-11-08,3.8026115123186255,109.51847523074724,49.35465803401187,35.438282761457714,2.486916828617407,111.2289074575037,168.62293338360166,0.03440702112818061,51.97164197077609,3
2020-11-09,144.39726220168876,163.45955399249874,70.22587660316643,0.4181840938428549,17.502672372423042,115.4470198729622,319.29862892451627,0.8780107856079614,85.24176152276367,5
2020-11-10,125.39701807683088,90.46365690366002,99.28168389990704,10.883369979026805,19.41880499209237,61.0750848506457,242.73873855362405,1.3710037661069396,67.7532697836938,4
2020-11-11,104.3961309140547,128.715539039305,13.148911989798162,33.084214419992826,3.5430704644525117,54.33897663411921,201.63344672736287,0.804808211007177,56.20447391028707,4
2020-11-12,61.34294166214048,105.28053218722263,27.47315255195195,24.19946840898736,14.441321284075704,33.443317911423094,173.05863862326237,0.5771794739800458,44.36345566763354,3
2020-11-13,25.994148010626866,146.31790435106635,39.45760755976464,0.2656737834172973,0.8057103755599693,115.0646247828492,166.6181997739295,0.17644934690817646,54.65094481054738,3
2020-11-14,23.46555640066291,16.325996406117916,42.18281785388314,40.22473212159112,8.108456502783099,17.137716536744083,102.0415890114882,1.3543553773552137,24.574212636963708,2
2020-11-15,37.5364347246893,12.07041679811276,41.102107526554576,38.64047866451687,10.32566598395348,69.579549125727,128.6566923582259,2.87186210696121,34.87577547059233,2
2020-11-16,82.38399970591807,49.42064680202929,90.76110025565548,27.42095814967813,11.612904518192682,33.906032102236665,198.0334974613092,1.6339338134512458,49.25094025561839,3
2020-11-17,107.18938840500935,31.90893602263767,71.40326444668564,3.323166288813606,18.71874496497119,33.480994841735594,181.20828224577977,3.257151441519563,44.33741582830884,3
2020-11-18,99.0296065076597,174.35671331844034,60.79052140907037,38.32575247662923,13.445013745883896,48.59623048514261,251.32405486167025,0.5647323369241424,72.42397299047103,4
2020-11-19,41.99008454189143,43.84279747160886,30.93727178627821,29.1856793865682,9.62555902438474,119.85515229787856,140.07072681850065,0.9363841443762834,45.90609075143501,2
2020-11-20,143.2297920994791,195.17305116382627,82.37903842212947,39.09799885789796,16.193500725317787,6.595956820778648,317.6005439973764,0.7301196125040964,80.44488968157155,5
2020-11-21,110.68453750436528,67.37915835422137,95.5060511484989,37.58734961979202,19.01065641908818,69.42501818442378,256.71803536256505,1.618688210974919,66.59879520506492,4
2020-11-22,83.15310787671011,36.423583137739854,82.11982825502265,40.15010359789186,0.4413229736458168,9.90865896423326,169.28375162339128,2.2219440498431124,42.032767467540594,3
2020-11-23,91.75811193515284,157.93970142849582,0.1565105191472904,25.90040332023124,19.65042544512077,18.54249959886228,188.8896219348421,0.5773139820350877,52.32460870783504,3
2020-11-24,62.94000936416849,131.74155510017522,63.6401370183407,7.016225909675749,1.7226427812736067,52.74755301274784,184.57812775350425,0.474154527696093,53.30135386439694,3
2020-11-25,37.15964842517362,99.6391432906278,5.1135381442100725,33.557873668984435,16.287735585375227,61.25521576157296,152.89165756413877,0.3692365337199187,42.16885914599069,3
2020-11-26,53.39590179768924,111.07271018752624,25.760722033372183,31.02368925259853,5.60669505102825,31.05508900374288,149.01541583557648,0.4764398193667689,42.98580122099289,2
2020-11-27,113.67691656965536,143.84035565445276,5.952470034777169,37.11265935995436,2.643593155077435,37.97485570492994,193.4545647117933,0.7848428433913518,56.86680841314117,3
2020-11-28,2.1590232944633803,45.69094826625975,60.37954529493877,8.494050302536765,8.797112794276698,10.436042430711968,91.46314089921532,0.046240724907777336,22.659453730531222,1
2020-11-29,17.410896076037435,199.2667832113484,68.65899134926067,9.748759995014462,12.879131588952273,36.38637406131007,191.5696598239292,0.08693851170347665,57.39182271365388,3
2020-11-30,6.900396303262912,194.9586324293566,11.448763806590511,44.52047586096642,7.6190369004695,115.9870127256653,191.29195039449823,0.03521353572290578,63.57238633771854,3
2020-12-01,6.109320347845521,130.06513726938738,38.38388830449795,37.49888992260354,1.0913081656539791,113.3648858006978,181.69199541304363,0.04661285582975895,54.41890496844769,3
2020-12-02,128.3190876016511,39.908490185829024,45.6236508955542,45.411424435016144,11.989222793174331,40.1853948164382,208.4517783290601,3.136734868941746,51.90621178794384,4
2020-12-03,105.54867890700356,136.04564848625827,36.90530217609166,37.93576605819604,18.04806552221349,68.5024723534514,247.59302316947367,0.7701716914972827,67.16432225053573,4
2020-12-04,71.12607436309878,14.439681795835169,12.102500048519303,29.85776529951509,7.664307318945034,109.15144693331332,129.2763300494618,4.606705973842345,40.72362929320445,2
2020-12-05,14.675124097650222,6.130500441161213,41.89477901874754,32.70663685139368,4.326655552616541,0.742058716907601,65.7497958832686,2.0580777210162204,16.74595911307947,1
2020-12-06,73.74238126752485,51.53657770224274,75.11780478084181,44.456396197000494,8.851546918656307,97.28202844051104,216.99295898501197,1.4036388454053574,58.4977892177962,4
2020-12-07,71.02076561708485,92.52459134786326,7.100766453325546,28.940337725597026,0.9672542209756174,113.80434633467029,156.25217731461936,0.7593806569325089,52.39301028325276,3
2020-12-08,25.98028048650228,173.6545010816761,8.018001408190345,31.61956621641937,16.409751689605496,10.959088120026848,153.3566783454375,0.1487524245043806,44.44019816707007,3
2020-12-09,65.07774738569596,145.4338139532616,35.47712918359842,7.823835800180029,16.526816219003734,19.373722323950524,177.9389310469461,0.44441748547550175,48.28551081094838,3
2020-12-10,59.775710159606014,148.5413042399962,94.1725711618925,23.69606100580513,11.760009268592569,115.28955633256264,259.3423620951235,0.3997270885351717,75.53920202807585,4
2020-12-11,92.37751470783247,85.09866688961507,66.85726467229141,35.81985559790495,7.062057778767789,64.50481723684156,227.27271172263053,1.0729261909045276,58.62002948054221,4
2020-12-12,95.26404763014656,69.18699850939258,67.86699566725648,13.54713491581827,15.995667288915667,1.7035961366068442,184.8618394385361,1.357289094181711,43.92740669135606,3
2020-12-13,6.795601465806678,74.20775259692054,36.1919990837865,10.112709026226746,11.093740495767344,30.9158398516235,111.07380361589664,0.09035772551571938,28.219607086688555,2
2020-12-14,56.19189219397068,197.5299127472116,59.36607912085384,15.69134041122078,16.518646171000324,53.993240912263154,221.21771252297768,0.28303992792018146,66.5485185927534,4
2020-12-15,93.87898735713546,8.021838282496496,1.0131184027743378,12.075031399641672,12.629175851660412,83.14906932297212,133.05344241655035,10.405749296046741,35.127870102780086,2
2020-12-16,75.47043878701315,173.40629922448971,63.60960464095422,10.745631851819793,15.688109464255946,87.97924537641595,248.20926753391137,0.4327277118005367,71.14988822415813,4
2020-12-17,128.47347617824835,115.73508171447868,91.32869475762368,21.242542143404343,11.9712598643552,119.45058155105474,285.183754977008,1.1005558422658281,81.36693936819417,4
2020-12-18,98.80404474284175,87.7230838379181,61.25734683448192,45.39192569417671,8.282821364313325,34.501343926051085,223.8381027330917,1.1136227514740116,55.99342773329715,4
2020-12-19,24.440164062214453,145.0515320830273,87.3698593466345,25.352982336935916,19.15891719852275,64.58641222421703,234.7729116629764,0.16733931998960971,60.99331120859199,4
2020-12-20,10.585312110064477,97.33378828494055,72.39730554660937,9.396019040766152,10.822276497576894,63.9988257431526,148.62038753785006,0.10764674375598704,44.088921203851676,2
2020-12-21,96.36289173094734,174.68464761633211,12.055841640369025,3.848583469043704,12.101790370810768,48.6774311336685,210.59367109254325,0.5484992174238746,57.95519766019524,4
2020-12-22,3.976696581243272,180.1403728022517,90.24533072858418,34.80780725689626,4.409752788294985,20.299427261090425,190.24169270232207,0.02195367338447831,55.64656456972681,3
2020-12-23,87.8663371910195,84.34418537469108,6.644384435577488,19.139938221819392,12.51301578854553,117.2947875820611,179.6439770216007,1.0295527083099485,54.633774765619,3
2020-12-24,141.03453621374365,55.36555944701031,53.39674725477638,41.09154732926796,11.432152989658878,102.39806239999032,235.5836200430733,2.502140271424633,67.45310093907459,4
2020-12-25,86.32112668138184,118.47006571867244,14.213712379345766,32.97553843203851,3.696767958940499,59.79996339530847,178.21619761942304,0.722533516342499,52.57952909428126,3
2020-12-26,58.22548893097829,182.4726691233382,1.1706610730904066,39.81207252706842,1.1917419470628745,72.38945072208358,178.63219620552877,0.3173523839228426,59.2103473872703,3
2020-12-27,96.49323276635296,42.132437801133314,42.2034260127639,13.597301970922436,12.087186394295422,27.27132642715948,174.7896036114581,2.2371383971211007,38.964151895437915,3
2020-12-28,68.73793357372749,124.59331671269656,29.504070765415623,34.6179461230529,15.27384538700641,65.25444844700962,197.40776571283016,0.5473056638114773,56.33026016815143,3
2020-12-29,81.84251839739024,126.31204401850412,48.6000493797603,13.203099234685938,10.468027418440164,83.3964159745771,209.8925286097633,0.6428497714284979,60.63702573722632,4
2020-12-30,141.21972131647877,146.6226044830562,57.71998867345508,46.95342397251458,4.5354525063929145,61.82004340639065,292.5645886158263,0.9566266752371766,76.47853905971469,4
2020-12-31,57.91539567011614,26.31353702545196,4.373907230894735,31.81871407666872,13.330439533860698,118.83422047019296,129.95562129643938,2.1203916437533525,42.09770233453087,2
2021-01-01,144.17858457358713,143.16499293641772,12.300329512374564,16.225590008767103,1.602114532192045,73.36099874972714,228.38861098981923,1.0000942783465845,65.13876838551094,4
2021-01-02,135.80259629340955,181.8065041331282,55.86423964504254,13.475593114613632,8.836674096039092,44.51684551106028,273.1761203049352,0.7428761735660773,73.38374213221554,4
2021-01-03,29.368670218394467,35.93662177404839,34.316735317265824,9.546329253582176,3.267335167968404,92.65824331390056,121.50434822694174,0.7951098072273856,34.182322507526635,2
2021-01-04,10.404195131274818,47.50866498477553,72.9173487549448,34.73204794468639,3.689181021197667,20.45550138979705,120.4783754193654,0.21448116814882828,31.61782320444604,2
2021-01-05,15.116700206614,194.27901880832792,65.22916485919397,10.935780649896364,4.045878983164073,46.14189764475199,186.03605492873604,0.07741077509945646,55.95807352532472,3
2021-01-06,2.733273847732459,36.19539054189795,84.56043629899068,29.765163296374453,7.734141140879558,41.635074045310304,121.73165173352898,0.07348420887404371,33.770579861864235,2
2021-01-07,14.16644411338926,170.8770186739158,69.24928266692253,13.231751346267869,1.0230041124079523,51.81685141293328,178.83501612388403,0.08242197952168209,53.39405872097277,3
2021-01-08,102.45101601245352,98.45557128960697,42.99310773901481,33.09844723969343,7.955868818581964,93.81357911144715,227.84508484848791,1.0301184205570952,63.12793170179964,4
2021-01-09,10.678297269034347,49.44621488063541,67.29666223944324,40.74698642702696,10.234148942294016,58.1007638596089,126.97291752351045,0.21167687792436105,39.41717893634048,2
2021-01-10,47.8463445440642,174.14998025450228,27.53811742554185,38.90126215723266,9.665885699326504,95.28173403191552,215.24228821321296,0.27317356516136004,65.56388735209717,4
2021-01-11,126.73129664541818,89.0610510005331,30.63134987782127,38.042566546539085,7.655682008060811,69.1786683767839,214.0077422277902,1.407170971663078,60.21676907585939,4
2021-01-12,3.49079036037388,102.96347078593804,78.89851599207933,9.386120284612604,16.78293216141505,41.04833215890664,147.46979828433564,0.03357708562425216,42.09502695722093,2
2021-01-13,122.17027238834036,71.84667387995314,44.64195164015822,4.419247349225936,2.906533848410082,97.19744924201667,204.24885015378857,1.6770878597651484,57.19702139135074,4
2021-01-14,42.27821621600999,118.59017028698548,79.83803405183525,34.94744142436928,10.11393487562748,28.59476046637099,215.90700860964876,0.3535258467694561,52.39375955353307,4
2021-01-15,17.724724143248437,32.70477451700455,82.24223736682784,18.417360689717565,1.240828339131086,26.92595757597546,110.64033384180208,0.5258817006565659,29.875980438650828,2
2021-01-16,104.5105748046226,78.21630733035214,85.75623376612837,21.617311320167364,1.423113577558195,60.54035088658029,207.17091084908304,1.3193063186950502,58.677315280901496,4
2021-01-17,94.3414270169826,193.8824644670575,91.66352358412072,1.5574546396695532,11.477316993541926,31.30190951545067,259.0218601333998,0.48409397569441076,70.70401603613718,4
2021-01-18,131.62080202905796,51.62668654022551,43.09852205132962,12.97882246375246,11.32036849775642,1.0904441941459586,184.8843405895594,2.5010277234241762,41.95594096271132,3
2021-01-19,110.26065657058288,131.34733290825844,31.886681832113883,1.6838201937232011,17.56067025688914,77.79570327585618,240.86968511237708,0.8331158184125571,61.755810839570614,4
2021-01-20,120.52213955772729,65.03801284493898,58.21987465941139,43.95928863006238,11.157473513201465,61.33125857668776,224.745909101446,1.8250418867193983,60.03800796367153,4
2021-01-21,42.30518588569597,154.69462513732012,37.117242343762754,12.169834160926523,19.195820408097003,53.46213773917934,167.31224513712934,0.2717189873984634,53.157474279163615,3
2021-01-22,26.615931566958423,26.174732143669964,60.1074166800233,27.866858478650403,0.9738969679985954,116.03622175419784,148.63478417579597,0.9794367586124779,42.96250959858309,2
2021-01-23,112.59221274612877,193.96420901570892,70.55858626438246,1.9489660330565208,1.9601536956148211,68.54390207554964,252.99197680693572,0.577501959536875,74.9280049717402,4
2021-01-24,121.0252108900896,90.75790827672785,68.84050184921368,33.3423695652829,0.8813172314076279,103.61178933472614,248.2692427111374,1.3189621817129487,69.74318285790797,4
2021-01-25,148.575771300101,47.21009266929279,37.45528870201213,16.151367287704694,3.7055370066708,16.73402834461922,185.8275756275,3.0818395707987447,44.97201421840011,3
2021-01-26,61.89265153671397,14.69934946600253,16.68602016987528,44.89595934788329,10.82540221883356,68.30477557553132,131.85002338417678,3.9423704574985474,36.21735971914,2
2021-01-27,55.80271286891748,33.95158101750815,43.05293384622075,44.40590944670179,12.91144362854856,104.15755520770834,178.57352608378406,1.5965719216239307,49.04702266926751,3
2021-01-28,116.46194411129952,103.95478971120352,14.259414408190874,16.264530918087388,0.911703158973376,69.97269087358777,186.86052515087476,1.1096391544564987,53.637512196890405,3
2021-01-29,51.120531037952674,67.40063528625726,89.00970351838083,45.04804478452339,18.919417796911983,86.16170137524018,212.68722585272064,0.7473692433412761,59.61000563321105,4
2021-01-30,139.6135988405347,165.77667317652188,34.58774607378574,49.80788367493894,16.84330753300762,44.64522813746488,281.54973262250104,0.8371290551692628,75.21240623937562,4
2021-01-31,128.76191277645177,86.17750473236119,15.445974722332378,41.2707832061974,5.932249643141862,11.093942044447992,192.94551588848785,1.4770084687759366,48.11372785415543,3
2021-02-01,64.34910410625275,49.742854517525984,2.544775990575088,42.24356738776145,1.5437506045293592,54.94803541524857,127.8250556270797,1.2681411938310907,35.89534800364887,2
2021-02-02,112.6306601687246,123.428997320806,64.58223862864843,12.450436805454496,3.397741464381145,47.3375269006629,230.84989174914327,0.9051801637389826,60.63793354811293,4
2021-02-03,113.18143111270236,141.35544337708916,63.69023174547432,28.83511994288781,2.538888275099453,104.04722188547368,275.44938406446755,0.7950621938136431,75.60805605645446,4
2021-02-04,15.46858032538989,33.408381580189975,34.060416658129164,3.3627956983683926,2.465675585978937,29.27943628229667,72.79624782692774,0.449558497523047,19.674214355058837,1
2021-02-05,135.382936001935,33.52384325766353,7.171188884765101,4.745896841083486,10.371233773314678,116.00810730421296,193.208849307126,3.921432935247816,51.20053434382913,3
2021-02-06,75.78785586717858,7.334285386708594,40.9628894895232,49.94463060166453,4.916948849868006,114.97657437653952,157.53188043879436,9.09350380394269,48.9871974285804,3
2021-02-07,123.96861991616124,147.2804030131281,31.12174950633936,16.331962471295547,7.162794330582889,29.71579716857264,223.2346103333184,0.8360418328859384,59.263554401013295,4
2021-02-08,48.00744015459176,132.76090552436102,67.71206397350093,37.40919560244232,19.790106667686448,41.76623465727846,213.94303237261525,0.3589048681032477,57.90765776331016,4
2021-02-09,134.32848427443008,94.92617514996276,60.57792494526903,40.33325265134082,13.686284978506896,107.4666889048662,284.12411803532547,1.4003319121650837,75.21980181739598,4
2021-02-10,58.38025181012447,168.83408979383944,36.459372819754,42.90116355036146,18.979613340940027,115.9946665075329,238.93951631658524,0.34374872489375896,73.59152630375871,4
2021-02-11,1.625647722044754,161.13403059001064,21.78925542549901,49.88141487010783,2.851131100662312,53.21269234032528,144.3095633703949,0.010026567008350886,48.41569534144165,2
2021-02-12,135.80729646288955,117.07087287935045,98.8035966155592,12.074824262843393,7.642789496651385,38.51964547690774,260.1340477834977,1.1502184505882573,68.31983753236695,4
2021-02-13,13.693001517920036,173.65425610265171,45.40016211961149,2.0175413429849853,11.094636065647084,63.13128159018505,171.37399164925074,0.07840061744542932,51.4984797898334,3
2021-02-14,47.89704563856223,41.16824200735365,68.82742357802371,20.5595758997293,1.5351612377747603,82.53230476388818,164.1500771277754,1.1358558801244203,43.7532921875553,3
2021-02-15,142.50929505762073,22.383923879545577,14.05529675783608,6.504033491447347,0.0837488725591573,32.81694184499757,148.06807546160928,6.09432770101842,36.39220665066775,2
2021-02-16,142.5910720406334,53.949922303397926,48.55896996593978,1.1212944581027562,13.40868667593835,88.37678095428873,232.2100279615557,2.5949276370826833,58.00112106638349,4
2021-02-17,86.01568321849291,11.417371217862971,2.7536719869465487,18.021341357074306,12.836390336028709,6.198882853756924,102.52870992440752,6.927044517663716,22.873890161693726,2
2021-02-18,94.77558182546989,106.2339056002064,50.545511791044994,39.18691255376182,8.215776199992234,5.915339131729973,196.3489005075284,0.8838210386443993,50.81217118370089,3
2021-02-19,67.26682829674796,187.3211384589923,96.40174071177024,28.309034561253544,9.792881520640652,46.35452461746543,257.1822320192689,0.3571921285479887,72.57435802781168,4
2021-02-20,43.98161575470968,7.868708133701929,38.420671298580025,15.638899460517704,8.308860011841793,42.41678304728647,107.30825713152912,4.959190796636477,26.105922951106265,2
2021-02-21,49.2996818054874,24.42198280200536,3.899601257491159,32.71710027463598,0.4801008968977771,37.87598584405827,92.84898120312,1.9392539987714295,24.782408813429324,1
2021-02-22,100.87776841155576,90.43980565668706,3.095579091934353,11.600909015440536,6.707432124349248,58.9223715202692,187.4134601277049,1.1032150351489565,45.27397763670603,3
2021-02-23,112.856179415652,186.77500350558097,38.79867599468695,0.7190723036042512,3.5416451079457967,38.48802987738855,221.3234079818889,0.6010181190719441,63.52976770080975,4
2021-02-24,118.73685655887728,63.2312209953501,16.002493646319405,38.21766932182137,1.9684837820273748,23.07095021617103,176.91847540088608,1.8485847648369165,43.537945753427756,3
2021-02-25,118.44272141918309,101.44696173767848,2.335209632818591,31.187154243200453,19.134408677787,37.13634589063211,192.60809336122503,1.1561369845448681,51.61380026688329,3
2021-02-26,13.680915457303556,8.31457181007842,75.62136139501769,38.115131225048,11.987194500843312,116.9885127372282,139.79706025818703,1.4687648274395961,44.1179478542532,2
2021-02-27,74.16304570538722,29.66864019241777,45.85230088818907,1.9469008343832803,14.573125684732052,49.33361003938183,140.17009354454282,2.4182045646654595,35.92293722408187,2
2021-02-28,8.633814002496642,197.32602459176937,28.924477197265453,41.85598139153261,6.30727486532235,53.36553322300029,179.32707183294795,0.04353343954868417,56.068850878564454,3
2021-03-01,82.42933234856034,193.0237392872091,90.00831830164807,30.976310001815165,7.862942589880304,69.1853987941368,307.97948773384354,0.42484147894161545,78.91434022054162,5
2021-03-02,66.22957520600656,0.9879961868819233,11.61389602005256,28.169767535632005,4.73847987793447,118.0008922097072,128.13277661085405,33.314739556862264,38.29010117270246,2
2021-03-03,133.15562741374495,190.36235708464775,95.59188289553192,31.23070240572658,1.9393134193084949,28.99215317229156,289.3988759950756,0.6958297830478987,80.21200606520854,4
2021-03-04,52.6372518828118,127.82398756310008,31.39667173773528,43.2216623434182,3.580632748831676,81.75385326389205,192.58668086471428,0.4085982190003956,56.73567658996485,3
2021-03-05,17.56005246414088,173.58365890400444,88.84036723086813,29.346825327945357,15.950280905929716,85.9181632250069,208.61234141156564,0.1005824518421644,68.5332246763159,4
2021-03-06,21.44875230792538,90.94797112677182,60.29428764794616,29.047518994408968,13.550916103675515,72.87893001516791,162.69532883326636,0.23327053381475105,48.02806269931596,3
2021-03-07,114.22659475762084,103.11920571585004,82.67073597414874,49.53395785328829,10.938577519709538,10.629400756397288,244.78750145114788,1.0970751646853194,61.85307876283579,4
2021-03-08,92.73270949743916,97.76931605138404,98.40131632104642,37.8365083534284,9.50179745733536,81.22467309930917,263.6411428412105,0.9388817621172513,69.57772012999044,4
2021-03-09,15.168401418418537,133.37285150922088,28.84054378187457,22.114690272556764,18.44868567312249,7.691365324341057,141.69492743001666,0.11288293169381508,37.60608966325572,2
2021-03-10,12.616020917249616,27.93025095126258,96.1135485407593,35.369850001646384,1.454698955573368,71.53711794598763,137.44771623828422,0.4360840470586732,40.83691455207982,2
2021-03-11,105.145369718868,5.994717974535591,38.94818949024204,19.461523584589425,5.612016264758319,88.74974126660912,165.09887255491208,15.032109958064327,43.98525971660042,3
2021-03-12,10.914450954629029,61.58598831823818,38.55119047369223,11.44377312417495,6.998757071414281,25.31638687439405,82.1408799368356,0.17439128546043028,25.801757802757123,1
2021-03-13,123.27900889355344,140.93615254732933,34.03871042545057,29.84259384438797,15.648516244255756,100.99464090513288,254.024832426762,0.8685525617051331,74.123270476685,4
2021-03-14,105.93633407347444,40.37069042458968,54.14076073475852,46.409104905697575,19.850292403239425,3.642456663960512,193.0996015511299,2.5606614969739203,45.05827320095336,3
2021-03-15,12.202317096284965,134.68648666498348,15.41450431784871,46.45697600077314,4.813410295143061,101.25754363899674,147.86866686773914,0.08993023105103368,52.47187300233835,2
2021-03-16,12.725657112778787,193.98240922145408,55.37114853580112,17.095263905274514,17.486146682741612,55.23948607713181,189.87575005877716,0.06526566762402365,58.65001858919698,3
2021-03-17,147.99593677517632,18.78014315788368,54.1704812410004,26.38387331108475,16.612455208635826,26.11055279179734,196.98017305993287,7.4820457867207235,48.34224041426305,3
2021-03-18,56.14061936341805,134.52042364502526,76.190181260487,10.58179492849306,4.493147952835333,16.05337739927616,187.81692713284863,0.4142594736160927,49.66325742492248,3
2021-03-19,55.59632206003364,88.75004386091423,83.36499619375856,49.78155547494417,7.986651603984452,114.3968601098847,248.03754167928625,0.6194573246804351,66.64607155058663,4
2021-03-20,121.91993508862538,173.62845087550107,44.044135031242405,49.05589539339679,8.193457385850383,8.719870509738804,242.46078528968613,0.6981676495289219,67.59362404739248,4
2021-03-21,142.08728660757882,35.42995788947718,30.233324935149376,32.475446485372366,19.564413370531167,23.89121039231108,180.6676749380564,3.9002868748476054,47.28027328006999,3
2021-03-22,147.90015957343064,138.5251904452329,25.933489731709447,40.22070298387367,3.6178380275779674,41.73868169196552,248.57124553198747,1.0600247819155288,66.32267707563169,4
2021-03-23,113.00672778884125,167.62305792962204,19.462383670487192,35.755008064185,15.98315942209564,74.42818187533446,253.6066787933335,0.6701736356602351,71.0430864584276,4
2021-03-24,56.43893782963737,188.92284389480463,5.764758219902488,29.65791095197341,6.683854283462198,65.3761302331318,195.7951635521697,0.29716771649069257,58.80740590215198,3
2021-03-25,12.525107504800314,136.64960565792916,34.244797883471335,2.6673998494448847,14.617406915523208,15.077219089477678,118.6400359683202,0.09099268715615691,35.96358948344109,2
2021-03-26,116.57203738911552,99.43495280168544,27.02476921307833,22.738217127633053,8.400220085913258,34.76735804858576,194.99612334637172,1.1606719985152347,51.48959244433522,3
2021-03-27,83.76063746037076,123.56944804024278,96.64173858664074,33.739315108370526,11.5671952623308,28.65021253032289,242.23170491772171,0.6724011286725095,62.98809116471309,4
2021-03-28,63.63330138704645,173.78099689574364,55.77088262500439,33.876580694184234,16.652235466522622,25.625142538840965,232.8040836733777,0.3640744847393423,61.55652326789038,4
2021-03-29,135.9531577642104,114.12194932776592,34.72770390305075,18.65613092111918,16.083311299677682,49.337320377598445,215.9859927776248,1.180949059306975,61.479928932237065,4
2021-03-30,16.679622345922702,6.077411939367372,58.0467600993696,47.084599332901526,17.328463670794005,84.48377431099883,130.965628153521,2.356740357749141,38.283438616559,2
2021-03-31,73.89376564362887,186.1897391013956,13.91967013456955,8.36785161183905,1.1923465068931804,26.094351866068312,180.62330266894483,0.394753291491061,51.60962081073243,3
2021-04-01,1.7030467151128603,137.90535020631222,44.40437492022029,25.01797231077803,13.841011060794896,44.00146556435777,137.28669344021856,0.01226048321812927,44.47887012959601,2
2021-04-02,70.29909629911894,135.30267715544932,62.62343214210638,34.54419882754114,2.7997475344352574,46.91009122093947,227.0490430000595,0.5157572673275143,58.74654052993176,4
2021-04-03,8.445491352275603,43.13503047954343,48.889783179245136,34.85679029459046,8.316371360368219,117.17478353224922,131.46137955876176,0.19135573852588783,43.469708366378676,2
2021-04-04,17.82268744021079,131.77709404653143,40.177880065432426,32.43194783844078,10.97176830109377,114.55996282548828,183.0160314554084,0.1342301363664795,57.95689008619957,3
2021-04-05,17.628937016565732,78.77288113083169,99.3848388899698,13.764410672593009,8.054789694936614,96.01650993024911,182.5337594711686,0.22098909763147898,52.270394555857656,3
2021-04-06,97.38154531740952,130.24659540829842,88.0314762148927,7.810328434331098,10.39223351606015,28.99907049830222,224.37655484485643,0.7419738776039314,60.47687489821569,4
2021-04-07,111.9067318898135,21.318606061598143,62.34059581594401,31.797016341335546,19.930526175972386,8.164477691000362,165.6388495753431,5.0140556081753935,42.57632566261066,3
2021-04-08,87.50531476457394,131.5690609206072,56.93773611822828,29.965105806971888,2.7043462742570945,38.02849652647497,206.9830260271617,0.6600734300816916,57.78501006851889,4
2021-04-09,144.32588227118129,199.8827451541333,62.06604798245841,8.967800514462049,13.509120906728512,32.0153459320597,299.4877450385598,0.7184583332950918,76.79449046017055,4
2021-04-10,56.23058692855561,9.642407772111206,20.131210782243325,35.25695727852817,7.920019327712304,60.711096017567264,113.0951998777039,5.283633941927107,31.648713017786317,2
2021-04-11,42.85681294227911,195.43483684426343,39.51377432643186,22.75859958668282,2.660195978146576,93.32734920813516,204.5784436054632,0.21817317961913577,66.09192814765649,4
2021-04-12,130.28986922841904,81.38159214457413,3.945953289089932,33.38802958015765,3.1747352674861906,102.99875266546296,221.0311614074298,1.581541043777949,59.196488695864986,4
2021-04-13,33.5393757779179,174.15069006745182,47.554603748682666,41.868353988507536,18.98546212491234,101.38369024926102,226.6487237251376,0.19148868762664673,69.58036265945553,4
2021-04-14,144.4833809160917,156.4770968116547,54.30245839576632,8.486421428846159,17.592029934235242,43.161067346768135,264.9244726160616,0.9174882179146109,70.7504091388937,4
2021-04-15,1.8231712034724512,113.40325219733356,22.77497361032096,0.957243399841834,18.14083920830044,82.46812121528195,125.48555529879076,0.01593635817561963,39.9279334724252,2
2021-04-16,145.48182400614584,147.6898418502653,96.40288471655136,38.955129319789336,19.83065551654773,37.54010370290641,321.65661056575226,0.9784247679316922,80.98340651870099,5
2021-04-17,6.473986792586417,175.7031122602696,90.9454610937242,30.4848712576308,4.166307800170359,7.308665188221926,205.4737694971569,0.03663765006612193,52.51373406543389,4
2021-04-18,133.67146705471066,80.8280643302066,72.21432354559059,34.98197848110608,7.1087867472812345,84.18783187235307,267.23582127751746,1.633565062901851,68.83207533854137,4
2021-04-19,79.15516636294498,65.40663231264774,53.33866287653626,41.90774874943213,13.384380598497334,1.1793063083745414,182.62522723579536,1.191976819277269,42.3953162014055,3
2021-04-20,148.94471941789504,133.51867711271694,86.99691596476849,40.14054674122502,9.676050797212945,49.10191049501863,294.186831236368,1.107241928145711,78.06313675480618,4
2021-04-21,11.06948471030983,161.56918838825172,13.065234382346292,48.04600734644124,8.36779066756667,39.525512316249085,140.69598590549572,0.0680909145211048,46.94053630186081,2
2021-04-22,83.07814266019811,152.45702695532316,79.0509794274885,26.79675394260591,7.156224986711861,83.20530462226229,254.4508034037624,0.5413772461810116,71.95740543243163,4
2021-04-23,145.39538034286485,159.5627297717269,12.48208139668483,24.42478163299527,11.875612638869043,91.94945673124548,268.0295283377082,0.9055363006693672,74.28167375239774,4
2021-04-24,78.46467662552232,87.1166629625866,79.42106625494054,20.094359994536504,11.51186857280164,36.49135631655406,188.15353198538855,0.8904635512449851,52.18333178782361,3
2021-04-25,94.40979572028938,163.5668432350043,27.576756825135696,7.684552142210227,3.2291566812848016,97.39524173338242,221.3371116641239,0.5736866179384055,65.64372438955114,4
2021-04-26,104.36230334769256,24.04181107412169,87.7090581018189,28.63036164410112,9.43479675036878,35.27001126059205,200.6778034697088,4.167522190738872,48.24139036311585,4
2021-04-27,68.18115971516599,108.89781959216992,94.4042093825398,13.85062621629894,11.069435524196996,53.55916319838735,218.377251067088,0.6204050268529969,58.3270689381265,4
2021-04-28,94.13371201260952,1.151732099624314,14.879596940511563,46.06537561064877,11.40573877462781,87.24222324169607,164.14271161233333,43.747877363099704,42.47972977995301,3
2021-04-29,87.64714678846504,64.91716598005407,46.26756050653936,29.15954021385488,4.202143858247036,83.15042750697462,192.41106468027616,1.329655871658473,52.557330809022496,3
2021-04-30,135.17370157364834,73.29230697427957,98.09873781626852,29.642009025405507,14.845427845045736,118.484216677464,286.92392177151595,1.8194845076011203,78.25606665201862,4
2021-05-01,6.81695705121868,79.23453832185108,48.34074359731466,17.746233043850502,0.5039818964213927,27.019322905911825,95.6794017489866,0.08496287501366666,29.94362946942802,1
2021-05-02,42.14447843883455,139.09344133797242,86.35475225145451,2.5994675988853744,7.096637110863253,79.47814962474989,191.45902982514136,0.30083120263397556,59.46115439379333,3
2021-05-03,142.56172261148382,77.71162025406915,58.87315221313199,1.587188268649431,15.604252970712672,73.16182899309328,256.2250173893333,1.811190293775128,61.583294218523385,4
2021-05-04,133.53956758363745,89.73872452450613,37.53299079196019,21.166757207659877,11.277858421108046,109.8118145388036,244.88346624884272,1.4716932410436512,67.17795217794588,4
2021-05-05,68.34851291785694,47.50882617486549,28.57835555258702,4.228268904861893,5.223248650217204,18.763456997385006,110.93280967764731,1.4089912765869244,28.775111532962256,2
2021-05-06,93.01988967023053,74.65035832586801,20.322309108608728,30.34234777700696,13.899062386860956,90.21577963043195,183.47966312717173,1.2296027636715523,53.74162448316785,3
2021-05-07,41.6071774471699,45.45392545263029,76.17981913776973,44.04865028198287,11.347818883121468,68.1922339522522,202.6142778486676,0.8956654801884788,47.80493752582108,4
2021-05-08,28.2181739585642,14.639184753688728,38.65405068230279,44.14574082593611,15.924872189127743,32.95990437454865,100.2224779146748,1.8043251232714377,29.090321130694704,2
2021-05-09,69.55476074099732,120.68971867627558,51.12754622007512,32.95227050661162,14.700503723796468,56.93218969766089,203.2641625633757,0.5715746695579929,57.65949826090283,4
2021-05-10,53.00283420390792,133.64255971100326,49.23254800011819,10.56159157364655,12.202158440724691,40.05319164837574,181.18487338176175,0.39365587164766613,49.78248059629606,3
2021-05-11,87.5484167776308,123.8980692019229,57.72790292331312,43.1498415679436,9.76355350621628,69.5176083346153,240.883576157035,0.7009589286451751,65.26756538527367,4
2021-05-12,11.660195544747726,92.69880876011447,86.55771456245522,44.30467176566041,2.663642513350468,106.6800732977599,197.49939220224653,0.12444337018840751,57.42751774068137,3
2021-05-13,146.15922114992495,75.95715603584597,98.07393435834294,9.832679247647937,5.226660357707676,68.31659812946424,279.56403518870707,1.8992284626766256,67.26104154648895,4
2021-05-14,147.93161167194043,172.66672991436505,40.758420857381694,36.87130428853386,8.381989458341705,75.80669019919009,298.26037461481314,0.8518131926874273,80.4027910649588,4
2021-05-15,104.72425710296176,103.8163570272436,82.7518922106303,14.325977446356148,11.985985740127774,62.249741653765135,227.3364710392005,0.9991213210715013,63.30903519684745,4
2021-05-16,80.41445495161805,95.8363755259462,76.45277946547176,40.13201561764648,10.274157104306097,6.139860773457109,198.97914117272617,0.8304157865767283,51.54160723974095,3
2021-05-17,46.42914244294917,5.1284131612871375,57.352895145557326,49.86189499518014,5.76369051919059,27.94302682513131,129.21454005646402,7.576046395866325,32.079843848215944,2
2021-05-18,122.0692529560423,68.24956552523128,95.60471436119332,1.5013002664696409,0.129287155794211,59.04020753184993,244.0189672081796,1.7627439541344996,57.76572129943011,4
2021-05-19,102.70967588308189,76.03912375717141,20.04745155284028,44.86829328954659,9.924784438016278,37.22823404936457,170.9870394754849,1.3332144873145817,48.46959382833683,3
2021-05-20,24.392540901733696,79.7645561793801,10.92642103096214,31.131526679932904,5.712519771244862,21.811631731343304,111.6154070796202,0.30202036704761004,28.95653271576617,2
2021-05-21,136.63907767407636,116.03447384546644,85.39619669554222,48.669130958241055,14.692166014210702,60.4959410302126,295.5277848441574,1.1675113595545878,76.98783103629157,4
2021-05-22,123.38058643847536,106.72050934537567,43.91498166337483,23.25047587632138,0.4789253054096698,38.73717521374204,221.05970472628363,1.1453769313593758,56.0804423071165,4
2021-05-23,142.4699869937886,121.58101855868892,84.69688542070605,42.369396528568686,11.696556226115815,30.97291718080977,281.37207689547967,1.1622516166773187,72.29779348477965,4
2021-05-24,108.857926258254,152.97665230842566,89.30902051954149,3.1197034299138613,18.82948475012131,55.678250092845694,258.7563135934276,0.7069768346450617,71.46183955985033,4
2021-05-25,92.01227939036848,162.5971477432187,6.245759361907144,16.763952503914787,3.48818534222999,15.994110969860778,186.38453942955263,0.5624320512897358,49.516905885249976,3
2021-05-26,62.73645544359283,143.62461524529888,88.34647629860606,3.3508268875604985,9.432989815011908,111.32948796904888,245.42029781127076,0.4337882271090925,69.80347527651985,4
2021-05-27,139.909272503102,191.10473919098692,44.831905536942216,48.76715667395353,1.8284398363427636,104.12425175030867,321.13828168843594,0.7282968295956864,88.42762758193935,5
2021-05-28,129.90958342506124,3.646516535272326,51.04324890042322,40.84869536359184,12.513638245227051,84.91447028886424,211.08543263860025,27.95848942727316,53.81269212640665,4
2021-05-29,6.782800515928411,39.15559713670922,62.65925110932103,42.62737106229852,11.010633611924511,12.745659310614744,103.45155113678062,0.16891295359987932,29.16355212446607,2
2021-05-30,3.955046174587801,1.512574995628424,92.63826067300867,46.89826157169471,8.147310484256646,93.10527053636316,125.8928815517452,1.5741007458360852,41.042787405923235,2
2021-05-31,56.46950503170744,129.4949428309206,1.911609442976403,4.255174305989268,10.427540429474824,96.95487937308228,170.17477745165763,0.4327332830428052,49.918941902358476,3
2021-06-01,121.58299961727494,179.6061097899974,47.68434683178171,19.27987962566667,17.931493169380204,92.13175412572052,289.2463654736361,0.6731942776390427,79.70276385997023,4
2021-06-02,148.09141939724168,48.69645931525986,68.77220424305607,3.551744452200106,3.9258860462213407,13.67590645430894,192.4387885115658,2.979918920537032,47.785603318048004,3
2021-06-03,22.562533665529227,185.40690895926133,72.27069576982285,10.53965507750143,0.4512902341069447,77.26895484813177,193.5947679144136,0.12103914920052776,61.41667309239225,3
2021-06-04,89.11960730282027,12.05347805791217,69.2532431537108,11.468288851883615,17.23329769398202,100.11897548992782,183.57063839098052,6.827269093144241,49.87448175837278,3
2021-06-05,57.13362849465323,186.88720536110287,13.443512940812186,23.45536055237893,11.54234164775813,69.28240814636013,185.90540728797208,0.30408472138827847,60.29074285717758,3
2021-06-06,145.48715967219047,70.32453744792689,29.93955883716812,13.428108372682129,17.81316910923685,77.56888502737068,219.4491349145529,2.039791141700831,59.093569744429196,4
2021-06-07,126.3178384703563,20.284165689843302,35.87155254170135,5.048905340888055,11.938904468263452,55.00361753115674,160.74394107076674,5.934826871350403,42.41083067370153,3
2021-06-08,125.74930570667068,97.17435183726512,80.4437207679505,8.374554454705386,16.20322179919405,63.44487838608632,246.3580185491875,1.2808773712620392,65.23167215864534,4
2021-06-09,70.30397396924555,51.35531354410159,27.875987241455302,7.363778177604546,8.593467267102959,4.125223002207026,107.84952868100854,1.3428240461214098,28.26962386695283,2
2021-06-10,62.222925350649774,56.97458039238457,21.070496386720315,48.65383989561492,14.997198625765376,76.67556263679415,150.1049364940243,1.0732794429819326,46.76576721465485,3
2021-06-11,41.011060789605935,61.45799298525731,95.74480190380962,37.96462534592368,18.26082933779712,9.773665546939103,193.90809659302215,0.6566182938232782,44.0354959848888,3
2021-06-12,8.456324497639066,160.60517956653268,0.88632851134689,48.3880732634781,11.442459274444126,52.20175132082681,160.42524448303,0.05232706352804494,46.99668607237795,3
2021-06-13,129.708356438258,107.8322553350509,99.7820855681978,21.987024325395428,3.615703011247591,35.118611720088936,250.2338704940661,1.191819061719689,66.34067273303978,4
2021-06-14,121.93515136951164,62.26153983120073,67.68212988573956,13.91842408313283,5.375952300603963,65.45135402540556,218.15054902834896,1.9274768160065077,56.10409191593238,4
2021-06-15,149.95765099291958,122.06675666218368,82.84692994491171,39.91465986045933,3.972891537948116,16.00996026278485,277.09538339062146,1.218506565542724,69.12814154353454,4
2021-06-16,149.4955255610858,143.2301348446387,29.46193963461932,16.31269590205734,4.937140551914658,82.99720823679819,271.1756314958332,1.036506869539565,71.072440788519,4
2021-06-17,83.31475584039411,54.52480014670675,1.4315277667059978,14.969168685267414,6.128308987020727,95.40138443141645,139.3877569878078,1.5004962759030411,42.628324309585246,2
2021-06-18,115.34811227707658,82.70982030507031,73.78695185615301,11.62529961039156,11.10267573506377,19.60253396917878,221.0139356287916,1.3779519757264362,52.362565625489005,4
2021-06-19,141.7148594823642,24.37721866738951,83.41445970006758,6.483948911211767,11.759832589276655,12.51757048222586,197.9528125375305,5.5843337814034,46.71131497208926,3
2021-06-20,127.44710860161172,36.22986990693606,74.04761319535191,12.823153050838298,8.529994944837222,17.4618579344831,180.90295748446732,3.4232488300440678,46.089932939009714,3
2021-06-21,37.10221526147965,136.22357079299655,14.28502873008386,17.765987423694384,12.308415596416708,105.2553074278202,178.87373277200544,0.2703778588989555,53.82342087208189,3
2021-06-22,67.58162029651403,36.28766953912539,75.34279222569691,33.69971040728652,1.6314985122273185,63.38271141076274,184.89792927566765,1.8124388338510042,46.321000398602145,3
2021-06-23,19.373912272724247,105.03267673341205,76.8922782107641,3.128242110972579,1.7557647411631994,56.07131952090031,173.60481400971767,0.18271643110014327,43.70903226498942,3
2021-06-24,143.10765408880837,141.80925234448654,65.85405156700548,10.525346983267148,3.436589207153169,12.805418292282514,234.0216386826028,1.0020895126850886,62.92305208050055,4
2021-06-25,90.926195167632,21.375384618948768,76.61159327955862,40.45118201458382,10.361549960806895,77.94672081083542,208.8207530878896,4.063670712977619,52.94543764206092,4
2021-06-26,34.296420825519405,113.4624439257807,84.59214396777321,7.346096179188538,4.279893573966271,104.15995102741078,189.20838929785887,0.2996303385567912,58.02282491660649,3
2021-06-27,100.7551026608785,51.312556740272754,61.360411423745845,17.132257326126076,5.665688069851546,99.38230431881436,212.1776309867694,1.926021378789011,55.93472008994818,4
2021-06-28,92.71923606868438,192.58537504751595,8.860471396967906,43.23294609290701,8.006256723459881,75.12656507769616,225.16153558220705,0.47895785539546176,70.0884750678719,4
2021-06-29,53.72440770492607,96.70912934398494,48.76278096672109,7.746265557172133,16.237322480207595,9.033445998200836,135.71506772142288,0.5498402049596545,38.70222534186878,2
2021-06-30,17.03363882994435,161.19850995503162,7.764933467160507,4.136841780909495,0.2772427182572023,13.487643261121557,100.0295520562446,0.10501723372592514,33.98313500207079,2
2021-07-01,100.73597933891996,110.04530843125237,40.75430310324308,24.22689975400054,12.987576404732447,5.917078453178961,193.52088031364423,0.9071610567076334,49.11119091422123,3
2021-07-02,78.046155135569,8.682506570963833,40.71064891256276,15.12097556392682,13.377530620813706,30.89750597909632,122.33618425607445,8.060532111552183,31.13922046382207,2
2021-07-03,115.8477587603459,126.63027511880446,6.600984414024158,28.170418224192705,15.97311560713273,16.27937605924533,204.9943825012633,0.9076824339092678,51.58365469729089,4
2021-07-04,78.02452516679901,190.2806684413314,34.88205339694793,40.19024452417376,18.655058781206264,31.20576483029207,245.63234346425432,0.4079059624926514,65.53971919012507,4
2021-07-05,127.827225047781,120.32236402926624,11.099809879131485,6.857424407637158,0.4027569789857965,46.2069666862754,199.1483269808832,1.0536163391684785,52.11942450484617,3
2021-07-06,82.78602581617284,163.83777188535805,80.82352100092221,29.03495422771425,3.075674110264324,113.15793408853628,286.3643005641525,0.5022272800056358,78.78598018816133,4
2021-07-07,84.14069573030794,176.84129266968156,94.76880259644707,25.2754380194932,17.723425881119862,73.24512717380304,286.6440280053786,0.473122380450692,78.66579701180878,4
2021-07-08,131.49804039875175,45.615954389786495,7.231647525793861,7.203939300659979,9.170371243740307,100.19685428195548,173.55403509109317,2.820880578765171,50.152801190114644,3
2021-07-09,60.52242993185956,42.40896798164533,95.51152072917014,31.19992427644912,11.29181277866927,85.24218008547987,213.09371568297655,1.3942379362128658,54.362805963878884,4
2021-07-10,20.10228426759611,122.19619777019834,52.25765993367452,13.682020893038583,13.260544074462947,13.50037566319581,133.25257836480637,0.16317292766691974,39.166513767027716,2
2021-07-11,4.3174014470008455,82.20569396134094,29.95656779538739,24.391715927200625,13.581332089912747,88.31044876487385,136.81295853508942,0.051888293233955815,40.460526664286064,2
2021-07-12,113.27058835104285,167.97226057334407,7.686207527616351,4.113616213853094,18.63480806633017,33.01186578709493,228.16453170523585,0.670350198113593,57.44822441988024,4
2021-07-13,93.0464327030197,180.00462467960224,50.06242680704178,22.979202860681152,19.938988348233394,76.69294163936476,266.4598252600148,0.5140555544794613,73.78743617299051,4
2021-07-14,105.61196521488354,70.68427586054362,79.45155444907486,15.323173402141016,14.403149218618804,40.91543683715862,199.00912315778956,1.4732933261451047,54.398259163736746,3
2021-07-15,31.94462422633661,47.374111794896415,70.70864772666981,41.11906055926772,5.744424184103016,119.7206715917591,167.2863737600454,0.6603661140442241,52.768590013838775,3
2021-07-16,20.455721338015465,156.10510304877238,5.022601146397376,2.848936349868414,17.595048045886873,31.626177539613337,141.35577013319264,0.13020405410806488,38.9422645780923,2
2021-07-17,2.181699850182289,54.96120710962722,7.290183536790352,20.930363745916495,0.984418290815232,33.49565649291236,59.48032236073307,0.038985932628443305,19.97392150437399,1
2021-07-18,52.58813382098955,164.5228637027357,40.28732826326371,22.9215712065719,4.6216170574899245,111.6806706674878,215.91347038454492,0.3177091831581234,66.10369745308977,4
2021-07-19,88.48765302819496,84.74765072975256,29.52904940479433,36.250303814955934,17.947714349274296,2.9573285563587204,180.50858315828827,1.0319542550160115,43.319949980555144,3
2021-07-20,58.836606764959846,133.5099798582941,23.238432305604785,28.714378754510548,5.123830288787099,83.60267854478363,192.33555250636968,0.43741443443039735,55.50431775282333,3
2021-07-21,65.62123830355937,19.10706276693364,28.10044989087136,33.360616859709054,4.41302119243497,87.03916688830537,143.31259101811793,3.2635914585930696,39.60692598363563,2
2021-07-22,135.62380417406226,124.7718649353146,80.34827432968846,38.8524642825878,2.762505862804945,100.36542928924791,290.98598968726066,1.0783318212210227,80.45405714561767,4
2021-07-23,52.23832005349505,90.35353574744582,92.9228053631854,43.11014868290944,17.18223515293833,116.93271727661704,236.98989097146213,0.5718259247010655,68.78996037943185,4
2021-07-24,77.09842337397161,117.32169263509482,40.510269452756646,15.693774836123524,10.001165183821731,117.07223029879827,222.52196757320075,0.6516000714403558,62.94959263009443,4
2021-07-25,117.54795191117148,33.602841548972684,90.61110021324971,26.901135268195148,13.497864061083096,7.833210907975667,211.2252909424584,3.397060664651147,48.33235065177464,4
2021-07-26,59.481417348190526,147.37474898883642,32.1495701247882,42.00540392196,4.781327681500594,98.6207187303483,210.1589322128103,0.40088638904902785,64.06886446593734,4
2021-07-27,93.31300503418102,172.5594155086457,47.64369863437916,49.472556548252825,15.16080842022433,77.55719203888576,279.4529622783724,0.5376430011630957,75.95111269742814,4
2021-07-28,129.35455631201177,43.34796001815513,22.602899781599973,44.47596555218816,15.20011089924197,77.68105612477095,211.12741534504815,2.916809617828119,55.44375811466133,4
2021-07-29,142.42809354864633,19.142911104032343,64.0476042175844,18.57336313121884,6.251960498166003,15.401991193763376,182.7622104044844,7.070879318934894,44.30765394890188,3
2021-07-30,22.06102213935569,4.727717209267279,97.89811151748088,9.75832586093252,8.213652660205657,78.0224599734784,125.40791428945732,3.8516255836900606,36.780214893453405,2
2021-07-31,138.98814377422417,128.3943000886532,60.34930960433786,24.469626870329435,4.193805548604017,117.89790967214974,273.460138408446,1.074144252714361,79.0488492597164,4
2021-08-01,73.81744396193073,121.41880721775615,35.78140841135489,37.08207259180211,19.531220466458088,109.41822834473363,225.68087781312124,0.6029910406709463,66.17486349900592,4
2021-08-02,38.73665824484375,109.339482542814,64.78174459905284,24.62845353766488,12.912051541168232,52.695679296582064,190.8197220982641,0.3510679708853368,50.515678293687635,3
2021-08-03,68.8703634357392,46.38941922319509,12.292067846538757,24.159043165683425,18.69087761431031,4.793756794331321,112.0792145124828,1.4532856609061395,29.199254679966355,2
2021-08-04,147.00488629282157,78.18119918110294,88.86590802653987,41.91152105409003,6.067710872582664,43.47521880002458,268.78334179135595,1.8565630201759453,67.5844073711936,4
2021-08-05,73.89271409893044,118.8952670372346,50.30839507798363,18.07018895335932,15.637818259937797,99.16683739206664,211.79367265886228,0.6163105177119491,62.6618701365854,4
2021-08-06,49.31274154312623,99.35337177183388,44.93497420396421,42.98973374058228,15.31717287769484,84.17989217581993,191.2295233550812,0.49139097842417295,56.0146477188369,3
2021-08-07,95.01012814750888,197.55710404297747,58.58647884535192,20.340240047586175,13.83311303733083,55.12123867127477,247.39921884204895,0.4785027894390726,73.40805046533835,4
2021-08-08,36.02184281672896,27.287950511346622,62.47838627894025,16.41165528391697,19.31277950533601,6.612184219059731,113.8643060255258,1.2733988205430502,28.020799769221426,2
2021-08-09,11.379499216299587,139.02891080951875,7.177580622651303,22.69949555998495,7.871106722126311,51.22736733879631,122.8999477370285,0.08126535549347459,39.89732671156287,2
2021-08-10,19.331958286597384,80.86375362085843,68.26172212234025,38.12234793374342,2.614346471795146,56.28299276614602,156.82304605702234,0.23614795842529884,44.24618686691344,3
2021-08-11,19.206875843665863,85.63992298512295,24.19316803155296,6.300101393199714,13.434177184881214,111.42666394729632,137.7949748033664,0.22168620633427732,43.36681823095318,2
2021-08-12,22.78540402684415,143.51955313163523,71.39526325065899,9.82096079360087,14.586196009544125,76.93033242985913,177.77314866992765,0.15766312262320745,56.50628494035709,3
2021-08-13,20.82407589741152,138.48723026487392,82.25347943841967,47.5722412831546,11.501211469176294,37.39834999855787,208.17606898927,0.14929019565352644,56.3394313919323,4
2021-08-14,96.13121172048218,198.25119874043767,80.39585075525203,8.77458136906787,4.136357862667925,63.03819173408657,268.61344226897745,0.4824624008697245,75.12123203033237,4
2021-08-15,27.282012659871725,25.678857890825046,55.25009674078891,28.38636589655273,10.089118833387108,7.926636938659208,104.60672322708072,1.0226079681339773,25.76884816001412,2
2021-08-16,51.85009249857948,20.821929876833263,52.01698923107512,28.965723333096893,6.243794731382588,116.70818827796842,157.89323243447123,2.3760543999192714,46.10111965815596,3
2021-08-17,134.51826148590175,144.86776342574822,14.287596133941172,24.48122310251224,8.54933056333378,43.20718823168712,224.53824038431472,0.9221932134057587,61.651893823854046,4
2021-08-18,71.09424603943086,115.67738340128182,77.53461504031355,32.23726242884093,12.904371516893278,57.344082589576296,225.06026731623135,0.6093232807160279,61.13199350272279,4
2021-08-19,100.13366077815408,54.83213331196117,27.14093804467144,11.49133628988092,14.90429485381669,42.63407690843072,168.63983417479557,1.7934772475674325,41.85607336448583,3
2021-08-20,25.84798068024448,15.88387379779732,49.669542281794655,27.63311338883741,4.644493818026863,81.90140761394402,99.44051964199916,1.5309271432493543,34.263401930107456,1
2021-08-21,28.843352821300616,17.131649919286108,28.42740929275167,18.608662762344856,8.106507212939068,79.46785899955117,96.40028309702129,1.590773754716099,30.097573501362245,1
2021-08-22,6.1302924399718295,178.83817493282365,13.382836299969314,33.08336298145945,5.383231419832583,85.83867726349628,160.17223409645544,0.034087826137368916,53.77609588959219,3
2021-08-23,25.340259460824683,38.37346494374858,62.95576968917366,7.061177168657473,3.9726322772373823,32.1771875534305,106.7726352519787,0.6435872356427705,28.313415182178716,2
2021-08-24,41.78855085479379,64.67431242310415,5.433203482290383,28.543870841973813,15.667744399916767,37.88021773968792,127.8837289532462,0.6362997846947024,32.33131662362781,2
2021-08-25,26.551572641512024,45.3312804453976,74.86452341262,9.263517769166183,18.185053888739848,15.030147731544954,116.53137483275816,0.5730809160951987,31.537682648163436,2
2021-08-26,13.305380063558342,70.99926116638746,31.758679526111667,13.93215315575182,7.404643713691534,78.6611966215335,109.88334171852703,0.18479884165491828,36.010219041172384,2
2021-08-27,18.09538066509012,13.884768549218672,0.013469300448532,10.93549001617916,15.025578487475338,4.775655280278306,38.297352971076535,1.2156978192341443,10.455057049781688,0
2021-08-28,69.11681520490886,103.81195818165408,51.11291392372298,9.141888993440856,17.93990578728822,71.72188026281509,185.2829958100648,0.6594363506225078,53.807560392305014,3
2021-08-29,30.95005776086888,13.52251271844298,4.6851908527603126,41.28554757803335,16.92248421060463,104.36350618219606,113.0760380229688,2.1311778726530988,35.28821655048437,2
2021-08-30,54.64047915721132,160.07130156447232,27.616955782089946,14.285378383044517,3.656267770784518,106.89985779475604,205.40973649678307,0.3392316236753092,61.1950400753931,4
2021-08-31,75.51259062822854,46.7424163820866,70.69764874557161,46.35618909322247,19.125837630267227,53.88453124439541,189.31205968281495,1.5816667096171857,52.053202287295306,3
2021-09-01,103.5592242944048,108.00238292090212,6.268962162186586,48.49632626725954,7.533528808589249,55.116442585568855,203.4395370833481,0.9500638565814917,54.82947783981853,4
2021-09-02,5.8968209761648405,176.01581751229165,83.93384923560023,28.563023496854868,6.784813223476727,9.236301960962084,161.3987044854413,0.03331239580189141,51.73843773422505,3
2021-09-03,119.9115598363564,130.17547380943884,0.3819922658583108,7.15005613328632,1.2486265455556067,80.49180305316429,193.28151818772085,0.9141309450160954,56.559918607276636,3
2021-09-04,94.18505842363616,106.59155731026706,24.682386920190226,18.727412168979065,9.72347308209766,98.55113044474146,202.0346284891677,0.8753945084374054,58.7435030583186,4
2021-09-05,12.263854792330786,64.86675062307512,74.09040561520715,39.8866131674107,2.180272312818574,29.358606552565565,148.4939954081972,0.18619189008595766,37.10775051056798,2
2021-09-06,131.03679361601658,66.60038261163959,31.62701497293068,18.36953643485352,4.97079641854852,50.55610579600376,193.2383945881649,1.9384031355090936,50.52677164166545,3
2021-09-07,138.130860079772,133.89739103963802,10.189238806601352,4.350860915139437,6.338852435345627,100.66072041183244,211.15318791937605,1.0239698411897666,65.59465394805481,4
2021-09-08,9.161693978229565,198.8278722442335,36.02339188004279,27.8392455464094,16.176526469833682,105.25445611947455,185.33498015060363,0.045847928396254775,65.54719770637058,3
2021-09-09,41.53164722208056,132.36783796987572,27.039328638452552,42.25604257480174,17.50977300791793,29.181597631707117,171.46212297767596,0.31140676683580537,48.31437117413927,3
2021-09-10,120.9301919689592,111.55668347400498,84.27119021605549,39.79631935717512,6.049326349229394,66.06847614496371,273.3996128079048,1.0743937031237074,71.44536458506465,4
2021-09-11,112.23895355754875,146.13010204784922,31.334791758514317,8.756157006517661,17.173962424891478,23.099178076299246,218.4950582940288,0.7628551329424534,56.45552414527012,4
2021-09-12,27.6781529034566,93.04112245674364,78.89324717760073,33.63823072062333,17.14461874739582,12.225451696746784,166.06733361719645,0.29431967824701155,43.77013728376115,3
2021-09-13,31.402398500506543,12.028468520157045,89.18721448107347,11.025213171782354,15.29301900769747,109.3344601670349,169.30242824910297,2.4102908528291107,44.711795641375296,3
2021-09-14,55.5708154187073,112.45936317558196,43.38174195765296,10.910376727608613,2.9339022803036308,98.4609005078531,174.22873937772223,0.4897860684508664,53.952850011284596,3
2021-09-15,72.6784477786532,191.52505690107603,90.9943143854392,43.70358866525926,13.80645693801458,91.20418821638089,301.68005203345734,0.3775012403502216,83.98534214747053,5
2021-09-16,92.7382157295444,35.06058847153193,37.73180539631929,12.483447637011508,18.90048129161137,5.85195825757685,128.6542667942487,2.571733287235639,33.794416130599224,2
2021-09-17,55.33704593546586,138.00097816413316,96.40784164901082,13.16236732590056,13.65080957534314,101.2474551252309,232.3882677188077,0.3981054426115157,69.6344162958474,4
2021-09-18,69.38020741997218,40.18673773181129,8.928952452557294,0.0326695380649777,6.632336982156679,52.56528910864605,90.79220821959376,1.6845278660267664,29.621032205534746,1
2021-09-19,112.12064072006348,107.16553689461624,68.70192665032427,43.53345170627588,10.011586348616625,41.08741479550316,240.18764132760973,1.0365652863101917,63.77009285256661,4
2021-09-20,5.502480433589685,19.33528992934392,49.38140404569287,39.62974066045673,12.914500867021072,65.57716332304517,109.80576047667635,0.27058775422963505,32.05676320985824,2
2021-09-21,37.86554165160311,90.07418725163704,38.76488054556471,31.3664467545339,10.21140817457007,10.9623891268267,136.00104931182557,0.4157659024393049,36.54080891745593,2
2021-09-22,107.00243788268288,151.23266577904923,63.27118787486009,37.51328819694211,2.3990588346193964,90.79758592228788,267.11310847518223,0.7028875000979515,75.36937074840694,4
2021-09-23,134.2810256530799,69.51430484779641,70.38570916343312,7.60242837122459,6.241280893040413,69.89220922659551,220.31192956975727,1.9043090042924278,59.652826359195,4
2021-09-24,76.75161631734991,132.9823448974436,0.4363269650309087,22.91617972937877,16.04792061107265,22.390811624780103,163.4446469714959,0.5728487314959237,45.25420002417599,3
2021-09-25,79.81702278979735,159.08999215794583,16.69530887471987,17.560969367439043,17.228360921910348,22.587863972285472,175.18811587615414,0.49857596789091824,52.16325301401631,3
2021-09-26,16.07580170096641,185.4355638958905,71.30460506343186,4.688826312850825,2.7460006543114046,22.109838188720907,183.25256825652235,0.08622711978892326,50.39343930269533,3
2021-09-27,67.1118550235182,46.92841637109071,66.63854135782064,24.306524260746205,19.04773504797449,6.840286506232078,155.22740112797194,1.4002518777982926,38.47889309456372,3
2021-09-28,79.89258996825347,79.86318316186163,96.60475051286772,46.03698251713177,6.576452356972187,70.53581392460218,228.335449925499,0.9879970939102738,63.25162874028149,4
2021-09-29,36.37057554520945,30.48320266608349,76.1037790250783,2.002955952534724,13.2462747746144,100.84178131062096,166.9602437641271,1.1552374747563745,43.17476154569022,3
2021-09-30,40.38648464240715,198.49670043167504,95.0772707731338,14.573045674689697,15.036502919133625,2.099785678486632,208.80575643889333,0.20244186773524597,60.94496501992099,4
2021-10-01,56.5926244656934,185.40019358485907,70.25405015348069,10.377046810285172,16.238924692757667,5.880557396552826,199.08964360037515,0.3036081850415541,57.457232850604804,3
2021-10-02,3.0106796666589557,107.99142605611192,29.805220863944317,11.907332683284816,18.914994044518604,68.7324332024335,117.96657564846952,0.0276230872060429,40.06034775282535,2
2021-10-03,48.31187483747674,168.40665887528425,10.536492225085649,45.42172759396876,6.2583909605764525,98.33948224632628,201.77104136761923,0.2851828562007326,62.879104456453014,4
2021-10-04,31.717201049481694,104.19159545440844,78.18238633449356,23.403452711714507,17.17012909103109,39.20866686823603,181.6921998535621,0.30151839519563506,48.97890525156089,3
2021-10-05,49.1246028266872,124.71713760055194,64.4149221475916,23.31497064699094,2.6337380687241407,41.95372785692666,187.28628903893517,0.39075502166437753,51.026516524578746,3
2021-10-06,17.964319772887684,17.824886423203324,4.818601239329623,38.02878212276411,14.100818127071854,71.5615796996131,116.5095105402606,0.9542856923027745,27.38316456414495,2
2021-10-07,133.57909211098425,151.05408409936155,36.005046590097834,7.72461020024629,14.839554590279718,32.90554669489764,216.25210773888764,0.87849723275894,62.68465571431121,4
2021-10-08,89.03886803310729,25.54269672704697,95.6799815484286,24.36326770500254,13.55446482402641,3.193003929322096,185.1599663015077,3.3545524386140015,41.895380461155646,3
2021-10-09,101.86534787167344,165.21352605050566,50.04011457102012,21.499260706052983,5.04629472270306,88.22742217219152,246.2880063395245,0.6128583533010461,71.98199434902448,4
2021-10-10,118.37568579110076,156.40561753407718,43.27291360197047,29.84553452733281,17.460862940304068,75.07798955297437,260.9835386162739,0.7520423199983526,73.40643399129327,4
2021-10-11,74.76632983935859,141.74893954859527,45.7699605159294,49.97788516252193,3.3771692674079,69.69071988667909,217.43125611724824,0.5237610176004585,64.2218340367487,4
2021-10-12,13.038043213113554,7.232076104952423,20.88827240051637,38.47244470410235,1.0726958304166168,89.00209547901878,79.23029785669266,1.5838098490452315,28.284271288686682,1
2021-10-13,80.56598127278217,60.62567118906572,36.87071708647952,19.89328515087136,14.349299812238243,81.02770050744451,194.68179204384384,1.3073444835287578,48.88877583648025,3
2021-10-14,88.02616770313188,52.62251398216857,36.98132559871766,41.377652613702345,9.509514304654674,24.705838581398535,174.3095822178012,1.6415897198032112,42.20383546396228,3
2021-10-15,111.8159211276495,72.02728149430382,5.2355020187472405,8.535418165624009,16.98196039917352,42.29772563320213,166.68729435987976,1.5311527259353235,42.81563480645003,3
2021-10-16,64.7489319344519,17.52854935276771,76.75676285179182,1.5231843154480065,7.667942821165179,15.133217001435,141.67165767396114,3.4945494491601963,30.559764712843275,2
2021-10-17,19.13704541933456,187.39156460621257,41.6504431903879,10.222418623213652,3.3655717701542565,15.582841610145724,138.43104162998202,0.10158122238294462,46.22498086990811,2
2021-10-18,42.56638586980867,110.76044814247524,82.21798868164232,17.020577805712982,16.728843849397393,81.14348956278471,191.40457550392424,0.3808716462513097,58.40628898530355,3
2021-10-19,54.46234445979526,61.10486213160471,85.03480011198954,25.529037872977995,10.978192632801434,103.0320128378998,178.27759061855238,0.876941717451777,56.69020834117813,3
2021-10-20,96.88758619974018,79.39630341485669,21.199405469865805,30.75645702705999,3.7839158478070978,115.52791006333668,193.12422159949077,1.2051248886380517,57.92526300377774,3
2021-10-21,85.61674570033678,89.44050810096714,65.73534821701286,45.53028586072109,14.407679971728914,75.40165410593333,231.29112476307156,0.9466636963688313,62.68870365945002,4
2021-10-22,53.41450888467693,120.11886667212346,47.22818041629817,25.492700477522884,10.22227276979001,22.09215880331484,170.21188181518602,0.44100898854406745,46.428114670621035,3
2021-10-23,147.97728731894696,103.13588553929957,88.0156737921485,25.063782231286467,12.086259644806397,12.678041453871684,264.0412829905564,1.4210018626393897,64.82615499672659,4
2021-10-24,90.86622290353309,183.87839464288348,21.57406791764541,2.5121504911491064,9.21796676413164,97.54211658441092,214.44376189213148,0.49149184294386017,67.59848655062561,4
2021-10-25,35.584018760399175,99.39269658116604,67.78132003100443,1.7455776328111905,16.574179676360128,69.45077716319992,177.3864539004365,0.35444828132124145,48.421428307490146,3
2021-10-26,15.267370893060562,198.43160296466252,60.775212225272256,27.557998095818604,16.591254313660997,74.19420252164639,217.5132306853049,0.07655442099498043,65.46960683568689,4
2021-10-27,22.928870877649803,170.28499154901914,29.53014775718328,21.908930662417227,14.187776436487724,93.7754506505651,194.91177617183305,0.13386386437184083,58.769361322220384,3
2021-10-28,36.89365925767622,41.70210287146716,13.66009036511726,41.95901974901493,2.1080275479292454,84.3932673278942,101.83036389525908,0.8639775743299039,36.78602785318317,2
2021-10-29,24.10220598893335,186.11904292878324,65.16397604772766,8.033979235592259,16.777077238081375,100.1349903427316,221.0447312696468,0.12880680454370724,66.72187863030825,4
2021-10-30,27.985053607695864,23.273279577095217,73.85974581323308,1.24858310585248,13.420259610658196,6.745668655185417,89.37450331997022,1.1529160498815807,24.422098394953377,1
2021-10-31,42.76427530407707,163.4899416982383,31.562734376335,22.451938396506293,13.94048332008599,89.70247640958058,195.9756612201151,0.25998109588080104,60.65197491747055,3
2021-11-01,26.006039294213224,76.12465869531601,64.48326040223138,11.873927837612875,7.259656808077432,102.10233087865146,163.84807223225238,0.33719487041039753,47.97497898601707,3
2021-11-02,134.5148136939638,175.5948640890139,39.51309076115032,2.4807186669418724,17.585591123140134,34.33620509499772,255.02932784403268,0.7617141890726824,67.3375472382013,4
2021-11-03,12.03506184924633,173.61133802149007,71.32068832826177,36.22991434238145,14.507432004697147,76.85367287919034,203.3789070834646,0.06892485897888904,64.09301790421118,4
2021-11-04,78.6767084355382,161.18508002352422,19.92152748940531,5.579649997862374,2.2518093305838893,37.699447660436654,177.99590502503816,0.4851044770833821,50.88570382289178,3
2021-11-05,61.55952404844923,158.0060872614123,89.02150026361744,30.415975000388585,8.155560688123254,114.95652797789448,246.8225607122632,0.38715199593109245,77.01919587331422,4
2021-11-06,147.35679253629095,60.93582781960816,28.74095964655797,14.052487508344456,17.727607239202833,4.010828692260451,205.9653641476038,2.379185000408431,45.47075057371081,4
2021-11-07,16.805835325207852,16.183856610250437,36.77859877561529,8.6748025177511,0.94393403394758,69.5751412599546,79.11325415844502,0.978001371076555,24.827028087121146,1
2021-11-08,59.67833985686124,80.5960357530323,5.8091952080349785,18.987576145965875,19.22833239284099,19.98042564594181,139.98284094969603,0.7313877360107346,34.04665083377953,2
2021-11-09,145.42056499130533,34.70490299730174,11.15122123212764,40.072288811147686,13.583251366391256,85.46642462125904,206.6843108481684,4.072845821827185,55.06644233658878,4
2021-11-10,129.82606888409703,138.99021778049234,51.58619027123281,19.604678845228637,12.627519552867533,21.10683401023945,235.8008458121347,0.927393863245981,62.290251557359625,4
2021-11-11,122.56081064239198,69.21994530755711,26.75926767279715,37.53848246055279,5.411185129759828,28.245991427802903,182.4397933365084,1.745384592733397,48.28928044014362,3
2021-11-12,38.68542405674098,195.12204017198297,83.54802257421944,6.274314839957534,4.975835774783541,59.32449732549097,227.72735448174475,0.19725179292861234,64.65502245719591,4
2021-11-13,25.633138108509872,128.1944154690664,1.4693388654953845,38.63857098325396,18.841164389771908,109.78019399962535,162.59021199450035,0.1984074777183177,53.759470302620485,3
2021-11-14,100.29648298866464,164.49611272687218,37.90940486719362,11.846666245332433,5.965449084682454,25.4057246577565,218.10697427207137,0.6060352798388065,57.65330676175031,4
2021-11-15,139.40639836913786,26.50493454836969,33.73455467690927,33.86965649444364,15.510105934379988,17.308802534172422,185.77166051791585,5.068414110347372,44.38907542623548,3
2021-11-16,83.51443395208946,172.40289645452452,1.9327630917601035,28.289077742049816,7.862435964141583,91.07721982248368,195.08682349620048,0.48162075524494713,64.1798045045082,3
2021-11-17,85.74190342048497,184.55143810267887,12.436839900051025,46.45723586058437,2.7850814156940795,60.07434388007172,218.28254138240243,0.46209236800976905,65.34114042992752,4
2021-11-18,41.99686404904263,97.41238376378718,41.36426749186353,19.366125898765706,0.214305953907179,109.41421348581255,155.0458245139046,0.426743692641822,51.62802677386313,3
2021-11-19,115.42393997879051,121.25058755019548,49.28645844474466,3.308259441722022,10.885146740305016,17.593746859181074,206.62308038125497,0.9441585704559335,52.95802316915646,4
2021-11-20,28.056562283628505,152.96196018059908,40.42897472548691,0.9577742775626452,19.515576370978653,77.51134716276472,164.46565703382257,0.18223048245630186,53.238699166836746,3
2021-11-21,48.55188546063655,34.96772545208251,53.093767841209385,41.34292804863765,7.382723876184089,27.945497538217804,145.37916692357862,1.3498736673054041,35.547421369494664,2
2021-11-22,63.81546579246252,100.51321529268849,59.51316749056815,26.236781883071608,7.143846679860896,18.81125143819672,171.7534706371782,0.6286419517741237,46.00562142947473,3
2021-11-23,76.14155680266825,79.73260555446262,0.992382112783563,38.76220259174746,6.881832356988841,82.01152981887246,161.95383835461445,0.9431326572422188,47.420351539587195,3
2021-11-24,36.36145986226204,29.27479843244982,46.40951594535039,11.721280000575735,10.410876746097168,71.24215438904798,127.67156847310773,1.201047133092991,34.23668089596386,2
2021-11-25,17.22552371088053,73.50688445830629,96.34992408875884,17.254187275661685,8.813297668485871,90.57929500347974,182.1340756691736,0.23119371902498292,50.621518700928824,3
2021-11-26,91.5930063662449,13.634461877098714,51.90322801295487,1.505193610565947,17.59829253454029,37.13550917354189,147.81869123975977,6.258720486988158,35.5616152624911,2
2021-11-27,43.29458298603837,5.162381389897397,67.75422674589532,48.07461622870561,10.110415834469803,53.75659876586279,136.37959630500453,7.025625362463848,38.02547032514488,2
2021-11-28,87.18573321339184,27.03325783096455,31.18638579168832,33.39339533504067,10.155156763771377,48.656601159650215,135.994308131535,3.1100820938866955,39.60175501575116,2
2021-11-29,23.154407291130347,192.6230223178348,77.39913781527625,46.66025438796531,2.767431894411132,118.0907356759817,239.8770715003051,0.11958499053445244,76.78249823043326,4
2021-11-30,72.17101527822263,109.9059071790034,77.2921481876115,13.274820371453616,19.65479081820772,35.069874808726546,200.304300959678,0.650740948917516,54.561426107204234,4
2021-12-01,79.88841488273788,193.164432230644,52.129604765413895,30.57318056128304,4.999457817376594,35.37806860161203,235.0488937002785,0.4114472149453204,66.0221931431779,4
2021-12-02,7.773530523364036,86.4995756660264,97.60138232792136,33.924998414631894,1.467281349192053,42.54578505943289,153.03197735669423,0.08884077967457249,44.96875889009477,3
2021-12-03,50.49064172908809,62.36322661705192,12.555021476265338,15.877485012879422,13.262924979504175,67.75128975483858,135.8056108369133,0.7968445488775087,37.05009826160459,2
2021-12-04,20.162201540846137,101.22837256804884,1.6947664889580991,42.40546175078151,11.907327403137453,30.27872931164943,110.07181478421748,0.19722706166945056,34.612809843903584,2
2021-12-05,9.506245570915162,87.90233772658202,77.0158211757096,47.35807314501239,8.302913079854914,109.83479284551288,184.71821127157244,0.10692908436391736,56.65336392393116,3
2021-12-06,148.49403485849177,21.132936852348784,80.71555373648826,44.24275588480022,8.443844677613562,31.88226778395162,244.60047921479148,6.709188023673114,55.81856563228238,4
2021-12-07,48.35307674620845,128.16526293804125,12.020722912057623,36.95334879696863,15.701278420928624,107.49788778722336,193.90016601588368,0.374350468898149,58.11526293357133,3
2021-12-08,121.48116687819522,43.20763650191992,26.55828329586061,13.8732339862477,3.914252801992981,12.417007637590158,153.5927456123113,2.7479679189119133,36.908596850301095,3
2021-12-09,38.19609821456458,123.91759097956592,1.755236336662891,14.080802105281586,16.405066378897793,78.78752428795828,142.45294579710716,0.3057703716109344,45.52371971715518,2
2021-12-10,102.2254083335894,130.04021847963068,29.33086107805647,48.1680160223019,12.974942277900364,108.83826221258924,245.11328724270376,0.7801071268015296,71.92961806734468,4
2021-12-11,114.034178983453,30.40497062572962,77.31418739186715,0.5142247967846014,8.379395475590488,20.249932607787542,167.99359099363195,3.63108694933873,41.8161483135354,3
2021-12-12,89.34581109117664,12.269925422133632,51.79605277125789,35.802498662107226,9.160572331677372,116.1992352119106,184.66448824659787,6.732955027927429,52.42901591504389,3
2021-12-13,70.73642828252376,156.15231721368795,34.80955931682881,35.31230812776311,5.132944143721916,54.34600324986141,214.13408704803845,0.45011381019816504,59.41492672239783,4
2021-12-14,61.77613712209028,91.96008475386404,37.17392949063303,31.134477047489877,15.042286653939495,113.48581301292292,196.8168894273333,0.6645447590291967,58.428788013489935,3
2021-12-15,52.330239981449296,11.632759101095155,0.1353625715468154,49.50544230434329,10.257494846105356,81.21840523560564,105.69996748032052,4.142423643375951,34.17995067335759,2
2021-12-16,139.4293716371739,198.97326343395343,29.98005275652359,15.59397178818626,6.417090854996872,36.19042438482619,279.3057934832196,0.697240067211406,71.09736247594337,4
2021-12-17,124.59291116815938,11.556112199273327,64.64587416379305,16.998593189662408,11.921002315219004,22.59630299005277,183.87072805378665,9.922889282191193,42.051799337693325,3
2021-12-18,144.7540365999769,139.00704577171064,97.41944438163571,3.9469701473277774,19.91468904102646,36.44820554701192,274.3016136719754,1.0339053709911608,73.58173191478156,4
2021-12-19,18.64458352283171,196.73578505268276,84.70608269838995,22.139906827186877,8.705245593131076,11.162089111521,193.74282873580995,0.09429038612239171,57.01561546762389,3
2021-12-20,109.63012128054665,47.836020843185125,2.3594964645529126,13.052426311742405,18.413828015572392,17.26415596119957,145.6921821850415,2.2448618742418507,34.75934147946651,2
2021-12-21,140.75106852315568,28.449873737439237,89.85606046748393,17.169335108882212,6.900336798491322,12.559252841577738,228.3065602680593,4.779343700350766,49.28098791283835,4
2021-12-22,27.18495992484902,24.276987884485777,78.3198413298626,41.72858951278138,1.0946541384997177,50.75322524898693,123.95285876235056,1.0754825713048783,37.22637633991091,2
2021-12-23,9.974440105016624,60.65502951351911,78.03761235709804,46.77422567637478,4.084842127368578,95.46940515091038,172.6224580651217,0.16177820663972803,49.16592582171459,3
2021-12-24,111.16809739350886,20.20916220212934,45.79957590035715,9.286653600259282,8.373902866553685,16.966026505960823,164.98854175828342,5.241512905321074,35.30056974479486,3
2021-12-25,86.17096697698679,138.4322683388264,39.80052929545028,18.62544657767329,4.39269857189138,15.638451980680305,181.11081266065048,0.6180130898221324,50.51006029025141,3
2021-12-26,126.2743165137408,12.458359626012538,30.29157288331926,46.4315281057697,0.0045407643651107,77.21147394207969,184.42519098194236,9.382593423174377,48.77863197254785,3
2021-12-27,20.965856493943424,101.88442562995796,6.569485895436578,3.090423034461132,18.300030754950544,23.661957836167957,89.73951029780096,0.2037806632594795,29.07869660748627,1
2021-12-28,119.29009677898352,199.33937077059537,22.82353634936991,4.6180264055689255,16.87758822461858,11.713204573078992,231.68955391697008,0.5954401090516563,62.44363718370255,4
2021-12-29,30.24409800716168,162.79405390120377,24.66036349780246,8.139549460311468,14.84584462973894,20.02182938466932,148.74238165818326,0.18464710584307362,43.45095648014794,2
2021-12-30,24.54839142985568,123.04388764620218,48.40770697102016,29.760641706343737,3.3562919129205726,110.84776750521311,186.85870657504347,0.19790085505762744,56.66078119525923,3
2021-12-31,24.63986968964894,61.25072415732233,74.7444406596694,7.523613550299873,2.407271524199721,98.5765503331429,159.6715336375702,0.3958165952797296,44.8570783190472,3
2022-01-01,122.18620803470732,124.77916725832767,47.38098283979466,48.40381907253668,1.352094989447663,42.48774748261129,233.07855332563892,0.9714343853442672,64.43166994623755,4
2022-01-02,99.77958310443002,105.40829278233032,5.784444944716061,22.335726362926017,14.480583775458424,78.69849207928713,174.81703174113355,0.9377049522685225,54.41452050819132,3
2022-01-03,78.4598137153679,85.2166767780743,95.77898009882038,25.07589801750832,18.576159213757705,64.47308084016457,229.7623420766961,0.9100305955578302,61.26343477728221,4
2022-01-04,53.82457261852537,26.142075348039896,94.27243190941122,12.332930790270323,8.61071641826074,81.25491161790767,172.70814130287445,1.9830676883892886,46.07293978373587,3
2022-01-05,131.58008112196623,177.32084304809334,78.51895431484084,23.548012621736675,2.3828134399209637,81.92053829553112,300.42348630604204,0.7378839112289242,82.5452071403482,5
2022-01-06,58.86676611339531,89.9569297642645,99.13279015642206,33.095681631850574,10.247856414642133,75.44808180719915,217.4578108824214,0.6471938561026837,61.12468431462895,4
2022-01-07,122.48991592073656,38.92450236415301,54.44823328002629,37.55885684770214,6.976638149172603,31.93216422447703,198.40262234399097,3.0680386396178734,48.72171846437794,3
2022-01-08,65.87023628553277,73.55187017545792,96.2768350253206,37.69340413549565,7.496498486999954,4.680770491538175,203.2555560336147,0.8835490797280751,47.59493576672417,4
2022-01-09,56.541664413736136,82.8259505057854,7.560504061675077,28.894555634704417,12.426612483114145,54.66801383881305,146.14389146782986,0.6745126547635605,40.48621682297138,2
2022-01-10,69.40196785044097,165.50757911337485,36.568074826137135,45.217988749692864,14.374362265244049,106.91686616288446,242.9737977189945,0.41680966247899887,72.99780649462905,4
2022-01-11,45.20668112462131,146.7228761122804,22.538126800676583,40.87039236530547,2.212071977463217,68.33967102222911,174.15046215314277,0.3060235646255686,54.314969900429354,3
2022-01-12,112.14140702643766,153.86097872826795,19.583308413427,37.85240573493128,0.7118046161295277,99.88692500422896,241.96024489507263,0.7241424401895998,70.6728049205704,4
2022-01-13,75.40805851387188,2.206252885729443,14.08029488926761,2.780276084023031,19.886606053714296,118.99492115534738,154.81725885565157,23.51906140950453,38.89273493032561,3
2022-01-14,34.8319042720226,83.23079963595231,62.24136415659967,0.3438981109824657,4.654566978311037,19.633944496593152,123.4658979956587,0.4135293078371212,34.15607960841021,2
2022-01-15,134.93618599118528,96.26883032706472,78.1321855747305,10.622363859773648,1.0766104981691815,83.01331669703788,251.1256448566165,1.3872500115141175,67.34158215799353,4
2022-01-16,57.583683205981714,3.838455364611337,57.82983994203607,33.176179695672616,3.7975065819184,80.91522884400295,139.3334817758846,11.90125336840992,39.52348227237052,2
2022-01-17,81.53292916709829,51.96264174900684,14.696270958820968,20.55987444412729,0.7791569269692844,117.5946536829934,172.55991482772245,1.539442264860725,47.854254488169346,3
2022-01-18,135.97081664468203,152.057964624427,81.11237699334708,20.120312964965585,7.836217892343433,118.27208807433604,327.6162911825717,0.8883615888812233,85.89496286568352,5
2022-01-19,93.6356993870988,27.42194114579981,63.59547071637285,44.22934441148069,16.048035689026484,82.40143340689553,211.5839022081243,3.2944864288742033,54.555320792779035,4
2022-01-20,17.53470610625461,107.06202629051832,38.81657061269955,44.77814240659194,6.824888995154412,29.23377503786331,140.26090205174629,0.16226519812902265,40.70835157484703,2
2022-01-21,140.97481854202127,43.0403744034475,67.4130295536063,45.458763202679286,8.88366813756733,95.82670057567188,255.4582305302944,3.201035877909923,66.93289240249892,4
2022-01-22,94.15620796071268,2.4241549287786546,25.99049792428329,15.693903825751365,13.511735471348777,12.843496105324572,97.60162715389484,27.49764830129833,27.43666603603322,1
2022-01-23,50.23584219856292,48.2402915199083,34.51922084942105,34.55279063696309,10.177881401397604,93.68391650059544,163.28911699992128,1.0202182125232162,45.234990517808065,3
2022-01-24,20.89081089950809,195.17475098201075,91.74858431319902,13.58165906371848,17.228913720426483,109.22353489736356,247.21012913536995,0.10649082409909,74.64137564603773,4
2022-01-25,119.1037783905444,160.3074223765979,29.05045056714204,9.530491653722487,17.32071350091513,45.94000737221223,239.7384098962832,0.7383651454827518,63.5421439768557,4
2022-01-26,93.01091338927702,191.91532886420669,46.99882681579366,9.23162286736846,0.1982139098230728,75.67623539796966,232.1388123721932,0.4821333480179147,69.50519020740643,4
2022-01-27,80.01916379644823,97.57080878527248,89.01411373960147,17.1053810431797,15.560926129663985,51.61712785161916,216.18095954099803,0.8117937225285701,58.48125355763083,4
2022-01-28,134.08388745764364,21.947239735500705,70.77213502675275,21.497880988991085,9.214672004833478,52.531806598575415,205.87563102473536,5.843137954854244,51.67460363538285,4
2022-01-29,118.2895816836796,109.5918977947386,6.220322616470275,41.54745855275342,19.776810826073262,37.2445066929744,221.6234774688803,1.0696044108333154,55.44509636111493,4
2022-01-30,22.75123195991268,90.87546691199218,14.730304427897034,5.994554673635605,9.664641517508702,91.45555445403896,119.039465708978,0.2476311982360445,39.24529232416419,2
2022-01-31,46.75831016933223,168.8714165479232,0.7841590771916818,36.74629236974471,19.737918907765952,112.34118769998062,227.966248503388,0.27525708044084646,64.20654746198973,4
2022-02-01,37.273370972169865,19.61651615684892,63.09217902291634,26.572745709465263,15.091387224114731,112.89010310813534,162.7820415329887,1.8079374171948759,45.75605036560841,3
2022-02-02,111.59194388590154,97.64822740435564,44.76734254104184,14.397267133799623,4.972097692266127,20.97375418499206,178.18073186698714,1.1312108369518903,49.058438807059474,3
2022-02-03,5.029865210366907,30.00973293879685,13.427485090227552,24.640979226641228,10.767899585739151,104.96923795878791,93.60592761499682,0.16220279033986615,31.474200001759936,1
2022-02-04,85.48345273069748,64.935185378012,95.79341210567704,14.997103488851131,19.842712789571657,88.49177297125466,223.6464049184008,1.2964770211930643,61.59060657734398,4
2022-02-05,114.36880286110356,147.47141547755993,52.96597239456199,29.804097761915298,17.150612155038473,30.34048808283471,225.8173108354737,0.7703085640642345,65.35023145550231,4
2022-02-06,131.51484551426242,95.20362587375332,24.18932941128892,21.69219614276221,1.947337875824422,8.074153550581746,203.73851253145875,1.3670466608695966,47.103581394745504,4
2022-02-07,51.31226230738612,75.17765702915386,50.06035711547076,8.220276453943937,14.127439936199922,32.15967202612536,151.22304438891186,0.6735867747645279,38.50961081137999,3
2022-02-08,123.18859570080193,78.89525571400706,67.96203327351078,5.829153727784836,6.911591717416261,109.46498841378308,244.4079210359545,1.541876230320454,65.375269757884,4
2022-02-09,16.594760543281083,91.88935368119732,7.623921797356448,27.33478410360651,0.1396452376069623,75.98144098749268,113.1303947073773,0.17865083441354807,36.593984391756834,2
2022-02-10,126.96784376017771,157.00330876741137,27.4703815047892,45.12065166430517,8.069619380539992,86.52655930774462,254.43069292244283,0.8035771196860226,75.19306073082801,4
2022-02-11,19.123299349797364,178.41693778804688,80.69654908839937,17.197884327884278,4.695088434499426,30.8582821330915,183.0461443812032,0.10658580837216472,55.16467352028647,3
2022-02-12,59.59309358405509,191.06693730078567,45.96648704026613,36.65000536113116,16.37738541040943,86.32657866897843,255.0625737473019,0.31027252488922424,72.66341456093765,4
2022-02-13,119.59430486693304,157.380677251059,54.65771420322949,32.93306774698835,6.74661217691531,3.374580753350851,229.2956060722687,0.7551066641630576,62.44782616641268,4
2022-02-14,22.487614102316066,63.08137914960255,43.28160022094693,46.57774571547405,16.550473879076343,45.03856149276166,115.36770636636663,0.35092275479616514,39.502895760029595,2
2022-02-15,34.387709284896225,137.62694121730843,4.389994264300512,41.049050864957046,0.0119587766959061,75.21040182507974,151.84992809180474,0.24805935255392267,48.77934270553965,3
2022-02-16,108.33788525895994,87.52062481107839,16.574977982015593,28.330262945273148,6.156383000522383,17.531587864958425,170.16706727346013,1.223871673863303,44.075286977134645,3
2022-02-17,108.00548048191116,50.93412440921024,44.554163874189086,32.85152491170537,4.823304286155238,98.76042893363216,207.9710558442293,2.079663067598709,56.654837816133885,4
2022-02-18,96.1721449327946,168.1743158851845,20.918546540792786,44.91932332920175,4.671347221372219,28.20375585743024,225.3903517422564,0.5684795852702892,60.50990562779601,4
2022-02-19,104.092266670065,7.685269792464999,4.997902865967873,19.97593922934674,1.363732395309254,78.27373353821355,141.5134544694459,11.984920348746261,36.064807415227904,2
2022-02-20,81.40866650213943,180.3523984270847,84.36496640518237,16.339735292888868,3.7424854082100345,48.62365710903956,249.56784783805887,0.4488976556594642,69.13865152409083,4
2022-02-21,37.769858836042914,92.29549292494684,98.11925291641158,0.540554181759817,11.110991397712397,71.52523145731766,195.9367418035871,0.4048411949163238,51.89356361903187,3
2022-02-22,51.85439902558792,127.44029536165608,79.31428739967394,41.32755370957321,5.82722145675489,12.894066315468976,180.73262833594796,0.4037237603633561,53.10963721145251,3
2022-02-23,27.23965752021385,131.87078444115653,85.3784921704667,40.04903502016825,8.347895646582959,2.029535990592879,184.89222239111268,0.20500863026271415,49.15256679819686,3
2022-02-24,136.26758420004424,179.0235481413073,24.197713031704534,5.222725905007569,7.537337606943771,109.14773128563614,275.30595608976006,0.7569431088708609,76.8994400284406,4
2022-02-25,87.50876921491808,127.33393643344148,96.06269755131996,28.842869056635013,17.51809849999789,32.355601052061935,234.53649951858063,0.6818833088650968,64.93699530139574,4
2022-02-26,60.12771251454598,122.78671695201236,19.69257044534284,23.199084908344368,18.10597998021031,98.36124033365508,177.81095077321697,0.4857363858987821,57.04555085568516,3
2022-02-27,69.3008705466199,13.330408112137992,95.14298103618324,5.9354547754555735,9.859139433117202,119.92203605666404,181.6498787316816,4.835931398766055,52.248481660029654,3
2022-02-28,142.0925009417723,103.6816043890408,99.4819293965951,49.02841135303618,6.603119006312088,25.37175095986934,274.04529340185223,1.357377944014852,71.0432193411043,4
2022-03-01,23.00271046741203,30.03380016340833,71.17228057460487,10.734794373167771,2.1360140800472727,31.820488942002672,111.8653443656258,0.7412147512161374,28.150014766773822,2
2022-03-02,87.93447480251959,147.48675374429712,98.1143731791822,3.3617090045280573,19.0680575876419,79.54317451615988,257.6211771407393,0.5922041703056415,72.58475713905479,4
2022-03-03,75.8833018326699,102.4443841625349,56.95397795671037,29.74236897509548,1.204538898005949,115.85383615207456,208.50417378838105,0.7335661809677343,63.680401329515185,4
2022-03-04,91.71813531519716,136.04555584167065,25.954178317609035,36.943333856651634,5.953005551365608,109.89772178288928,224.93166765174956,0.6692528973442928,67.75198844423056,4
2022-03-05,2.7165275731260765,8.334580120476854,43.699588566562085,1.6221723023593482,5.961324023400083,60.34506240787019,78.59306742249863,0.29101765029226656,20.446542498965773,1
2022-03-06,130.81858634162273,16.958403209160643,59.35609353787859,32.93588193635111,6.4080257228042985,95.41323390320696,218.5078157717804,7.284533308333991,56.98170410850406,4
2022-03-07,139.81774237254186,143.26467761253645,7.308156202701499,26.614593797572724,3.2857368654481856,16.289502371988128,212.2514521988659,0.9691751625305115,56.09673487046482,4
2022-03-08,84.76997753838134,14.416867199734671,62.234326461724606,5.163250443752421,15.663228618473944,117.29258210448148,181.60027803143973,5.498521615327935,49.92337206109141,3
2022-03-09,104.49762358153384,14.25134555305172,98.11778367622944,8.626193847318103,2.4499572393197844,115.72238808431838,225.9964566158848,6.851698639837347,57.277548663628544,4
2022-03-10,138.37490717659435,2.42169504697749,19.01076497837276,28.398714865804024,12.698133183063256,19.64747494550052,154.0531302460323,40.44045576148758,36.75861503271872,3
2022-03-11,106.0857951470098,191.30027965989603,79.25951162883833,14.81788067566442,2.476920534116349,35.930774976372795,274.6477838737962,0.5516673992083323,71.64519377031628,4
2022-03-12,22.8808564371392,147.50167189180138,90.78987937796194,46.9157864325658,1.4107127518591311,12.018599700812032,191.939952865938,0.15407810663445082,53.58625109868992,3
2022-03-13,86.44325402502197,70.65028170041283,94.37015928202209,40.93701147420254,18.18859007371753,32.606111867781564,222.9090444458659,1.2064607699166088,57.19923473719309,4
2022-03-14,91.00725695742838,59.30711625753104,96.01356044054472,49.17836032568315,3.8025753263741136,97.9146947298248,266.77307286350884,1.509063317980547,66.20392733956437,4
2022-03-15,63.6196006953579,69.9406459491699,52.14596387214719,12.9835419475207,16.425003091194085,45.39787285983114,152.5435604379079,0.8968004145457367,43.41877140253683,3
2022-03-16,110.46663534370842,154.93070623623638,97.73079079915036,48.48618163989885,10.892617422142717,10.607636057611003,273.8514764437323,0.7084341372529315,72.1857612497913,4
2022-03-17,140.1550522153522,132.2741222140829,75.73102071344388,21.56169348957789,1.557130392175392,41.06706297346855,249.71376362318597,1.0516299029920921,68.72434699968346,4
2022-03-18,138.83527693601644,37.03911357349359,16.16714362369619,17.375939765687733,19.10896382876135,117.76600010895362,225.1594299263883,3.6498031603123273,57.71540630610148,4
2022-03-19,67.62590571061982,34.82186706681687,47.690010646797,2.517476348467662,4.93922333983785,75.56203143110434,157.96715427855537,1.8878386652622083,38.859419090607254,3
2022-03-20,16.985706876113287,19.679129942679463,71.8331175372004,2.638262892980131,17.19290690705213,49.93931356873893,127.4428399419476,0.8213936912817906,29.711406287460722,2
2022-03-21,147.72617984435018,132.06054394026762,24.734031581908333,34.600562797332735,3.3762001156912835,19.9846216196724,245.5572919148006,1.1102177660619374,60.41368998320376,4
2022-03-22,125.83471296689012,152.87453244434718,64.06151835488873,22.896449721701394,17.078857642837058,118.34121567404335,296.41722274733974,0.8177747868212148,83.51454780078465,4
2022-03-23,18.699402180490026,53.0092856650008,66.66004790466192,11.326081301805283,0.2645762581058797,98.50188111157546,130.90830819326595,0.3462256897170489,41.41021240360656,2
2022-03-24,138.12628239260584,4.188992206182562,16.26997438085659,30.69851531626163,10.235609131389614,33.77727629411033,148.4148742844867,26.619096137402483,38.88277495356776,2
2022-03-25,130.48445430931923,16.43433349528547,56.50853124527563,12.642905912505558,15.388851588431136,8.408243486542734,197.31844479031744,7.484338552122132,39.9778866728933,3
2022-03-26,77.82570856891081,193.57200696900608,77.16269109786077,28.88158771722113,18.695910349855662,6.795066885306964,254.62353358894447,0.39998409730803614,67.15549526469356,4
2022-03-27,88.69131536173938,59.08895549548405,49.88956645359419,17.960437349134516,18.18404272412974,14.44537794066406,163.42070954341773,1.476000283752726,41.37661588745765,3
2022-03-28,59.85040558051954,153.84462956762673,1.2103116776107423,41.17761133059095,16.392497390952897,69.6922300337306,206.2671327761306,0.38651909173498666,57.02794759683857,4
2022-03-29,8.2142458233047,124.93271377085276,0.9038469079292176,41.034808038338966,17.763826993226083,111.45161054465908,145.1317745467911,0.0652272596797314,50.7168420130518,2
2022-03-30,50.27958624688514,76.38792793057918,35.702934397001215,23.867519906120062,3.98439371674153,59.609211360718135,149.22605821595195,0.6497083923992438,41.638595593007544,2
2022-03-31,120.42801728970171,41.13745243911102,92.6194068431782,17.54095546675078,5.683685914234575,101.15345789474364,236.11970725939236,2.85798049760415,63.09382930795332,4
2022-04-01,0.6948034506904288,24.27728363188129,22.86767796036088,18.12798982795473,5.77937049842117,53.50639438317694,72.56941564617128,0.027487267255809848,20.87558662541424,1
2022-04-02,50.02487575367163,123.00259360777332,63.43636888716871,40.285726283410895,7.541078620033977,85.03002549213903,210.2613369609136,0.40341797940051904,61.55344477403293,4
2022-04-03,59.7253040386415,154.9267561275576,22.207587069332057,16.4089741398806,7.866413407703774,87.8247284743801,178.33470127272602,0.38303435229411525,58.15996054291594,3
2022-04-04,80.60934044068843,128.78085070822613,32.16699896595486,10.4529686853423,10.89110649309351,20.87564470840064,176.5745956478824,0.6211189093059245,47.296151666950976,3
2022-04-05,137.97834246191408,106.06042664983168,84.8042089601484,4.234417093765341,3.197595267328828,43.34592707709741,256.0213318129987,1.2887893947331939,63.27015291834763,4
2022-04-06,51.951899154894186,8.390244686327254,72.88614422699469,23.33465604422042,13.824933275719786,76.47625878456287,153.51851565594063,5.532539448150823,41.1440226954532,3
2022-04-07,52.04298028443415,193.6977555188768,9.539927731321065,24.106604945992093,3.35133078609013,8.483592982123941,173.78596048272726,0.2673013879679181,48.53703204147302,3
2022-04-08,110.62518721646224,159.7428383309149,42.87020209864336,42.04543552014536,6.20616964209095,43.38482253155479,236.0921585535281,0.6882122299515612,67.47910922330193,4
2022-04-09,67.83269113347107,58.56440734019295,2.916976364526447,11.0619348223032,10.06690261212308,64.17593595374309,126.69537972513326,1.138812491595108,35.76980803772664,2
2022-04-10,33.690723440997296,195.9940658717701,48.0890146603009,19.04956368342,15.928811230469544,119.54693916535663,225.951261383625,0.1710240523840332,72.04985300871907,4
2022-04-11,67.86592741990401,120.37631792726442,66.24340117010681,40.42028694468455,14.789384664774545,56.94402751469289,228.6613194906623,0.5591364821313258,61.10655760690454,4
2022-04-12,21.128553056969977,116.4845316414493,11.850262359815156,41.18118053744868,12.910687128210444,97.92681085371883,159.25425862013734,0.1798411481219685,50.2470042629354,3
2022-04-13,26.458047975933496,149.6146358859064,28.888493890916568,19.23055379893841,3.115465211603403,51.84807420799413,158.1779194637115,0.17566717749778313,46.52587849521541,3
2022-04-14,74.75516591092196,162.35395761802752,39.783662550215695,22.956201164334043,10.940906912311554,95.56688671436508,241.5540711899078,0.45762690418387564,67.7261301450293,4
2022-04-15,62.83881742568219,131.2957214663005,91.95310246560496,15.164294542464146,1.748930035997709,71.449776194413,226.45479638647495,0.4749875258943202,62.40844035507708,4
2022-04-16,137.226885160215,25.619149273240005,99.3255015422964,46.6277439209656,7.547263535933015,106.3914529802878,272.17588291437016,5.155194245751797,70.45633273548964,4
2022-04-17,54.35908486749496,67.65350119889968,4.491129899561585,5.932188287079016,8.270330605799183,49.31310628201319,101.20353986829684,0.7917889680528949,31.66989019014127,2
2022-04-18,87.08825254170652,185.61672806520997,76.1007923495392,46.6874711500735,0.7962287889150765,72.51653037857747,273.45736035547725,0.46666905718803003,78.13433387900363,4
2022-04-19,94.83964318792955,44.92312236877039,37.17240664023432,34.19332259176716,5.479761989399437,75.60224167425929,174.711732377958,2.065182816324014,48.70174974206003,3
2022-04-20,1.9641684882500452,74.43340476750267,39.245818622948,26.57860763433656,19.112989345329787,50.0859530160568,116.00270684119415,0.02603844403290444,35.23682364573731,2
2022-04-21,99.5306058025066,86.4153765888392,75.42649733470228,1.6329530392247935,19.07265215659379,17.317445242497783,196.95751642468235,1.1385937999289502,49.89925502739408,3
2022-04-22,26.705395030462714,87.88099793889043,91.84264321454089,23.779809591100413,7.0465410850507855,11.227128829480266,144.8960337591696,0.3004623670947511,41.41375261492092,2
2022-04-23,144.16054762041827,122.5879164989051,95.09285945025483,20.387405250136613,0.8620021789664811,2.000586071955972,237.4224916095598,1.1664615093798059,64.18188617843954,4
2022-04-24,22.299409162966946,188.6151675489415,57.71225860383208,8.060940598756128,3.581898786563631,104.82411170942576,195.8541795951804,0.11760350952521376,64.18229773508101,3
2022-04-25,62.19361855905356,48.13854236650099,35.71211593005028,32.82048017503285,7.844355868670803,28.376989468643345,138.8594458750509,1.2656789469899405,35.84768372799197,2
2022-04-26,12.80245021179658,24.30027526018361,78.75490858587793,48.55754536841429,18.9555939593846,25.380809913812165,120.38564910538828,0.5060201946476242,34.79193054991153,2
2022-04-27,149.5311377768921,39.494097971987465,25.100138326230027,28.109440553226257,2.8239812707436984,88.32424805112787,211.8358250966409,3.692664987384903,55.5638406583679,4
2022-04-28,75.32925154968639,177.3849800418539,56.40740288335178,35.73766382219729,15.270316873364244,38.40193357048701,257.99041442967297,0.4222847211240101,66.42192479015678,4
2022-04-29,89.30775259800657,129.1621625310412,35.85784615248732,3.422522628300839,2.1736507874938416,60.72536308942039,199.6582857246825,0.6861268348757527,53.44154963112502,3
2022-04-30,10.061471608264124,57.181357847832025,65.66310737078761,20.88334979084973,19.62515154782554,19.50132783569476,137.03262386311468,0.1729329115105731,32.15262766687563,2
2022-05-01,112.49407055987668,163.18938779372343,24.03989128935069,5.817924258224794,7.6323299821827,115.16948657543632,248.7567991857096,0.6851482429620038,71.39051507646577,4
2022-05-02,31.485838964337866,172.2739992726872,19.159294573482576,30.63979177682552,15.50469077798112,102.18976800206848,209.62627920622188,0.18171127287705482,61.87556389456379,4
2022-05-03,134.70814341610705,169.3028677380556,91.8239086675437,46.92410791070773,6.851821656222636,103.6547547558004,325.2380435038613,0.7909916327615979,92.21093402407286,5
2022-05-04,30.77094607230108,183.7853067279109,10.18036829495369,33.08888662358193,12.553377543176174,48.81284982864062,167.86877705250797,0.16652268850363783,53.198622515094065,3
2022-05-05,28.603158099549987,50.44820403467232,50.59579077349317,3.840152415721077,3.840321694800735,91.48334564486072,98.48599920974422,0.5559602834779919,38.13516211051633,1
2022-05-06,5.482450177214232,151.00838574925567,22.08527829630089,17.733310249254142,2.920420385939251,17.265138646773618,127.3857225198401,0.036066761384189475,36.08249725078963,2
2022-05-07,70.8100417664999,92.107899454828,3.892996332566745,27.533168972042574,18.761282791362625,1.0342803110136334,154.64908839146685,0.7605159409793572,35.68994493805225,3
2022-05-08,84.72616998939246,168.3997105780123,3.601881829142639,20.16038780666261,18.35294555808867,2.396751909363375,178.54292055746996,0.5001553408816137,49.60630794511034,3
2022-05-09,9.856295914252854,145.69813543232263,17.522177210582733,41.68220052375862,17.749378804257645,70.39220848854725,159.6007560645051,0.06718760184106044,50.48339939562029,3
2022-05-10,116.3291425042516,155.28948929994493,86.67703545060003,40.73355023549946,12.50866900333187,54.647388629752896,281.4002500280837,0.7443183993070518,77.69754585389681,4
2022-05-11,67.99332521220414,131.2323675362143,28.247874397702667,30.591551005161072,16.165364224325565,62.16184186902237,201.37938668363583,0.5141957788329162,56.06538737410502,4
2022-05-12,78.65854039913701,35.48575389394137,95.04591705752958,18.672897256635263,1.3807387382274985,0.8955768500663286,171.25581061799585,2.155869949344767,38.356570699256174,3
2022-05-13,66.11441204073422,109.00538377938769,58.16222929891936,12.766818688162209,6.695780837813583,50.72239435889109,164.65531400320037,0.6010106939249863,50.57783650065136,3
2022-05-14,60.1144591312989,196.93394790490163,43.66141897687661,5.2937159106564655,6.2740624951431245,86.1681793441033,224.50607737739008,0.30370969592432523,66.40763062716334,4
2022-05-15,83.94604969623268,187.47761329942375,58.00888346694546,17.7448841743277,12.712906439052263,53.12324423609231,242.072991110549,0.44539002922788673,68.8355968853457,4
2022-05-16,23.28603688960688,8.634747159402334,51.669838522626776,20.65862586038597,7.11915546941281,87.86630475746666,114.19797131858208,2.4168809522814056,33.20578477648357,2
2022-05-17,27.28921957429067,32.96296314588743,75.87762537573252,33.79114625520368,2.970135632873616,27.96227572762017,130.14985512588845,0.8034993724508139,33.47556095193468,2
2022-05-18,129.26784315202758,26.345754690912383,28.249606597285226,32.90799121487867,11.929341508270872,97.57704053780704,203.99187039894352,4.727163123239244,54.3795962835303,4
2022-05-19,141.9173193200449,145.1959819970591,35.30503916003024,3.505406982062848,16.28767841338163,70.61174885441427,254.8163596355757,0.9707333770835078,68.80386245449883,4
2022-05-20,55.99639744196294,163.55706597138902,89.40943025332507,19.762965771557887,7.642469889199464,25.29157193158875,215.87613157689577,0.34028558489064725,60.276650209837186,4
2022-05-21,40.61170097153307,42.70227326213438,94.64565131504057,9.088943360868097,2.645374301969634,28.406457102459957,148.99240107598237,0.9292812007269396,36.35006671900095,2
2022-05-22,96.59993148585237,101.1705385903658,89.25582274864745,7.840635265840285,3.933763946256461,75.36365574834444,232.92212101966572,0.9454773638137726,62.36072463088447,4
2022-05-23,61.31012566471446,168.14060560224,41.94479939573136,41.36510748686229,4.74966610338768,99.5927511854932,233.61646274664068,0.36248023025821846,69.51717590640483,4
2022-05-24,3.807953349051729,146.56030895325011,78.03655030068816,2.0957608358128765,5.997951859890724,49.87533384349862,144.84833186821416,0.025806081432495243,47.72897652369871,2
2022-05-25,23.422889604928557,108.44744109836964,47.63357333010988,20.959143795106066,12.855901410126185,30.996051495311065,139.0639542763747,0.2140103904656522,40.71916678899189,2
2022-05-26,107.39583432710964,118.06953809175458,49.75398521461022,8.41018278832591,12.01890969075438,104.04139282927206,246.2456032875672,0.9019589396941372,66.6149738236378,4
2022-05-27,98.8385912865227,101.672109383256,20.468010905728395,43.9665107839237,13.921597231340783,80.31219501010018,215.6457230686963,0.962662517408467,59.863169100145306,4
2022-05-28,4.064398875522524,59.509690263764114,59.113030325851646,27.85202566375176,7.250039690630263,53.77025847396918,125.72515466569358,0.06716938820551965,35.259907215581585,2
2022-05-29,33.295824289942416,113.00439857180322,18.613589775334795,11.5690318188424,16.479953037599564,58.54802343351622,159.02607576241778,0.2920573653916674,41.91847015450643,3
2022-05-30,34.66121948821071,137.77706041001812,33.15646990671938,25.12136435831882,4.081753223115205,24.51077615236757,158.76380239911134,0.24976187985106338,43.2181072564583,3
2022-05-31,100.78391153980928,174.66458317216154,85.50302016199352,36.574317985155794,9.380814950363078,75.21631560778127,289.21696879785384,0.5737292612992749,80.35382723621075,4
2022-06-01,2.9565806631546234,127.2582707958496,20.707580921085523,47.90590044597169,16.018774430828607,43.04910126514664,135.7598926326385,0.023051773930904247,42.982701420339446,2
2022-06-02,15.616287297686076,152.2243074086316,7.115828517343282,11.022300212270949,3.603172954652385,119.47742120092192,125.69797181096445,0.10191781944909847,51.50988626525103,2
2022-06-03,119.9874128059784,32.0143269909146,6.90075926128163,44.309088606467256,2.197262274815659,57.622021831426544,166.7555739421937,3.634404325097962,43.83847862848068,3
2022-06-04,26.78169930815004,92.31149488395798,94.0784520503108,46.71520570837451,17.673679353759795,58.30627274275359,197.43384230605804,0.28701393479394705,55.977800674551126,3
2022-06-05,97.9119161777812,1.8663239654186592,50.69204379618346,45.82102722660331,6.8585932551839175,67.90221448928062,179.47702358755626,34.1594032492695,45.17535315174186,3
2022-06-06,35.72741715700898,49.33577290432461,40.94120718170184,31.770717843095493,13.67740249818064,110.0107203742496,155.74599403913362,0.7097818329901805,46.91053965976019,3
2022-06-07,14.916208913901771,145.29234302260096,81.08785810079185,31.491032721735383,0.5069720852787696,96.09817198317003,195.9269520216684,0.1019616516197115,61.56543113791313,3
2022-06-08,36.475828649918114,198.36199026987268,83.5825927910516,20.16053165919114,13.800937768188993,54.13560837574097,215.24689004071587,0.18296280349399327,67.75291491899391,4
2022-06-09,108.34003977834888,19.835619917443186,33.21910331156046,37.6198941151894,6.322026230939411,86.24391191673551,173.20286065164566,5.1997512052736505,48.596765878369474,3
2022-06-10,128.35447021594285,80.29886317225765,69.36180574737952,26.564700917546595,1.1148170717488348,70.3482598536914,241.2342420466329,1.5787978479352514,62.67381949642782,4
2022-06-11,124.53297968504874,160.0141937398319,77.11228158518865,33.871903561414726,12.19625523096234,59.08404584414987,305.7045442212888,0.7734285828631368,77.8019432744327,5
2022-06-12,59.577529442768224,40.80712692577977,65.46506868659546,21.42289519243977,4.8160763214634645,23.077892734122063,139.33524415869485,1.4250567743757248,35.86109821719479,2
2022-06-13,100.21277048559692,111.01698986045724,15.159507480009935,36.57482320215696,7.7361448410376,55.67235161458691,200.74484221451715,0.8946211696139561,54.39543124730759,4
2022-06-14,30.747644312373147,146.61425920593496,87.5883083517057,41.22357588022745,1.6116162457302718,29.49823044270896,206.7257347949653,0.2082972503996207,56.213939073113416,4
2022-06-15,43.97215953915199,123.1970900520358,53.90945527360087,7.321812830140805,2.9432650218989065,109.78105798219856,177.3584013975305,0.3540514477491271,56.85414011650449,3
2022-06-16,134.45037277816795,37.604946923083226,28.24724263700037,41.6464857787114,5.959544709916875,40.24881761956164,196.25499071680736,3.482723938101711,48.02623507440691,3
2022-06-17,1.9502885266104053,71.07691373714789,42.52281854376939,27.01482658951536,1.7951900112031427,114.27168174400468,122.99299926857316,0.02705843557234945,43.10528652537514,2
2022-06-18,12.826279628170212,156.75835689707944,3.757109039890738,42.233295454511214,18.216525293726303,63.96663481136535,167.23992682551605,0.08130332922101868,49.62636685412388,3
2022-06-19,31.1829382719041,110.84530282640333,12.786680122241757,21.56508531705073,0.1209408636795683,75.78532544113924,134.19573673980923,0.2788041829553055,42.04771214040312,2
2022-06-20,3.9798305810729575,1.045922708582547,76.55467505158609,18.952024269151757,9.677204377286229,65.15285333871932,106.42145633161068,1.945249722473757,29.227085054399822,2
2022-06-21,27.2153152634696,152.19815200561877,0.0011634755366141,45.75303662586112,2.464949162651029,15.525674036004109,125.92670250857904,0.17764780388781345,40.52638176152354,2
2022-06-22,87.45623414545382,7.062270988047814,41.65658284822922,12.558463377420065,6.15358178955897,45.09854628095292,140.83877454969155,10.847592976607492,33.33094657161047,2
2022-06-23,63.21368258887469,149.14675654624642,52.251018108558846,42.21061626430716,18.521191196365308,11.897533473314873,229.32162145716336,0.421012641517863,56.20679969627789,4
2022-06-24,133.90075666154624,40.49611203304748,5.4634420000972295,24.201028625470205,3.233891065479737,74.7544853020058,168.44686704656294,3.2268265652191164,47.00828594794111,3
2022-06-25,122.61653426076612,191.61469602387604,97.30781629723327,25.704772127562983,19.316646394366654,53.62490342405267,312.8762631532278,0.6365897140349399,85.03089475464296,5
2022-06-26,51.272602754681394,73.5881502604169,22.612533124967197,15.4234140744742,4.115887539788434,93.3581965885124,146.25863112901058,0.6874094956862229,43.39513072380675,2
2022-06-27,38.91351501469387,65.38632326761582,30.419871963628086,28.652110030950784,14.831322169336593,26.45645771992438,134.103985199004,0.5861676486861026,34.10993336102492,2
2022-06-28,56.95386122509004,29.777610066488936,30.39425122550273,16.260559813810566,10.933545297946235,19.74792701152019,103.62810447931976,1.8504965493439058,27.34462577339312,2
2022-06-29,88.54424137722116,61.120843098042975,23.04166621173499,1.963470712082616,17.689574551935184,48.759867715652135,125.7973247078376,1.4253547917479987,40.18661061111151,2
2022-06-30,40.20954612343144,175.33015236564012,0.1473822086311416,13.599930267217802,11.079865110062618,111.19024598620574,196.1357107231166,0.22803556614669332,58.59285367686481,3
2022-07-01,93.6223361773701,199.26686752544947,72.93447940879963,0.3189521703295339,10.691184383126174,85.25061780148941,277.104183854229,0.46748789419933773,77.01407291109406,4
2022-07-02,61.41174782868607,73.66190610136967,96.68454997992852,48.91773935284283,3.9091600073679977,50.27083497515024,189.187282603114,0.8225312081546158,55.80932304089089,3
2022-07-03,82.80707712779703,89.72212619090851,22.429348328504503,48.287360490987375,3.3245872410331745,62.07266037051727,177.52518966957865,0.9127550312648574,51.440526624957975,3
2022-07-04,65.4189793702975,144.4141876405474,66.30471918034225,19.75776487361525,18.329783022310284,10.1055613412518,219.0310932187737,0.44988030694782105,54.05516590472741,4
2022-07-05,44.16986393128765,177.2391560930149,74.18963269587151,36.4185427169823,6.556763977000681,118.14910756513358,265.37803249876976,0.24781234886591028,76.12051116321511,4
2022-07-06,142.2679960443235,118.60886683735684,84.84253790905247,17.290304920521248,7.441645099257919,79.96887656339027,290.9542211842643,1.1894435572053228,75.07003789565037,4
2022-07-07,114.54086912396411,78.30513963556587,42.262919701360914,33.5546578542988,15.196473168567769,34.2484882156107,206.1172004188428,1.4443057492908837,53.018091283228024,4
2022-07-08,21.01697636496788,82.52436816972475,30.293090564042924,40.27150215229896,6.776469648456147,70.29700730582933,138.49132965711345,0.2516268823759381,41.86323570088666,2
2022-07-09,130.27019638468693,139.12362929936137,32.52951340230311,47.33781223461204,19.041248932780054,13.137883928279276,246.03433803936213,0.9296804331721705,63.57338069700379,4
2022-07-10,73.11467973742705,0.6436527208557363,71.26213330985128,20.0106137924836,14.758555379976006,115.90040025691005,191.6286895201864,44.483046089785496,49.28167253291729,3
2022-07-11,134.1828340341137,123.91786749196814,81.6779466505636,39.16489914780239,11.9485848514684,20.97419854600391,260.363684837123,1.0741684654738546,68.64438845365335,4
2022-07-12,119.97828839209728,71.09860208827148,18.161396775660265,13.29642253160594,17.61790321089505,77.7636381666257,191.1263346273531,1.664086194697727,52.98604186085928,3
2022-07-13,63.78202567038502,158.83946625541685,37.09410081577652,49.51661518968242,0.992118166989655,29.454535504671654,208.89865976938896,0.3990380296219457,56.613143600487014,4
2022-07-14,3.370396248017609,18.598127964626432,90.194019674915,1.2884799382175571,5.141253843784175,86.1073659178243,114.5307429875182,0.17197541796343985,34.11660726456418,2
2022-07-15,40.30160390774192,117.6404533896781,80.66935196947392,30.17644032505605,9.3007266844182,93.21856406883371,225.07867359274596,0.3396952957973795,61.88452339086698,4
2022-07-16,81.24513219913004,96.19457797722475,98.4858402762476,32.97529908256636,4.539570789430421,80.81036746937191,231.5133010192602,0.8359018979244698,65.70846463232851,4
2022-07-17,95.02173297392208,128.4651051810455,75.42482596820807,34.402277853706444,14.878103746043038,73.7399352306231,256.02716771992965,0.7339563262320191,70.32199682559138,4
2022-07-18,38.683152814980346,12.97071889659367,39.31952010279223,6.019378939454451,18.384160621074503,107.0962912742414,118.72730435613242,2.768873463226867,37.07887044152276,2
2022-07-19,20.90341111092362,115.99675748562626,59.06378339946377,46.92648917365652,8.475402398618467,9.435205318770963,155.69722061587126,0.17866658495635426,43.4668414811766,3
2022-07-20,125.23953551989489,112.29691759190474,66.10142542473203,9.05916395250414,6.842652002237899,39.70977189362343,215.3034095701587,1.1054099103649706,59.87491106414953,4
2022-07-21,147.66032710553282,112.13201888323418,7.845581631712395,31.13767016199205,19.23101464275133,29.794497555701515,222.7181583566444,1.3052036776426308,57.96685166348738,4
2022-07-22,78.85352734540288,120.69753331929095,54.44969591038651,11.133803956154248,8.897048656550817,118.5616754478506,209.29613336768568,0.647946800519936,65.43221410593934,4
2022-07-23,25.751892877245524,135.29358744527244,70.93208284726096,15.360820851063544,9.780968008985663,46.72677356002482,181.55007149216303,0.18894427360778057,50.64102093164215,3
2022-07-24,40.84609897790534,160.99779993615394,16.732130400106037,27.322927086406217,7.032997446838108,87.91352390884785,189.94302734560915,0.25213983766448356,56.807579626042916,3
2022-07-25,2.75860148212001,53.96414402564287,78.06317174255571,20.859670928228823,18.19096946024277,82.16701966572055,128.285029050907,0.05018911021034036,42.66726288408512,2
2022-07-26,137.14482098407484,165.0098820360124,58.37727805141116,8.011280048825315,11.379109665637015,25.449748497285327,271.65161602354226,0.8261244409192707,67.56201988054102,4
2022-07-27,17.66266243352117,99.65113645269072,95.22217856975946,8.546820121042414,15.243491743632893,28.67972162538616,185.90449772824195,0.17548398414580435,44.167668491005465,3
2022-07-28,86.47747132713803,15.411655826866234,4.24222982068917,20.907239408139983,16.236134367017726,33.754147626364094,120.97595334273495,5.269271561591765,29.504813062702542,2
2022-07-29,41.1082831030809,11.71018584879584,26.5326137555467,37.86414891377504,6.836980838345164,49.335273391125504,99.50928789272476,3.2342786794872467,28.897914308444857,1
2022-07-30,83.126700377369,66.84766373921217,60.15538792998241,44.89823234238943,8.6738866264076,28.11900787806321,216.27031015294523,1.2251962086253296,48.63681314890397,4
2022-07-31,97.71305825277965,156.97939542229352,29.65599122059307,4.206383112969142,16.969435488125292,2.3581779296217364,182.96924616370345,0.6185177376554937,51.3137402377304,3
2022-08-01,124.46127055608024,141.53618694818314,71.44241640712423,19.655195377970053,7.265107033516205,105.52716681686346,281.09044635632574,0.8731906838599958,78.31455718995623,4
2022-08-02,30.96319076409048,157.72299293448128,75.9005282521931,5.012278186143831,15.878702669037024,115.87317976570608,222.2061128014695,0.19507690846575498,66.8918120952753,4
2022-08-03,1.6493742987720716,103.45381128832187,10.251596406647446,0.8296240316298942,18.819846451488743,40.98844644378816,107.505013575189,0.015790465454815574,29.332116486774698,2
2022-08-04,20.53284451032109,88.03979959109812,51.38544642067677,33.08593413219783,12.46420746136014,40.620825531056745,147.3310550565131,0.23060299556619726,41.02150960778511,2
2022-08-05,135.00279627721577,29.49050534125679,50.88905555910559,30.12247209832939,14.832545749037775,0.8510175329245184,185.14667107219185,4.427699533550961,43.531398759644965,3
2022-08-06,131.0835116343773,65.63855072186232,36.92807702155411,8.150955690744311,16.1019462408227,81.63008259964488,206.05825295068632,1.9670822701636623,56.588853984834266,4
2022-08-07,89.61196532554625,86.80387323477505,93.2924862569672,11.690641654653206,16.900792977932852,99.05278748983544,238.8242447241059,1.0205923955761793,66.22542448995166,4
2022-08-08,90.077529065048,17.720085935923446,82.75063198732212,1.185387682225919,7.901066757135919,17.59299604320038,143.6376261097122,4.811811728502332,36.204616245142624,2
2022-08-09,99.75550118193831,44.12239054224225,69.72093819096368,41.74736028472019,1.0252691835199634,19.159961924058088,184.7836493538165,2.2107760688909015,45.92190355124041,3
2022-08-10,26.30569179351744,119.64505881274776,71.43266357349975,48.73452980242757,8.03752542473479,94.80998999657253,199.62647230637967,0.21804201558180925,61.49424323391664,3
2022-08-11,137.16179188874398,147.13262284783798,46.17161438131191,6.7729768397345405,13.475124595681796,73.95488980249736,246.44885122988828,0.9259391297596664,70.77817005930126,4
2022-08-12,62.815578733810966,199.66950227858996,92.0994521096576,11.573760688264906,9.007007715615856,5.3832669153260415,244.3121586099967,0.31303002210372727,63.42476140687756,4
2022-08-13,57.470779237424615,186.62266626871155,69.45954272532853,43.4204761973467,14.979263017207971,74.70563885547381,252.34878917381977,0.3063104281607184,74.44306105024887,4
2022-08-14,77.83765579242564,128.51303990703832,72.89810616558164,46.32318989780924,7.1396485893732775,37.070126741251926,213.921599219236,0.6010024615922523,61.63029451558001,4
2022-08-15,7.044895016258257,84.2496106588144,86.16909037873452,20.981369140340515,12.69488282208059,44.24701865650151,148.10951674933,0.08263844212090661,42.5644777787883,2
2022-08-16,24.94250531341191,127.23547294164656,27.4071589342191,2.5311236134537065,3.728396097079492,92.36777019562562,145.26180636887676,0.19450550414207135,46.3687378492394,2
2022-08-17,110.70504246395556,157.13032361604638,80.7070903866703,1.96959168464097,14.987388732899138,97.31222312071328,259.7547859127456,0.7000873705460607,77.13527666748762,4
2022-08-18,12.41980018876897,23.667238184677466,19.524060295649203,28.69749330345052,10.913919376260516,48.04279522077968,85.01091963058263,0.5034937472847597,23.87755109493106,1
2022-08-19,90.47281641995824,81.98097793925766,34.53419522448878,19.64475544465895,4.081287770932011,113.65835232076256,187.9944562647741,1.0902838055992137,57.3953975200097,3
2022-08-20,36.80236645219814,167.96045712712345,33.56104542698427,1.4326213788827258,5.838223469956145,48.775526154248666,179.64932602810674,0.2178164469838559,49.06170666823223,3
2022-08-21,58.39434210629648,76.7665903866088,97.85254683891404,29.16261961562784,14.972174171636649,92.6203242276132,226.8558150012437,0.75089240528606,61.62809955778283,4
2022-08-22,43.30406051560498,114.3744542454373,85.65372237479268,0.5651268294511236,9.652024713230414,58.06527174771109,180.04108833512686,0.3753349109975748,51.9357767377046,3
2022-08-23,53.35090746974237,117.55387217243964,70.11698615902597,39.368597907463645,4.3206288078614445,107.70387918265008,213.6791510147719,0.4500140441818898,65.40247861653053,4
2022-08-24,107.85688577763682,36.89525062672787,72.70567616153902,15.321641135168578,19.345423807405957,108.93134923802144,224.7538359758896,2.8461847855299407,60.17603779108328,4
2022-08-25,44.568257343476255,72.44708833045767,56.20727944025711,2.012900150461605,14.30250039633776,10.490016944530062,135.6271502888157,0.6068076809655408,33.33800710092007,2
2022-08-26,84.96069604453457,66.90225774838643,94.70906671085191,29.417611049157667,19.142696650795923,112.37919975722708,247.291764639667,1.251220487533104,67.91858799349227,4
2022-08-27,71.40756032986495,5.239341706412959,49.62587528823615,19.88422072165273,8.542100907206864,99.06418098244988,151.55633938995294,11.44472665385042,42.293879989303925,3
2022-08-28,99.55067480439722,4.838352778271049,38.05177098698945,48.69002066785748,9.50200681383441,94.95728571752002,185.0283916518984,17.05115784967654,49.26501862814494,3
2022-08-29,140.5244608987137,166.3394087351547,16.3035336931591,27.20993312518511,17.959104323700384,24.109360762262693,243.0960554307366,0.8397571257175853,65.40763358969595,4
2022-08-30,109.88581458153756,54.61416199456248,78.6205652261058,13.761959051850416,10.500986804907694,96.6143050505598,223.17185462810608,1.9758602960210268,60.66629878492063,4
2022-08-31,32.24105678861351,103.61575324776308,73.44439320755914,35.47194323169874,14.145578238113345,102.01592816220442,182.9744305292167,0.30818548629341247,60.15577547932537,3
2022-09-01,4.677470259192701,59.74511471775461,38.43550385241349,13.574600127135566,5.043457549910599,34.698040134498115,96.81973649644472,0.07700158738568597,26.029031106817513,1
2022-09-02,39.33960664497376,188.1358490230681,2.519341395922936,45.212164570378256,8.934529374052811,114.27120940347884,211.16798554814275,0.20799656357148708,66.40211673531245,4
2022-09-03,89.26168960503823,51.85935177315475,83.89973277180107,18.73609852536882,2.468997316207102,5.98321756789971,164.19132579750195,1.6886640984192098,42.03484792657828,3
2022-09-04,7.713872022637553,85.93136254778702,1.1417983454073632,27.49342813881026,4.1196007175392335,17.98911038965676,96.32272923227524,0.08873520207850374,24.06486202697303,1
2022-09-05,74.45493708018545,174.54605009692037,70.3699779629051,2.5286551912114428,0.0188683053526217,64.50973656618172,224.30419330658287,0.4241333657981953,64.40470420045943,4
2022-09-06,89.52642733753338,168.38671335836173,97.02571097260572,21.30606189761154,0.7853010329732046,69.09509653467717,254.49950719239325,0.5285327612923657,74.35421852229379,4
2022-09-07,50.13658362254412,37.22028356925546,43.766132814820345,41.61817698304975,19.545676463538587,77.41800999610841,171.4522948731998,1.3117794778182699,44.95081057488611,3
2022-09-08,115.63683056187328,160.52866195914208,23.497340499595275,40.28244026816709,4.847073902735247,2.036295517855975,222.54876482438337,0.7158904751599012,57.80477378489483,4
2022-09-09,15.98973797006577,91.63737734757854,70.48710100433817,11.215927942676313,13.26621419008004,115.24401295465564,176.66400432626088,0.17260568496096063,52.97339523489908,3
2022-09-10,11.270667260371315,96.59377441707105,81.71281420155852,11.303953550528137,16.78199397599223,5.350571128097279,134.28123007135645,0.11548551460061018,37.16896242226975,2
2022-09-11,109.2283134305405,26.695994483188755,54.64303160778473,40.86526561066184,11.013209184731284,17.167434326808287,184.78374871263503,3.9438307043583936,43.26887477395257,3
2022-09-12,74.32369743092977,16.12030275142493,96.70352752561462,46.51992100846628,3.062890001679124,1.6817421031268376,163.93524613401723,4.341260695564731,39.73534680354026,3
2022-09-13,103.2603594641604,145.58786139475305,5.166872165796111,4.768046063650178,14.562328746723328,68.02301199529137,207.75457160957825,0.7044263998509804,56.89474663839574,4
2022-09-14,65.22410079056193,99.29223047105997,50.479559830452814,22.502931971311263,12.00502820199166,111.87202607051668,187.16673820197605,0.6503405147558545,60.229312889315715,3
2022-09-15,36.96030498586602,87.37014052303591,71.845394732255,16.872713948211448,14.625011786947502,79.91365992965571,174.45795888203926,0.41824427082620036,51.264537650995265,3
2022-09-16,122.86534765112997,145.90164573047934,86.2640471149179,43.53442277287197,15.394932457141744,98.71889621765128,328.3131363068794,0.8363782927017114,85.44654865736537,5
2022-09-17,119.91238184534689,153.10257979822194,17.925561190779003,4.176245734000938,19.508207353694903,1.5937444150296098,198.0590454796686,0.7781335134191598,52.703120056178875,3
2022-09-18,104.20447062816402,31.78163353387071,80.00034817636814,10.556297127901871,11.4712656005342,65.04183581756713,191.8909056622412,3.1787455167692498,50.50930848073435,3
2022-09-19,40.8217705844944,122.04502989552826,55.27070757185453,37.62341687932472,6.8328222538120365,55.14755730066263,178.6724264074488,0.33176285640431186,52.956884080946104,3
2022-09-20,88.53460003036307,27.070816455537106,39.65536819899632,2.564692449060779,12.969291138004742,59.87615330649517,137.13542344870882,3.153973101231232,38.44515359640953,2
2022-09-21,54.14608454100402,150.27501720580915,13.171502857909356,24.626769035714464,1.3688141848525226,8.665582240222554,125.06584755784678,0.35793143865479427,42.04229501091868,2
2022-09-22,13.737310998995122,131.3910312534279,86.52957589089124,22.105351733986,17.947946366431726,82.13224332831689,197.21946366580477,0.10376315426306064,58.97390992867482,3
2022-09-23,137.5970363193364,191.3229242166916,15.727320817971536,16.720058949437433,2.387620226763936,60.38644978303613,254.442283464176,0.7154479211448805,70.69023505220618,4
2022-09-24,20.52279463784421,13.791603271284236,30.978785920909925,19.728615765946188,6.556856757716365,91.81786198335168,98.93962214002104,1.3874624854011772,30.56608638950877,1
2022-09-25,142.53560307312037,11.410944230250864,29.004553196243688,26.49702934651165,16.31490761252242,58.23487608740584,192.46394108565292,11.484670338433974,47.332985591009134,3
2022-09-26,66.90086594369336,56.43741493864003,87.14140341908544,8.068367919419156,11.946247566614236,17.92579634717185,165.9317534266114,1.1647610884849722,41.40334935577068,3
